[WebServer] (node:89809) Warning: The 'NO_COLOR' env is ignored due to the 'FORCE_COLOR' env being set.
[WebServer] (Use `node --trace-warnings ...` to show where the warning was created)


Running 23 tests using 1 worker

(node:89810) Warning: The 'NO_COLOR' env is ignored due to the 'FORCE_COLOR' env being set.
(Use `node --trace-warnings ...` to show where the warning was created)


[1/23] [chromium] › tests/e2e/core-flows/persona-followup.spec.js:54:5 › T04 home exact example starts supported and agrees with independent opening-hand oracle
[2/23] [chromium] › tests/e2e/core-flows/persona-followup.spec.js:73:5 › T07 JSON and CSV retain deck identity, totals, engine and score definitions
[3/23] [chromium] › tests/e2e/core-flows/persona-followup.spec.js:110:5 › T07 real clipboard share opens in a separate clean browser context
[4/23] [chromium] › tests/e2e/core-flows/persona-followup.spec.js:145:7 › T08 exact example keyboard and viewport 360 in light and dark themes
[5/23] [chromium] › tests/e2e/core-flows/persona-followup.spec.js:145:7 › T08 exact example keyboard and viewport 390 in light and dark themes
[6/23] [chromium] › tests/e2e/core-flows/persona-followup.spec.js:145:7 › T08 exact example keyboard and viewport 768 in light and dark themes
[7/23] [chromium] › tests/e2e/core-flows/persona-followup.spec.js:145:7 › T08 exact example keyboard and viewport 1440 in light and dark themes
[8/23] [chromium] › tests/e2e/core-flows/persona-followup.spec.js:208:5 › T03 real midrange persists explicit unsupported reasons across reload
[9/23] [chromium] › tests/e2e/core-flows/persona-followup.spec.js:229:5 › T03 compatible 24 and 20 Plains builds compare actual saved probabilities
[10/23] [chromium] › tests/e2e/core-flows/persona-followup.spec.js:277:5 › T05 multiplayer control exposes the free redraw contract and toggles without simulation
[11/23] [chromium] › tests/e2e/core-flows/persona-followup.spec.js:295:5 › T04/T07 public Atraxa example keeps 99 plus commander, four colors, EDH horizon and CSV zones
[12/23] [chromium] › tests/e2e/core-flows/persona-followup.spec.js:342:5 › T05 real 3k worker distinguishes free and paid mulligan results and guidance
[13/23] [chromium] › tests/e2e/core-flows/persona-followup.spec.js:395:5 › R03 identical saved builds show equality without an unavailable result
[14/23] [chromium] › tests/e2e/core-flows/persona-followup.spec.js:411:5 › R03 unsupported midrange groups shared reasons and keeps spell details accessible
[15/23] [chromium] › tests/e2e/core-flows/persona-followup.spec.js:444:5 › R03/R05 synthetic snapshot boundary keeps zero distinct from unavailable
[16/23] [chromium] › tests/e2e/core-flows/persona-followup.spec.js:475:9 › R01–R07 /mathematics keyboard, contrast, themes and viewport 390
  1) [chromium] › tests/e2e/core-flows/persona-followup.spec.js:475:9 › R01–R07 /mathematics keyboard, contrast, themes and viewport 390

    Error: [
      {
        "id": "color-contrast",
        "impact": "serious",
        "tags": [
          "cat.color",
          "wcag2aa",
          "wcag143",
          "TTv5",
          "TT13.c",
          "EN-301-549",
          "EN-9.1.4.3",
          "ACT",
          "RGAAv4",
          "RGAA-3.2.1"
        ],
        "description": "Ensure the contrast between foreground and background colors meets WCAG 2 AA minimum contrast ratio thresholds",
        "help": "Elements must meet minimum color contrast ratio thresholds",
        "helpUrl": "https://dequeuniversity.com/rules/axe/4.11/color-contrast?application=playwright",
        "nodes": [
          {
            "any": [
              {
                "id": "color-contrast",
                "data": {
                  "fgColor": "#e65100",
                  "bgColor": "#fff3e0",
                  "contrastRatio": 3.45,
                  "fontSize": "9.8pt (13px)",
                  "fontWeight": "normal",
                  "messageKey": null,
                  "expectedContrastRatio": "4.5:1"
                },
                "relatedNodes": [
                  {
                    "html": "<div class=\"MuiChip-root MuiChip-filled MuiChip-sizeMedium MuiChip-colorDefault MuiChip-filledDefault css-jb6lab\">",
                    "target": [
                      ".css-jb6lab"
                    ]
                  }
                ],
                "impact": "serious",
                "message": "Element has insufficient color contrast of 3.45 (foreground color: #e65100, background color: #fff3e0, font size: 9.8pt (13px), font weight: normal). Expected contrast ratio of 4.5:1"
              }
            ],
            "all": [],
            "none": [],
            "impact": "serious",
            "html": "<span class=\"MuiChip-label MuiChip-labelMedium css-14vsv3w\">Pro-Level Research</span>",
            "target": [
              ".css-jb6lab > .MuiChip-labelMedium.css-14vsv3w.MuiChip-label"
            ],
            "failureSummary": "Fix any of the following:\n  Element has insufficient color contrast of 3.45 (foreground color: #e65100, background color: #fff3e0, font size: 9.8pt (13px), font weight: normal). Expected contrast ratio of 4.5:1"
          },
          {
            "any": [
              {
                "id": "color-contrast",
                "data": {
                  "fgColor": "#1976d2",
                  "bgColor": "#e3f2fd",
                  "contrastRatio": 4.02,
                  "fontSize": "9.8pt (13px)",
                  "fontWeight": "bold",
                  "messageKey": null,
                  "expectedContrastRatio": "4.5:1"
                },
                "relatedNodes": [
                  {
                    "html": "<div class=\"MuiChip-root MuiChip-filled MuiChip-sizeSmall MuiChip-colorDefault MuiChip-filledDefault css-8dk9rg\"><span class=\"MuiChip-label MuiChip-labelSmall css-tavflp\">Castability Tab</span></div>",
                    "target": [
                      ".css-8dk9rg"
                    ]
                  }
                ],
                "impact": "serious",
                "message": "Element has insufficient color contrast of 4.02 (foreground color: #1976d2, background color: #e3f2fd, font size: 9.8pt (13px), font weight: bold). Expected contrast ratio of 4.5:1"
              }
            ],
            "all": [],
            "none": [],
            "impact": "serious",
            "html": "<span class=\"MuiChip-label MuiChip-labelSmall css-tavflp\">Castability Tab</span>",
            "target": [
              ".css-8dk9rg > .css-tavflp.MuiChip-labelSmall.MuiChip-label"
            ],
            "failureSummary": "Fix any of the following:\n  Element has insufficient color contrast of 4.02 (foreground color: #1976d2, background color: #e3f2fd, font size: 9.8pt (13px), font weight: bold). Expected contrast ratio of 4.5:1"
          },
          {
            "any": [
              {
                "id": "color-contrast",
                "data": {
                  "fgColor": "#1976d2",
                  "bgColor": "#e3f2fd",
                  "contrastRatio": 4.02,
                  "fontSize": "9.0pt (12px)",
                  "fontWeight": "normal",
                  "messageKey": null,
                  "expectedContrastRatio": "4.5:1"
                },
                "relatedNodes": [
                  {
                    "html": "<div class=\"MuiPaper-root MuiPaper-elevation MuiPaper-rounded MuiPaper-elevation0 css-tbfwuu\"><span class=\"MuiTypography-root MuiTypography-caption css-87y35d\">Compare the same spell, target turn and settings before interpreting a change.</span></div>",
                    "target": [
                      ".css-tbfwuu"
                    ]
                  }
                ],
                "impact": "serious",
                "message": "Element has insufficient color contrast of 4.02 (foreground color: #1976d2, background color: #e3f2fd, font size: 9.0pt (12px), font weight: normal). Expected contrast ratio of 4.5:1"
              }
            ],
            "all": [],
            "none": [],
            "impact": "serious",
            "html": "<span class=\"MuiTypography-root MuiTypography-caption css-87y35d\">Compare the same spell, target turn and settings before interpreting a change.</span>",
            "target": [
              ".css-87y35d"
            ],
            "failureSummary": "Fix any of the following:\n  Element has insufficient color contrast of 4.02 (foreground color: #1976d2, background color: #e3f2fd, font size: 9.0pt (12px), font weight: normal). Expected contrast ratio of 4.5:1"
          },
          {
            "any": [
              {
                "id": "color-contrast",
                "data": {
                  "fgColor": "#4caf50",
                  "bgColor": "#e8f5e9",
                  "contrastRatio": 2.47,
                  "fontSize": "9.8pt (13px)",
                  "fontWeight": "bold",
                  "messageKey": null,
                  "expectedContrastRatio": "4.5:1"
                },
                "relatedNodes": [
                  {
                    "html": "<div class=\"MuiChip-root MuiChip-filled MuiChip-sizeSmall MuiChip-colorDefault MuiChip-filledDefault css-4j0m4q\"><span class=\"MuiChip-label MuiChip-labelSmall css-tavflp\">Recommendations</span></div>",
                    "target": [
                      ".css-4j0m4q"
                    ]
                  }
                ],
                "impact": "serious",
                "message": "Element has insufficient color contrast of 2.47 (foreground color: #4caf50, background color: #e8f5e9, font size: 9.8pt (13px), font weight: bold). Expected contrast ratio of 4.5:1"
              }
            ],
            "all": [],
            "none": [],
            "impact": "serious",
            "html": "<span class=\"MuiChip-label MuiChip-labelSmall css-tavflp\">Recommendations</span>",
            "target": [
              ".css-4j0m4q > .css-tavflp.MuiChip-labelSmall.MuiChip-label"
            ],
            "failureSummary": "Fix any of the following:\n  Element has insufficient color contrast of 2.47 (foreground color: #4caf50, background color: #e8f5e9, font size: 9.8pt (13px), font weight: bold). Expected contrast ratio of 4.5:1"
          },
          {
            "any": [
              {
                "id": "color-contrast",
                "data": {
                  "fgColor": "#4caf50",
                  "bgColor": "#e8f5e9",
                  "contrastRatio": 2.47,
                  "fontSize": "9.0pt (12px)",
                  "fontWeight": "normal",
                  "messageKey": null,
                  "expectedContrastRatio": "4.5:1"
                },
                "relatedNodes": [
                  {
                    "html": "<div class=\"MuiPaper-root MuiPaper-elevation MuiPaper-rounded MuiPaper-elevation0 css-448iwc\"><span class=\"MuiTypography-root MuiTypography-caption css-6k2nd3\">For a two-mana spell, the published conditional target is 91%.</span></div>",
                    "target": [
                      ".css-448iwc"
                    ]
                  }
                ],
                "impact": "serious",
                "message": "Element has insufficient color contrast of 2.47 (foreground color: #4caf50, background color: #e8f5e9, font size: 9.0pt (12px), font weight: normal). Expected contrast ratio of 4.5:1"
              }
            ],
            "all": [],
            "none": [],
            "impact": "serious",
            "html": "<span class=\"MuiTypography-root MuiTypography-caption css-6k2nd3\">For a two-mana spell, the published conditional target is 91%.</span>",
            "target": [
              ".css-6k2nd3"
            ],
            "failureSummary": "Fix any of the following:\n  Element has insufficient color contrast of 2.47 (foreground color: #4caf50, background color: #e8f5e9, font size: 9.0pt (12px), font weight: normal). Expected contrast ratio of 4.5:1"
          },
          {
            "any": [
              {
                "id": "color-contrast",
                "data": {
                  "fgColor": "#f57f17",
                  "bgColor": "#fff8e1",
                  "contrastRatio": 2.49,
                  "fontSize": "15.0pt (20px)",
                  "fontWeight": "bold",
                  "messageKey": null,
                  "expectedContrastRatio": "3:1"
                },
                "relatedNodes": [
                  {
                    "html": "<div class=\"MuiPaper-root MuiPaper-elevation MuiPaper-rounded MuiPaper-elevation0 css-19anwnb\">",
                    "target": [
                      ".css-19anwnb"
                    ]
                  }
                ],
                "impact": "serious",
                "message": "Element has insufficient color contrast of 2.49 (foreground color: #f57f17, background color: #fff8e1, font size: 15.0pt (20px), font weight: bold). Expected contrast ratio of 3:1"
              }
            ],
            "all": [],
            "none": [],
            "impact": "serious",
            "html": "<h5 class=\"MuiTypography-root MuiTypography-h5 MuiTypography-gutterBottom css-1nkeey1\">Why do castability estimates differ from Karsten targets?</h5>",
            "target": [
              ".css-1nkeey1"
            ],
            "failureSummary": "Fix any of the following:\n  Element has insufficient color contrast of 2.49 (foreground color: #f57f17, background color: #fff8e1, font size: 15.0pt (20px), font weight: bold). Expected contrast ratio of 3:1"
          },
          {
            "any": [
              {
                "id": "color-contrast",
                "data": {
                  "fgColor": "#4caf50",
                  "bgColor": "#fffdf6",
                  "contrastRatio": 2.73,
                  "fontSize": "10.5pt (14px)",
                  "fontWeight": "bold",
                  "messageKey": null,
                  "expectedContrastRatio": "4.5:1"
                },
                "relatedNodes": [
                  {
                    "html": "<div class=\"MuiPaper-root MuiPaper-elevation MuiPaper-rounded MuiPaper-elevation0 css-15ksj4u\">",
                    "target": [
                      ".MuiGrid-grid-md-6.css-iol86l.MuiGrid-grid-xs-12:nth-child(2) > .css-15ksj4u.MuiPaper-rounded.MuiPaper-root"
                    ]
                  },
                  {
                    "html": "<div class=\"MuiPaper-root MuiPaper-elevation MuiPaper-rounded MuiPaper-elevation0 css-19anwnb\">",
                    "target": [
                      ".css-19anwnb"
                    ]
                  }
                ],
                "impact": "serious",
                "message": "Element has insufficient color contrast of 2.73 (foreground color: #4caf50, background color: #fffdf6, font size: 10.5pt (14px), font weight: bold). Expected contrast ratio of 4.5:1"
              }
            ],
            "all": [],
            "none": [],
            "impact": "serious",
            "html": "<h6 class=\"MuiTypography-root MuiTypography-subtitle2 MuiTypography-gutterBottom css-cj5ulz\">Karsten: conditional color consistency</h6>",
            "target": [
              ".css-cj5ulz"
            ],
            "failureSummary": "Fix any of the following:\n  Element has insufficient color contrast of 2.73 (foreground color: #4caf50, background color: #fffdf6, font size: 10.5pt (14px), font weight: bold). Expected contrast ratio of 4.5:1"
          },
          {
            "any": [
              {
                "id": "color-contrast",
                "data": {
                  "fgColor": "#f57f17",
                  "bgColor": "#fff8e1",
                  "contrastRatio": 2.49,
                  "fontSize": "10.5pt (14px)",
                  "fontWeight": "normal",
                  "messageKey": null,
                  "expectedContrastRatio": "4.5:1"
                },
                "relatedNodes": [
                  {
                    "html": "<div class=\"MuiPaper-root MuiPaper-elevation MuiPaper-rounded MuiPaper-elevation0 css-19anwnb\">",
                    "target": [
                      ".css-19anwnb"
                    ]
                  }
                ],
                "impact": "serious",
                "message": "Element has insufficient color contrast of 2.49 (foreground color: #f57f17, background color: #fff8e1, font size: 10.5pt (14px), font weight: normal). Expected contrast ratio of 4.5:1"
              }
            ],
            "all": [],
            "none": [],
            "impact": "serious",
            "html": "<p class=\"MuiTypography-root MuiTypography-body2 css-4ut7yg\">A conditional source target cannot be compared directly with unconditional castability.</p>",
            "target": [
              ".css-4ut7yg"
            ],
            "failureSummary": "Fix any of the following:\n  Element has insufficient color contrast of 2.49 (foreground color: #f57f17, background color: #fff8e1, font size: 10.5pt (14px), font weight: normal). Expected contrast ratio of 4.5:1"
          },
          {
            "any": [
              {
                "id": "color-contrast",
                "data": {
                  "fgColor": "#4caf50",
                  "bgColor": "#ffffff",
                  "contrastRatio": 2.77,
                  "fontSize": "12.0pt (16px)",
                  "fontWeight": "bold",
                  "messageKey": null,
                  "expectedContrastRatio": "4.5:1"
                },
                "relatedNodes": [
                  {
                    "html": "<div class=\"MuiPaper-root MuiPaper-elevation MuiPaper-rounded MuiPaper-elevation0 css-16o6ofw\">",
                    "target": [
                      ".css-16o6ofw"
                    ]
                  }
                ],
                "impact": "serious",
                "message": "Element has insufficient color contrast of 2.77 (foreground color: #4caf50, background color: #ffffff, font size: 12.0pt (16px), font weight: bold). Expected contrast ratio of 4.5:1"
              }
            ],
            "all": [],
            "none": [],
            "impact": "serious",
            "html": "<h6 class=\"MuiTypography-root MuiTypography-h6 MuiTypography-gutterBottom css-noit5d\">Mana estimates (default)</h6>",
            "target": [
              ".css-noit5d"
            ],
            "failureSummary": "Fix any of the following:\n  Element has insufficient color contrast of 2.77 (foreground color: #4caf50, background color: #ffffff, font size: 12.0pt (16px), font weight: bold). Expected contrast ratio of 4.5:1"
          },
          {
            "any": [
              {
                "id": "color-contrast",
                "data": {
                  "fgColor": "#2196f3",
                  "bgColor": "#ffffff",
                  "contrastRatio": 3.12,
                  "fontSize": "12.0pt (16px)",
                  "fontWeight": "bold",
                  "messageKey": null,
                  "expectedContrastRatio": "4.5:1"
                },
                "relatedNodes": [
                  {
                    "html": "<div class=\"MuiPaper-root MuiPaper-elevation MuiPaper-rounded MuiPaper-elevation0 css-34reyg\">",
                    "target": [
                      ".css-34reyg"
                    ]
                  }
                ],
                "impact": "serious",
                "message": "Element has insufficient color contrast of 3.12 (foreground color: #2196f3, background color: #ffffff, font size: 12.0pt (16px), font weight: bold). Expected contrast ratio of 4.5:1"
              }
            ],
            "all": [],
            "none": [],
            "impact": "serious",
            "html": "<h6 class=\"MuiTypography-root MuiTypography-h6 MuiTypography-gutterBottom css-12266so\">Exact goldfish potential (supported cases)</h6>",
            "target": [
              ".css-12266so"
            ],
            "failureSummary": "Fix any of the following:\n  Element has insufficient color contrast of 3.12 (foreground color: #2196f3, background color: #ffffff, font size: 12.0pt (16px), font weight: bold). Expected contrast ratio of 4.5:1"
          },
          {
            "any": [
              {
                "id": "color-contrast",
                "data": {
                  "fgColor": "#e65100",
                  "bgColor": "#fff3e0",
                  "contrastRatio": 3.45,
                  "fontSize": "9.8pt (13px)",
                  "fontWeight": "normal",
                  "messageKey": null,
                  "expectedContrastRatio": "4.5:1"
                },
                "relatedNodes": [
                  {
                    "html": "<div class=\"MuiChip-root MuiChip-filled MuiChip-sizeSmall MuiChip-colorDefault MuiChip-filledDefault css-g2jfmy\"><span class=\"MuiChip-label MuiChip-labelSmall css-tavflp\">Midrange: 22-26</span></div>",
                    "target": [
                      ".css-g2jfmy"
                    ]
                  }
                ],
                "impact": "serious",
                "message": "Element has insufficient color contrast of 3.45 (foreground color: #e65100, background color: #fff3e0, font size: 9.8pt (13px), font weight: normal). Expected contrast ratio of 4.5:1"
              }
            ],
            "all": [],
            "none": [],
            "impact": "serious",
            "html": "<span class=\"MuiChip-label MuiChip-labelSmall css-tavflp\">Midrange: 22-26</span>",
            "target": [
              ".css-g2jfmy > .css-tavflp.MuiChip-labelSmall.MuiChip-label"
            ],
            "failureSummary": "Fix any of the following:\n  Element has insufficient color contrast of 3.45 (foreground color: #e65100, background color: #fff3e0, font size: 9.8pt (13px), font weight: normal). Expected contrast ratio of 4.5:1"
          }
        ]
      }
    ]

    expect(received).toEqual(expected) // deep equality

    - Expected  -   1
    + Received  + 414

    - Array []
    + Array [
    +   Object {
    +     "description": "Ensure the contrast between foreground and background colors meets WCAG 2 AA minimum contrast ratio thresholds",
    +     "help": "Elements must meet minimum color contrast ratio thresholds",
    +     "helpUrl": "https://dequeuniversity.com/rules/axe/4.11/color-contrast?application=playwright",
    +     "id": "color-contrast",
    +     "impact": "serious",
    +     "nodes": Array [
    +       Object {
    +         "all": Array [],
    +         "any": Array [
    +           Object {
    +             "data": Object {
    +               "bgColor": "#fff3e0",
    +               "contrastRatio": 3.45,
    +               "expectedContrastRatio": "4.5:1",
    +               "fgColor": "#e65100",
    +               "fontSize": "9.8pt (13px)",
    +               "fontWeight": "normal",
    +               "messageKey": null,
    +             },
    +             "id": "color-contrast",
    +             "impact": "serious",
    +             "message": "Element has insufficient color contrast of 3.45 (foreground color: #e65100, background color: #fff3e0, font size: 9.8pt (13px), font weight: normal). Expected contrast ratio of 4.5:1",
    +             "relatedNodes": Array [
    +               Object {
    +                 "html": "<div class=\"MuiChip-root MuiChip-filled MuiChip-sizeMedium MuiChip-colorDefault MuiChip-filledDefault css-jb6lab\">",
    +                 "target": Array [
    +                   ".css-jb6lab",
    +                 ],
    +               },
    +             ],
    +           },
    +         ],
    +         "failureSummary": "Fix any of the following:
    +   Element has insufficient color contrast of 3.45 (foreground color: #e65100, background color: #fff3e0, font size: 9.8pt (13px), font weight: normal). Expected contrast ratio of 4.5:1",
    +         "html": "<span class=\"MuiChip-label MuiChip-labelMedium css-14vsv3w\">Pro-Level Research</span>",
    +         "impact": "serious",
    +         "none": Array [],
    +         "target": Array [
    +           ".css-jb6lab > .MuiChip-labelMedium.css-14vsv3w.MuiChip-label",
    +         ],
    +       },
    +       Object {
    +         "all": Array [],
    +         "any": Array [
    +           Object {
    +             "data": Object {
    +               "bgColor": "#e3f2fd",
    +               "contrastRatio": 4.02,
    +               "expectedContrastRatio": "4.5:1",
    +               "fgColor": "#1976d2",
    +               "fontSize": "9.8pt (13px)",
    +               "fontWeight": "bold",
    +               "messageKey": null,
    +             },
    +             "id": "color-contrast",
    +             "impact": "serious",
    +             "message": "Element has insufficient color contrast of 4.02 (foreground color: #1976d2, background color: #e3f2fd, font size: 9.8pt (13px), font weight: bold). Expected contrast ratio of 4.5:1",
    +             "relatedNodes": Array [
    +               Object {
    +                 "html": "<div class=\"MuiChip-root MuiChip-filled MuiChip-sizeSmall MuiChip-colorDefault MuiChip-filledDefault css-8dk9rg\"><span class=\"MuiChip-label MuiChip-labelSmall css-tavflp\">Castability Tab</span></div>",
    +                 "target": Array [
    +                   ".css-8dk9rg",
    +                 ],
    +               },
    +             ],
    +           },
    +         ],
    +         "failureSummary": "Fix any of the following:
    +   Element has insufficient color contrast of 4.02 (foreground color: #1976d2, background color: #e3f2fd, font size: 9.8pt (13px), font weight: bold). Expected contrast ratio of 4.5:1",
    +         "html": "<span class=\"MuiChip-label MuiChip-labelSmall css-tavflp\">Castability Tab</span>",
    +         "impact": "serious",
    +         "none": Array [],
    +         "target": Array [
    +           ".css-8dk9rg > .css-tavflp.MuiChip-labelSmall.MuiChip-label",
    +         ],
    +       },
    +       Object {
    +         "all": Array [],
    +         "any": Array [
    +           Object {
    +             "data": Object {
    +               "bgColor": "#e3f2fd",
    +               "contrastRatio": 4.02,
    +               "expectedContrastRatio": "4.5:1",
    +               "fgColor": "#1976d2",
    +               "fontSize": "9.0pt (12px)",
    +               "fontWeight": "normal",
    +               "messageKey": null,
    +             },
    +             "id": "color-contrast",
    +             "impact": "serious",
    +             "message": "Element has insufficient color contrast of 4.02 (foreground color: #1976d2, background color: #e3f2fd, font size: 9.0pt (12px), font weight: normal). Expected contrast ratio of 4.5:1",
    +             "relatedNodes": Array [
    +               Object {
    +                 "html": "<div class=\"MuiPaper-root MuiPaper-elevation MuiPaper-rounded MuiPaper-elevation0 css-tbfwuu\"><span class=\"MuiTypography-root MuiTypography-caption css-87y35d\">Compare the same spell, target turn and settings before interpreting a change.</span></div>",
    +                 "target": Array [
    +                   ".css-tbfwuu",
    +                 ],
    +               },
    +             ],
    +           },
    +         ],
    +         "failureSummary": "Fix any of the following:
    +   Element has insufficient color contrast of 4.02 (foreground color: #1976d2, background color: #e3f2fd, font size: 9.0pt (12px), font weight: normal). Expected contrast ratio of 4.5:1",
    +         "html": "<span class=\"MuiTypography-root MuiTypography-caption css-87y35d\">Compare the same spell, target turn and settings before interpreting a change.</span>",
    +         "impact": "serious",
    +         "none": Array [],
    +         "target": Array [
    +           ".css-87y35d",
    +         ],
    +       },
    +       Object {
    +         "all": Array [],
    +         "any": Array [
    +           Object {
    +             "data": Object {
    +               "bgColor": "#e8f5e9",
    +               "contrastRatio": 2.47,
    +               "expectedContrastRatio": "4.5:1",
    +               "fgColor": "#4caf50",
    +               "fontSize": "9.8pt (13px)",
    +               "fontWeight": "bold",
    +               "messageKey": null,
    +             },
    +             "id": "color-contrast",
    +             "impact": "serious",
    +             "message": "Element has insufficient color contrast of 2.47 (foreground color: #4caf50, background color: #e8f5e9, font size: 9.8pt (13px), font weight: bold). Expected contrast ratio of 4.5:1",
    +             "relatedNodes": Array [
    +               Object {
    +                 "html": "<div class=\"MuiChip-root MuiChip-filled MuiChip-sizeSmall MuiChip-colorDefault MuiChip-filledDefault css-4j0m4q\"><span class=\"MuiChip-label MuiChip-labelSmall css-tavflp\">Recommendations</span></div>",
    +                 "target": Array [
    +                   ".css-4j0m4q",
    +                 ],
    +               },
    +             ],
    +           },
    +         ],
    +         "failureSummary": "Fix any of the following:
    +   Element has insufficient color contrast of 2.47 (foreground color: #4caf50, background color: #e8f5e9, font size: 9.8pt (13px), font weight: bold). Expected contrast ratio of 4.5:1",
    +         "html": "<span class=\"MuiChip-label MuiChip-labelSmall css-tavflp\">Recommendations</span>",
    +         "impact": "serious",
    +         "none": Array [],
    +         "target": Array [
    +           ".css-4j0m4q > .css-tavflp.MuiChip-labelSmall.MuiChip-label",
    +         ],
    +       },
    +       Object {
    +         "all": Array [],
    +         "any": Array [
    +           Object {
    +             "data": Object {
    +               "bgColor": "#e8f5e9",
    +               "contrastRatio": 2.47,
    +               "expectedContrastRatio": "4.5:1",
    +               "fgColor": "#4caf50",
    +               "fontSize": "9.0pt (12px)",
    +               "fontWeight": "normal",
    +               "messageKey": null,
    +             },
    +             "id": "color-contrast",
    +             "impact": "serious",
    +             "message": "Element has insufficient color contrast of 2.47 (foreground color: #4caf50, background color: #e8f5e9, font size: 9.0pt (12px), font weight: normal). Expected contrast ratio of 4.5:1",
    +             "relatedNodes": Array [
    +               Object {
    +                 "html": "<div class=\"MuiPaper-root MuiPaper-elevation MuiPaper-rounded MuiPaper-elevation0 css-448iwc\"><span class=\"MuiTypography-root MuiTypography-caption css-6k2nd3\">For a two-mana spell, the published conditional target is 91%.</span></div>",
    +                 "target": Array [
    +                   ".css-448iwc",
    +                 ],
    +               },
    +             ],
    +           },
    +         ],
    +         "failureSummary": "Fix any of the following:
    +   Element has insufficient color contrast of 2.47 (foreground color: #4caf50, background color: #e8f5e9, font size: 9.0pt (12px), font weight: normal). Expected contrast ratio of 4.5:1",
    +         "html": "<span class=\"MuiTypography-root MuiTypography-caption css-6k2nd3\">For a two-mana spell, the published conditional target is 91%.</span>",
    +         "impact": "serious",
    +         "none": Array [],
    +         "target": Array [
    +           ".css-6k2nd3",
    +         ],
    +       },
    +       Object {
    +         "all": Array [],
    +         "any": Array [
    +           Object {
    +             "data": Object {
    +               "bgColor": "#fff8e1",
    +               "contrastRatio": 2.49,
    +               "expectedContrastRatio": "3:1",
    +               "fgColor": "#f57f17",
    +               "fontSize": "15.0pt (20px)",
    +               "fontWeight": "bold",
    +               "messageKey": null,
    +             },
    +             "id": "color-contrast",
    +             "impact": "serious",
    +             "message": "Element has insufficient color contrast of 2.49 (foreground color: #f57f17, background color: #fff8e1, font size: 15.0pt (20px), font weight: bold). Expected contrast ratio of 3:1",
    +             "relatedNodes": Array [
    +               Object {
    +                 "html": "<div class=\"MuiPaper-root MuiPaper-elevation MuiPaper-rounded MuiPaper-elevation0 css-19anwnb\">",
    +                 "target": Array [
    +                   ".css-19anwnb",
    +                 ],
    +               },
    +             ],
    +           },
    +         ],
    +         "failureSummary": "Fix any of the following:
    +   Element has insufficient color contrast of 2.49 (foreground color: #f57f17, background color: #fff8e1, font size: 15.0pt (20px), font weight: bold). Expected contrast ratio of 3:1",
    +         "html": "<h5 class=\"MuiTypography-root MuiTypography-h5 MuiTypography-gutterBottom css-1nkeey1\">Why do castability estimates differ from Karsten targets?</h5>",
    +         "impact": "serious",
    +         "none": Array [],
    +         "target": Array [
    +           ".css-1nkeey1",
    +         ],
    +       },
    +       Object {
    +         "all": Array [],
    +         "any": Array [
    +           Object {
    +             "data": Object {
    +               "bgColor": "#fffdf6",
    +               "contrastRatio": 2.73,
    +               "expectedContrastRatio": "4.5:1",
    +               "fgColor": "#4caf50",
    +               "fontSize": "10.5pt (14px)",
    +               "fontWeight": "bold",
    +               "messageKey": null,
    +             },
    +             "id": "color-contrast",
    +             "impact": "serious",
    +             "message": "Element has insufficient color contrast of 2.73 (foreground color: #4caf50, background color: #fffdf6, font size: 10.5pt (14px), font weight: bold). Expected contrast ratio of 4.5:1",
    +             "relatedNodes": Array [
    +               Object {
    +                 "html": "<div class=\"MuiPaper-root MuiPaper-elevation MuiPaper-rounded MuiPaper-elevation0 css-15ksj4u\">",
    +                 "target": Array [
    +                   ".MuiGrid-grid-md-6.css-iol86l.MuiGrid-grid-xs-12:nth-child(2) > .css-15ksj4u.MuiPaper-rounded.MuiPaper-root",
    +                 ],
    +               },
    +               Object {
    +                 "html": "<div class=\"MuiPaper-root MuiPaper-elevation MuiPaper-rounded MuiPaper-elevation0 css-19anwnb\">",
    +                 "target": Array [
    +                   ".css-19anwnb",
    +                 ],
    +               },
    +             ],
    +           },
    +         ],
    +         "failureSummary": "Fix any of the following:
    +   Element has insufficient color contrast of 2.73 (foreground color: #4caf50, background color: #fffdf6, font size: 10.5pt (14px), font weight: bold). Expected contrast ratio of 4.5:1",
    +         "html": "<h6 class=\"MuiTypography-root MuiTypography-subtitle2 MuiTypography-gutterBottom css-cj5ulz\">Karsten: conditional color consistency</h6>",
    +         "impact": "serious",
    +         "none": Array [],
    +         "target": Array [
    +           ".css-cj5ulz",
    +         ],
    +       },
    +       Object {
    +         "all": Array [],
    +         "any": Array [
    +           Object {
    +             "data": Object {
    +               "bgColor": "#fff8e1",
    +               "contrastRatio": 2.49,
    +               "expectedContrastRatio": "4.5:1",
    +               "fgColor": "#f57f17",
    +               "fontSize": "10.5pt (14px)",
    +               "fontWeight": "normal",
    +               "messageKey": null,
    +             },
    +             "id": "color-contrast",
    +             "impact": "serious",
    +             "message": "Element has insufficient color contrast of 2.49 (foreground color: #f57f17, background color: #fff8e1, font size: 10.5pt (14px), font weight: normal). Expected contrast ratio of 4.5:1",
    +             "relatedNodes": Array [
    +               Object {
    +                 "html": "<div class=\"MuiPaper-root MuiPaper-elevation MuiPaper-rounded MuiPaper-elevation0 css-19anwnb\">",
    +                 "target": Array [
    +                   ".css-19anwnb",
    +                 ],
    +               },
    +             ],
    +           },
    +         ],
    +         "failureSummary": "Fix any of the following:
    +   Element has insufficient color contrast of 2.49 (foreground color: #f57f17, background color: #fff8e1, font size: 10.5pt (14px), font weight: normal). Expected contrast ratio of 4.5:1",
    +         "html": "<p class=\"MuiTypography-root MuiTypography-body2 css-4ut7yg\">A conditional source target cannot be compared directly with unconditional castability.</p>",
    +         "impact": "serious",
    +         "none": Array [],
    +         "target": Array [
    +           ".css-4ut7yg",
    +         ],
    +       },
    +       Object {
    +         "all": Array [],
    +         "any": Array [
    +           Object {
    +             "data": Object {
    +               "bgColor": "#ffffff",
    +               "contrastRatio": 2.77,
    +               "expectedContrastRatio": "4.5:1",
    +               "fgColor": "#4caf50",
    +               "fontSize": "12.0pt (16px)",
    +               "fontWeight": "bold",
    +               "messageKey": null,
    +             },
    +             "id": "color-contrast",
    +             "impact": "serious",
    +             "message": "Element has insufficient color contrast of 2.77 (foreground color: #4caf50, background color: #ffffff, font size: 12.0pt (16px), font weight: bold). Expected contrast ratio of 4.5:1",
    +             "relatedNodes": Array [
    +               Object {
    +                 "html": "<div class=\"MuiPaper-root MuiPaper-elevation MuiPaper-rounded MuiPaper-elevation0 css-16o6ofw\">",
    +                 "target": Array [
    +                   ".css-16o6ofw",
    +                 ],
    +               },
    +             ],
    +           },
    +         ],
    +         "failureSummary": "Fix any of the following:
    +   Element has insufficient color contrast of 2.77 (foreground color: #4caf50, background color: #ffffff, font size: 12.0pt (16px), font weight: bold). Expected contrast ratio of 4.5:1",
    +         "html": "<h6 class=\"MuiTypography-root MuiTypography-h6 MuiTypography-gutterBottom css-noit5d\">Mana estimates (default)</h6>",
    +         "impact": "serious",
    +         "none": Array [],
    +         "target": Array [
    +           ".css-noit5d",
    +         ],
    +       },
    +       Object {
    +         "all": Array [],
    +         "any": Array [
    +           Object {
    +             "data": Object {
    +               "bgColor": "#ffffff",
    +               "contrastRatio": 3.12,
    +               "expectedContrastRatio": "4.5:1",
    +               "fgColor": "#2196f3",
    +               "fontSize": "12.0pt (16px)",
    +               "fontWeight": "bold",
    +               "messageKey": null,
    +             },
    +             "id": "color-contrast",
    +             "impact": "serious",
    +             "message": "Element has insufficient color contrast of 3.12 (foreground color: #2196f3, background color: #ffffff, font size: 12.0pt (16px), font weight: bold). Expected contrast ratio of 4.5:1",
    +             "relatedNodes": Array [
    +               Object {
    +                 "html": "<div class=\"MuiPaper-root MuiPaper-elevation MuiPaper-rounded MuiPaper-elevation0 css-34reyg\">",
    +                 "target": Array [
    +                   ".css-34reyg",
    +                 ],
    +               },
    +             ],
    +           },
    +         ],
    +         "failureSummary": "Fix any of the following:
    +   Element has insufficient color contrast of 3.12 (foreground color: #2196f3, background color: #ffffff, font size: 12.0pt (16px), font weight: bold). Expected contrast ratio of 4.5:1",
    +         "html": "<h6 class=\"MuiTypography-root MuiTypography-h6 MuiTypography-gutterBottom css-12266so\">Exact goldfish potential (supported cases)</h6>",
    +         "impact": "serious",
    +         "none": Array [],
    +         "target": Array [
    +           ".css-12266so",
    +         ],
    +       },
    +       Object {
    +         "all": Array [],
    +         "any": Array [
    +           Object {
    +             "data": Object {
    +               "bgColor": "#fff3e0",
    +               "contrastRatio": 3.45,
    +               "expectedContrastRatio": "4.5:1",
    +               "fgColor": "#e65100",
    +               "fontSize": "9.8pt (13px)",
    +               "fontWeight": "normal",
    +               "messageKey": null,
    +             },
    +             "id": "color-contrast",
    +             "impact": "serious",
    +             "message": "Element has insufficient color contrast of 3.45 (foreground color: #e65100, background color: #fff3e0, font size: 9.8pt (13px), font weight: normal). Expected contrast ratio of 4.5:1",
    +             "relatedNodes": Array [
    +               Object {
    +                 "html": "<div class=\"MuiChip-root MuiChip-filled MuiChip-sizeSmall MuiChip-colorDefault MuiChip-filledDefault css-g2jfmy\"><span class=\"MuiChip-label MuiChip-labelSmall css-tavflp\">Midrange: 22-26</span></div>",
    +                 "target": Array [
    +                   ".css-g2jfmy",
    +                 ],
    +               },
    +             ],
    +           },
    +         ],
    +         "failureSummary": "Fix any of the following:
    +   Element has insufficient color contrast of 3.45 (foreground color: #e65100, background color: #fff3e0, font size: 9.8pt (13px), font weight: normal). Expected contrast ratio of 4.5:1",
    +         "html": "<span class=\"MuiChip-label MuiChip-labelSmall css-tavflp\">Midrange: 22-26</span>",
    +         "impact": "serious",
    +         "none": Array [],
    +         "target": Array [
    +           ".css-g2jfmy > .css-tavflp.MuiChip-labelSmall.MuiChip-label",
    +         ],
    +       },
    +     ],
    +     "tags": Array [
    +       "cat.color",
    +       "wcag2aa",
    +       "wcag143",
    +       "TTv5",
    +       "TT13.c",
    +       "EN-301-549",
    +       "EN-9.1.4.3",
    +       "ACT",
    +       "RGAAv4",
    +       "RGAA-3.2.1",
    +     ],
    +   },
    + ]

      515 |         const contrast = await new AxeBuilder({ page }).include('main').withRules(['color-contrast']).analyze()
      516 |         await testInfo.attach(`${route.slice(1)}-${width}-${colorScheme}-contrast`, { body: JSON.stringify(contrast), contentType: 'application/json' })
    > 517 |         expect(contrast.violations, JSON.stringify(contrast.violations, null, 2)).toEqual([])
          |                                                                                   ^
      518 |       }
      519 |     })
      520 |   }
        at /Volumes/DataDisk/_Projects/Project Mana base V2/tests/e2e/core-flows/persona-followup.spec.js:517:83

    attachment #2: screenshot (image/png) ──────────────────────────────────────────────────────────
    docs/engineering/reaudit-fixes-szrp1r9w/persona-03/persona-followup-R01–R07-m-d24f4-ast-themes-and-viewport-390-chromium/test-failed-1.png
    ────────────────────────────────────────────────────────────────────────────────────────────────

    Error Context: docs/engineering/reaudit-fixes-szrp1r9w/persona-03/persona-followup-R01–R07-m-d24f4-ast-themes-and-viewport-390-chromium/error-context.md

    attachment #4: trace (application/zip) ─────────────────────────────────────────────────────────
    docs/engineering/reaudit-fixes-szrp1r9w/persona-03/persona-followup-R01–R07-m-d24f4-ast-themes-and-viewport-390-chromium/trace.zip
    Usage:

        npx playwright show-trace docs/engineering/reaudit-fixes-szrp1r9w/persona-03/persona-followup-R01–R07-m-d24f4-ast-themes-and-viewport-390-chromium/trace.zip

    ────────────────────────────────────────────────────────────────────────────────────────────────


(node:90075) Warning: The 'NO_COLOR' env is ignored due to the 'FORCE_COLOR' env being set.
(Use `node --trace-warnings ...` to show where the warning was created)


[17/23] [chromium] › tests/e2e/core-flows/persona-followup.spec.js:475:9 › R01–R07 /guide keyboard, contrast, themes and viewport 390
  2) [chromium] › tests/e2e/core-flows/persona-followup.spec.js:475:9 › R01–R07 /guide keyboard, contrast, themes and viewport 390

    Error: [
      {
        "id": "color-contrast",
        "impact": "serious",
        "tags": [
          "cat.color",
          "wcag2aa",
          "wcag143",
          "TTv5",
          "TT13.c",
          "EN-301-549",
          "EN-9.1.4.3",
          "ACT",
          "RGAAv4",
          "RGAA-3.2.1"
        ],
        "description": "Ensure the contrast between foreground and background colors meets WCAG 2 AA minimum contrast ratio thresholds",
        "help": "Elements must meet minimum color contrast ratio thresholds",
        "helpUrl": "https://dequeuniversity.com/rules/axe/4.11/color-contrast?application=playwright",
        "nodes": [
          {
            "any": [
              {
                "id": "color-contrast",
                "data": {
                  "fgColor": "#ffffff",
                  "bgColor": "#2196f3",
                  "contrastRatio": 3.12,
                  "fontSize": "8.4pt (11.2px)",
                  "fontWeight": "normal",
                  "messageKey": null,
                  "expectedContrastRatio": "4.5:1"
                },
                "relatedNodes": [
                  {
                    "html": "<div class=\"MuiChip-root MuiChip-filled MuiChip-sizeSmall MuiChip-colorDefault MuiChip-filledDefault css-14enbwr\"><span class=\"MuiChip-label MuiChip-labelSmall css-tavflp\">Core Feature</span></div>",
                    "target": [
                      ".css-14enbwr"
                    ]
                  }
                ],
                "impact": "serious",
                "message": "Element has insufficient color contrast of 3.12 (foreground color: #ffffff, background color: #2196f3, font size: 8.4pt (11.2px), font weight: normal). Expected contrast ratio of 4.5:1"
              }
            ],
            "all": [],
            "none": [],
            "impact": "serious",
            "html": "<span class=\"MuiChip-label MuiChip-labelSmall css-tavflp\">Core Feature</span>",
            "target": [
              ".css-14enbwr > .css-tavflp.MuiChip-label.MuiChip-labelSmall"
            ],
            "failureSummary": "Fix any of the following:\n  Element has insufficient color contrast of 3.12 (foreground color: #ffffff, background color: #2196f3, font size: 8.4pt (11.2px), font weight: normal). Expected contrast ratio of 4.5:1"
          },
          {
            "any": [
              {
                "id": "color-contrast",
                "data": {
                  "fgColor": "#ffffff",
                  "bgColor": "#00d9ff",
                  "contrastRatio": 1.69,
                  "fontSize": "8.4pt (11.2px)",
                  "fontWeight": "normal",
                  "messageKey": null,
                  "expectedContrastRatio": "4.5:1"
                },
                "relatedNodes": [
                  {
                    "html": "<div class=\"MuiChip-root MuiChip-filled MuiChip-sizeSmall MuiChip-colorDefault MuiChip-filledDefault css-1ye30po\"><span class=\"MuiChip-label MuiChip-labelSmall css-tavflp\">NEW</span></div>",
                    "target": [
                      ".css-1ye30po"
                    ]
                  }
                ],
                "impact": "serious",
                "message": "Element has insufficient color contrast of 1.69 (foreground color: #ffffff, background color: #00d9ff, font size: 8.4pt (11.2px), font weight: normal). Expected contrast ratio of 4.5:1"
              }
            ],
            "all": [],
            "none": [],
            "impact": "serious",
            "html": "<span class=\"MuiChip-label MuiChip-labelSmall css-tavflp\">NEW</span>",
            "target": [
              ".css-1ye30po > .css-tavflp.MuiChip-label.MuiChip-labelSmall"
            ],
            "failureSummary": "Fix any of the following:\n  Element has insufficient color contrast of 1.69 (foreground color: #ffffff, background color: #00d9ff, font size: 8.4pt (11.2px), font weight: normal). Expected contrast ratio of 4.5:1"
          },
          {
            "any": [
              {
                "id": "color-contrast",
                "data": {
                  "fgColor": "#1976d2",
                  "bgColor": "#e3f2fd",
                  "contrastRatio": 4.02,
                  "fontSize": "12.0pt (16px)",
                  "fontWeight": "bold",
                  "messageKey": null,
                  "expectedContrastRatio": "4.5:1"
                },
                "relatedNodes": [
                  {
                    "html": "<div class=\"MuiPaper-root MuiPaper-elevation MuiPaper-rounded MuiPaper-elevation0 css-1p0lotk\">",
                    "target": [
                      ".css-1p0lotk"
                    ]
                  }
                ],
                "impact": "serious",
                "message": "Element has insufficient color contrast of 4.02 (foreground color: #1976d2, background color: #e3f2fd, font size: 12.0pt (16px), font weight: bold). Expected contrast ratio of 4.5:1"
              }
            ],
            "all": [],
            "none": [],
            "impact": "serious",
            "html": "<h6 class=\"MuiTypography-root MuiTypography-subtitle1 css-bqsj26\">Draw Math</h6>",
            "target": [
              ".css-bqsj26"
            ],
            "failureSummary": "Fix any of the following:\n  Element has insufficient color contrast of 4.02 (foreground color: #1976d2, background color: #e3f2fd, font size: 12.0pt (16px), font weight: bold). Expected contrast ratio of 4.5:1"
          },
          {
            "any": [
              {
                "id": "color-contrast",
                "data": {
                  "fgColor": "#4caf50",
                  "bgColor": "#e8f5e9",
                  "contrastRatio": 2.47,
                  "fontSize": "24.0pt (32px)",
                  "fontWeight": "bold",
                  "messageKey": null,
                  "expectedContrastRatio": "3:1"
                },
                "relatedNodes": [
                  {
                    "html": "<div class=\"MuiPaper-root MuiPaper-elevation MuiPaper-rounded MuiPaper-elevation0 css-1aanqdw\">",
                    "target": [
                      ".css-1aanqdw"
                    ]
                  }
                ],
                "impact": "serious",
                "message": "Element has insufficient color contrast of 2.47 (foreground color: #4caf50, background color: #e8f5e9, font size: 24.0pt (32px), font weight: bold). Expected contrast ratio of 3:1"
              }
            ],
            "all": [],
            "none": [],
            "impact": "serious",
            "html": "<h3 class=\"MuiTypography-root MuiTypography-h3 css-po1dib\">90%</h3>",
            "target": [
              ".css-po1dib"
            ],
            "failureSummary": "Fix any of the following:\n  Element has insufficient color contrast of 2.47 (foreground color: #4caf50, background color: #e8f5e9, font size: 24.0pt (32px), font weight: bold). Expected contrast ratio of 3:1"
          },
          {
            "any": [
              {
                "id": "color-contrast",
                "data": {
                  "fgColor": "#4caf50",
                  "bgColor": "#e8f5e9",
                  "contrastRatio": 2.47,
                  "fontSize": "12.0pt (16px)",
                  "fontWeight": "bold",
                  "messageKey": null,
                  "expectedContrastRatio": "4.5:1"
                },
                "relatedNodes": [
                  {
                    "html": "<div class=\"MuiPaper-root MuiPaper-elevation MuiPaper-rounded MuiPaper-elevation0 css-1aanqdw\">",
                    "target": [
                      ".css-1aanqdw"
                    ]
                  }
                ],
                "impact": "serious",
                "message": "Element has insufficient color contrast of 2.47 (foreground color: #4caf50, background color: #e8f5e9, font size: 12.0pt (16px), font weight: bold). Expected contrast ratio of 4.5:1"
              }
            ],
            "all": [],
            "none": [],
            "impact": "serious",
            "html": "<h6 class=\"MuiTypography-root MuiTypography-subtitle1 css-7lgs1e\">Karsten Standards</h6>",
            "target": [
              ".css-7lgs1e"
            ],
            "failureSummary": "Fix any of the following:\n  Element has insufficient color contrast of 2.47 (foreground color: #4caf50, background color: #e8f5e9, font size: 12.0pt (16px), font weight: bold). Expected contrast ratio of 4.5:1"
          },
          {
            "any": [
              {
                "id": "color-contrast",
                "data": {
                  "fgColor": "#ff9800",
                  "bgColor": "#fff3e0",
                  "contrastRatio": 1.96,
                  "fontSize": "24.0pt (32px)",
                  "fontWeight": "bold",
                  "messageKey": null,
                  "expectedContrastRatio": "3:1"
                },
                "relatedNodes": [
                  {
                    "html": "<div class=\"MuiPaper-root MuiPaper-elevation MuiPaper-rounded MuiPaper-elevation0 css-1ll5qm1\">",
                    "target": [
                      ".css-1ll5qm1"
                    ]
                  }
                ],
                "impact": "serious",
                "message": "Element has insufficient color contrast of 1.96 (foreground color: #ff9800, background color: #fff3e0, font size: 24.0pt (32px), font weight: bold). Expected contrast ratio of 3:1"
              }
            ],
            "all": [],
            "none": [],
            "impact": "serious",
            "html": "<h3 class=\"MuiTypography-root MuiTypography-h3 css-777i70\">E[V₇]</h3>",
            "target": [
              ".css-777i70"
            ],
            "failureSummary": "Fix any of the following:\n  Element has insufficient color contrast of 1.96 (foreground color: #ff9800, background color: #fff3e0, font size: 24.0pt (32px), font weight: bold). Expected contrast ratio of 3:1"
          },
          {
            "any": [
              {
                "id": "color-contrast",
                "data": {
                  "fgColor": "#ff9800",
                  "bgColor": "#fff3e0",
                  "contrastRatio": 1.96,
                  "fontSize": "12.0pt (16px)",
                  "fontWeight": "bold",
                  "messageKey": null,
                  "expectedContrastRatio": "4.5:1"
                },
                "relatedNodes": [
                  {
                    "html": "<div class=\"MuiPaper-root MuiPaper-elevation MuiPaper-rounded MuiPaper-elevation0 css-1ll5qm1\">",
                    "target": [
                      ".css-1ll5qm1"
                    ]
                  }
                ],
                "impact": "serious",
                "message": "Element has insufficient color contrast of 1.96 (foreground color: #ff9800, background color: #fff3e0, font size: 12.0pt (16px), font weight: bold). Expected contrast ratio of 4.5:1"
              }
            ],
            "all": [],
            "none": [],
            "impact": "serious",
            "html": "<h6 class=\"MuiTypography-root MuiTypography-subtitle1 css-k2cvte\">Smart Mulligan</h6>",
            "target": [
              ".css-k2cvte"
            ],
            "failureSummary": "Fix any of the following:\n  Element has insufficient color contrast of 1.96 (foreground color: #ff9800, background color: #fff3e0, font size: 12.0pt (16px), font weight: bold). Expected contrast ratio of 4.5:1"
          },
          {
            "any": [
              {
                "id": "color-contrast",
                "data": {
                  "fgColor": "#00bcd4",
                  "bgColor": "#e0f7fa",
                  "contrastRatio": 2.06,
                  "fontSize": "24.0pt (32px)",
                  "fontWeight": "bold",
                  "messageKey": null,
                  "expectedContrastRatio": "3:1"
                },
                "relatedNodes": [
                  {
                    "html": "<div class=\"MuiPaper-root MuiPaper-elevation MuiPaper-rounded MuiPaper-elevation0 css-ehav0r\">",
                    "target": [
                      ".css-ehav0r"
                    ]
                  }
                ],
                "impact": "serious",
                "message": "Element has insufficient color contrast of 2.06 (foreground color: #00bcd4, background color: #e0f7fa, font size: 24.0pt (32px), font weight: bold). Expected contrast ratio of 3:1"
              }
            ],
            "all": [],
            "none": [],
            "impact": "serious",
            "html": "<h3 class=\"MuiTypography-root MuiTypography-h3 css-139ay7a\">0-100</h3>",
            "target": [
              ".css-139ay7a"
            ],
            "failureSummary": "Fix any of the following:\n  Element has insufficient color contrast of 2.06 (foreground color: #00bcd4, background color: #e0f7fa, font size: 24.0pt (32px), font weight: bold). Expected contrast ratio of 3:1"
          },
          {
            "any": [
              {
                "id": "color-contrast",
                "data": {
                  "fgColor": "#00bcd4",
                  "bgColor": "#e0f7fa",
                  "contrastRatio": 2.06,
                  "fontSize": "12.0pt (16px)",
                  "fontWeight": "bold",
                  "messageKey": null,
                  "expectedContrastRatio": "4.5:1"
                },
                "relatedNodes": [
                  {
                    "html": "<div class=\"MuiPaper-root MuiPaper-elevation MuiPaper-rounded MuiPaper-elevation0 css-ehav0r\">",
                    "target": [
                      ".css-ehav0r"
                    ]
                  }
                ],
                "impact": "serious",
                "message": "Element has insufficient color contrast of 2.06 (foreground color: #00bcd4, background color: #e0f7fa, font size: 12.0pt (16px), font weight: bold). Expected contrast ratio of 4.5:1"
              }
            ],
            "all": [],
            "none": [],
            "impact": "serious",
            "html": "<h6 class=\"MuiTypography-root MuiTypography-subtitle1 css-1bwha3c\">Health Score</h6>",
            "target": [
              ".css-1bwha3c"
            ],
            "failureSummary": "Fix any of the following:\n  Element has insufficient color contrast of 2.06 (foreground color: #00bcd4, background color: #e0f7fa, font size: 12.0pt (16px), font weight: bold). Expected contrast ratio of 4.5:1"
          },
          {
            "any": [
              {
                "id": "color-contrast",
                "data": {
                  "fgColor": "#e91e63",
                  "bgColor": "#fce4ec",
                  "contrastRatio": 3.61,
                  "fontSize": "12.0pt (16px)",
                  "fontWeight": "bold",
                  "messageKey": null,
                  "expectedContrastRatio": "4.5:1"
                },
                "relatedNodes": [
                  {
                    "html": "<div class=\"MuiPaper-root MuiPaper-elevation MuiPaper-rounded MuiPaper-elevation0 css-j6lg9l\">",
                    "target": [
                      ".css-j6lg9l"
                    ]
                  }
                ],
                "impact": "serious",
                "message": "Element has insufficient color contrast of 3.61 (foreground color: #e91e63, background color: #fce4ec, font size: 12.0pt (16px), font weight: bold). Expected contrast ratio of 4.5:1"
              }
            ],
            "all": [],
            "none": [],
            "impact": "serious",
            "html": "<h6 class=\"MuiTypography-root MuiTypography-subtitle1 css-as18kf\">Archetype Weights</h6>",
            "target": [
              ".css-as18kf"
            ],
            "failureSummary": "Fix any of the following:\n  Element has insufficient color contrast of 3.61 (foreground color: #e91e63, background color: #fce4ec, font size: 12.0pt (16px), font weight: bold). Expected contrast ratio of 4.5:1"
          },
          {
            "any": [
              {
                "id": "color-contrast",
                "data": {
                  "fgColor": "#ffffff",
                  "bgColor": "#4caf50",
                  "contrastRatio": 2.77,
                  "fontSize": "9.8pt (13px)",
                  "fontWeight": "normal",
                  "messageKey": null,
                  "expectedContrastRatio": "4.5:1"
                },
                "relatedNodes": [
                  {
                    "html": "<div class=\"MuiChip-root MuiChip-filled MuiChip-sizeSmall MuiChip-colorDefault MuiChip-filledDefault css-19729v0\"><span class=\"MuiChip-label MuiChip-labelSmall css-tavflp\">16-18 lands</span></div>",
                    "target": [
                      ".css-19729v0"
                    ]
                  }
                ],
                "impact": "serious",
                "message": "Element has insufficient color contrast of 2.77 (foreground color: #ffffff, background color: #4caf50, font size: 9.8pt (13px), font weight: normal). Expected contrast ratio of 4.5:1"
              }
            ],
            "all": [],
            "none": [],
            "impact": "serious",
            "html": "<span class=\"MuiChip-label MuiChip-labelSmall css-tavflp\">16-18 lands</span>",
            "target": [
              ".css-19729v0 > .css-tavflp.MuiChip-label.MuiChip-labelSmall"
            ],
            "failureSummary": "Fix any of the following:\n  Element has insufficient color contrast of 2.77 (foreground color: #ffffff, background color: #4caf50, font size: 9.8pt (13px), font weight: normal). Expected contrast ratio of 4.5:1"
          },
          {
            "any": [
              {
                "id": "color-contrast",
                "data": {
                  "fgColor": "#ffffff",
                  "bgColor": "#2196f3",
                  "contrastRatio": 3.12,
                  "fontSize": "9.8pt (13px)",
                  "fontWeight": "normal",
                  "messageKey": null,
                  "expectedContrastRatio": "4.5:1"
                },
                "relatedNodes": [
                  {
                    "html": "<div class=\"MuiChip-root MuiChip-filled MuiChip-sizeSmall MuiChip-colorDefault MuiChip-filledDefault css-1mdlgw5\"><span class=\"MuiChip-label MuiChip-labelSmall css-tavflp\">24-26 lands</span></div>",
                    "target": [
                      ".css-1mdlgw5"
                    ]
                  }
                ],
                "impact": "serious",
                "message": "Element has insufficient color contrast of 3.12 (foreground color: #ffffff, background color: #2196f3, font size: 9.8pt (13px), font weight: normal). Expected contrast ratio of 4.5:1"
              }
            ],
            "all": [],
            "none": [],
            "impact": "serious",
            "html": "<span class=\"MuiChip-label MuiChip-labelSmall css-tavflp\">24-26 lands</span>",
            "target": [
              ".css-1mdlgw5 > .css-tavflp.MuiChip-label.MuiChip-labelSmall"
            ],
            "failureSummary": "Fix any of the following:\n  Element has insufficient color contrast of 3.12 (foreground color: #ffffff, background color: #2196f3, font size: 9.8pt (13px), font weight: normal). Expected contrast ratio of 4.5:1"
          },
          {
            "any": [
              {
                "id": "color-contrast",
                "data": {
                  "fgColor": "#ffffff",
                  "bgColor": "#f44336",
                  "contrastRatio": 3.68,
                  "fontSize": "9.8pt (13px)",
                  "fontWeight": "normal",
                  "messageKey": null,
                  "expectedContrastRatio": "4.5:1"
                },
                "relatedNodes": [
                  {
                    "html": "<div class=\"MuiChip-root MuiChip-filled MuiChip-sizeSmall MuiChip-colorDefault MuiChip-filledDefault css-mdsrvb\"><span class=\"MuiChip-label MuiChip-labelSmall css-tavflp\">19-23 lands</span></div>",
                    "target": [
                      ".css-mdsrvb"
                    ]
                  }
                ],
                "impact": "serious",
                "message": "Element has insufficient color contrast of 3.68 (foreground color: #ffffff, background color: #f44336, font size: 9.8pt (13px), font weight: normal). Expected contrast ratio of 4.5:1"
              }
            ],
            "all": [],
            "none": [],
            "impact": "serious",
            "html": "<span class=\"MuiChip-label MuiChip-labelSmall css-tavflp\">19-23 lands</span>",
            "target": [
              ".css-mdsrvb > .css-tavflp.MuiChip-label.MuiChip-labelSmall"
            ],
            "failureSummary": "Fix any of the following:\n  Element has insufficient color contrast of 3.68 (foreground color: #ffffff, background color: #f44336, font size: 9.8pt (13px), font weight: normal). Expected contrast ratio of 4.5:1"
          },
          {
            "any": [
              {
                "id": "color-contrast",
                "data": {
                  "fgColor": "#ffffff",
                  "bgColor": "#ff9800",
                  "contrastRatio": 2.15,
                  "fontSize": "9.8pt (13px)",
                  "fontWeight": "normal",
                  "messageKey": null,
                  "expectedContrastRatio": "4.5:1"
                },
                "relatedNodes": [
                  {
                    "html": "<div class=\"MuiChip-root MuiChip-filled MuiChip-sizeSmall MuiChip-colorDefault MuiChip-filledDefault css-ye1fzg\"><span class=\"MuiChip-label MuiChip-labelSmall css-tavflp\">18-22 lands</span></div>",
                    "target": [
                      ".css-ye1fzg"
                    ]
                  }
                ],
                "impact": "serious",
                "message": "Element has insufficient color contrast of 2.15 (foreground color: #ffffff, background color: #ff9800, font size: 9.8pt (13px), font weight: normal). Expected contrast ratio of 4.5:1"
              }
            ],
            "all": [],
            "none": [],
            "impact": "serious",
            "html": "<span class=\"MuiChip-label MuiChip-labelSmall css-tavflp\">18-22 lands</span>",
            "target": [
              ".css-ye1fzg > .css-tavflp.MuiChip-label.MuiChip-labelSmall"
            ],
            "failureSummary": "Fix any of the following:\n  Element has insufficient color contrast of 2.15 (foreground color: #ffffff, background color: #ff9800, font size: 9.8pt (13px), font weight: normal). Expected contrast ratio of 4.5:1"
          },
          {
            "any": [
              {
                "id": "color-contrast",
                "data": {
                  "fgColor": "#ffffff",
                  "bgColor": "#00bcd4",
                  "contrastRatio": 2.29,
                  "fontSize": "9.8pt (13px)",
                  "fontWeight": "normal",
                  "messageKey": null,
                  "expectedContrastRatio": "4.5:1"
                },
                "relatedNodes": [
                  {
                    "html": "<div class=\"MuiChip-root MuiChip-filled MuiChip-sizeSmall MuiChip-colorDefault MuiChip-filledDefault css-xqto7n\"><span class=\"MuiChip-label MuiChip-labelSmall css-tavflp\">36-38 lands</span></div>",
                    "target": [
                      ".css-xqto7n"
                    ]
                  }
                ],
                "impact": "serious",
                "message": "Element has insufficient color contrast of 2.29 (foreground color: #ffffff, background color: #00bcd4, font size: 9.8pt (13px), font weight: normal). Expected contrast ratio of 4.5:1"
              }
            ],
            "all": [],
            "none": [],
            "impact": "serious",
            "html": "<span class=\"MuiChip-label MuiChip-labelSmall css-tavflp\">36-38 lands</span>",
            "target": [
              ".css-xqto7n > .css-tavflp.MuiChip-label.MuiChip-labelSmall"
            ],
            "failureSummary": "Fix any of the following:\n  Element has insufficient color contrast of 2.29 (foreground color: #ffffff, background color: #00bcd4, font size: 9.8pt (13px), font weight: normal). Expected contrast ratio of 4.5:1"
          },
          {
            "any": [
              {
                "id": "color-contrast",
                "data": {
                  "fgColor": "#ffffff",
                  "bgColor": "#00bcd4",
                  "contrastRatio": 2.29,
                  "fontSize": "9.8pt (13px)",
                  "fontWeight": "bold",
                  "messageKey": null,
                  "expectedContrastRatio": "4.5:1"
                },
                "relatedNodes": [
                  {
                    "html": "<div class=\"MuiChip-root MuiChip-filled MuiChip-sizeSmall MuiChip-colorDefault MuiChip-filledDefault css-f1g3co\"><span class=\"MuiChip-label MuiChip-labelSmall css-tavflp\">New in v2.5.6</span></div>",
                    "target": [
                      ".css-f1g3co"
                    ]
                  }
                ],
                "impact": "serious",
                "message": "Element has insufficient color contrast of 2.29 (foreground color: #ffffff, background color: #00bcd4, font size: 9.8pt (13px), font weight: bold). Expected contrast ratio of 4.5:1"
              }
            ],
            "all": [],
            "none": [],
            "impact": "serious",
            "html": "<span class=\"MuiChip-label MuiChip-labelSmall css-tavflp\">New in v2.5.6</span>",
            "target": [
              ".css-f1g3co > .css-tavflp.MuiChip-label.MuiChip-labelSmall"
            ],
            "failureSummary": "Fix any of the following:\n  Element has insufficient color contrast of 2.29 (foreground color: #ffffff, background color: #00bcd4, font size: 9.8pt (13px), font weight: bold). Expected contrast ratio of 4.5:1"
          }
        ]
      }
    ]

    expect(received).toEqual(expected) // deep equality

    - Expected  -   1
    + Received  + 583

    - Array []
    + Array [
    +   Object {
    +     "description": "Ensure the contrast between foreground and background colors meets WCAG 2 AA minimum contrast ratio thresholds",
    +     "help": "Elements must meet minimum color contrast ratio thresholds",
    +     "helpUrl": "https://dequeuniversity.com/rules/axe/4.11/color-contrast?application=playwright",
    +     "id": "color-contrast",
    +     "impact": "serious",
    +     "nodes": Array [
    +       Object {
    +         "all": Array [],
    +         "any": Array [
    +           Object {
    +             "data": Object {
    +               "bgColor": "#2196f3",
    +               "contrastRatio": 3.12,
    +               "expectedContrastRatio": "4.5:1",
    +               "fgColor": "#ffffff",
    +               "fontSize": "8.4pt (11.2px)",
    +               "fontWeight": "normal",
    +               "messageKey": null,
    +             },
    +             "id": "color-contrast",
    +             "impact": "serious",
    +             "message": "Element has insufficient color contrast of 3.12 (foreground color: #ffffff, background color: #2196f3, font size: 8.4pt (11.2px), font weight: normal). Expected contrast ratio of 4.5:1",
    +             "relatedNodes": Array [
    +               Object {
    +                 "html": "<div class=\"MuiChip-root MuiChip-filled MuiChip-sizeSmall MuiChip-colorDefault MuiChip-filledDefault css-14enbwr\"><span class=\"MuiChip-label MuiChip-labelSmall css-tavflp\">Core Feature</span></div>",
    +                 "target": Array [
    +                   ".css-14enbwr",
    +                 ],
    +               },
    +             ],
    +           },
    +         ],
    +         "failureSummary": "Fix any of the following:
    +   Element has insufficient color contrast of 3.12 (foreground color: #ffffff, background color: #2196f3, font size: 8.4pt (11.2px), font weight: normal). Expected contrast ratio of 4.5:1",
    +         "html": "<span class=\"MuiChip-label MuiChip-labelSmall css-tavflp\">Core Feature</span>",
    +         "impact": "serious",
    +         "none": Array [],
    +         "target": Array [
    +           ".css-14enbwr > .css-tavflp.MuiChip-label.MuiChip-labelSmall",
    +         ],
    +       },
    +       Object {
    +         "all": Array [],
    +         "any": Array [
    +           Object {
    +             "data": Object {
    +               "bgColor": "#00d9ff",
    +               "contrastRatio": 1.69,
    +               "expectedContrastRatio": "4.5:1",
    +               "fgColor": "#ffffff",
    +               "fontSize": "8.4pt (11.2px)",
    +               "fontWeight": "normal",
    +               "messageKey": null,
    +             },
    +             "id": "color-contrast",
    +             "impact": "serious",
    +             "message": "Element has insufficient color contrast of 1.69 (foreground color: #ffffff, background color: #00d9ff, font size: 8.4pt (11.2px), font weight: normal). Expected contrast ratio of 4.5:1",
    +             "relatedNodes": Array [
    +               Object {
    +                 "html": "<div class=\"MuiChip-root MuiChip-filled MuiChip-sizeSmall MuiChip-colorDefault MuiChip-filledDefault css-1ye30po\"><span class=\"MuiChip-label MuiChip-labelSmall css-tavflp\">NEW</span></div>",
    +                 "target": Array [
    +                   ".css-1ye30po",
    +                 ],
    +               },
    +             ],
    +           },
    +         ],
    +         "failureSummary": "Fix any of the following:
    +   Element has insufficient color contrast of 1.69 (foreground color: #ffffff, background color: #00d9ff, font size: 8.4pt (11.2px), font weight: normal). Expected contrast ratio of 4.5:1",
    +         "html": "<span class=\"MuiChip-label MuiChip-labelSmall css-tavflp\">NEW</span>",
    +         "impact": "serious",
    +         "none": Array [],
    +         "target": Array [
    +           ".css-1ye30po > .css-tavflp.MuiChip-label.MuiChip-labelSmall",
    +         ],
    +       },
    +       Object {
    +         "all": Array [],
    +         "any": Array [
    +           Object {
    +             "data": Object {
    +               "bgColor": "#e3f2fd",
    +               "contrastRatio": 4.02,
    +               "expectedContrastRatio": "4.5:1",
    +               "fgColor": "#1976d2",
    +               "fontSize": "12.0pt (16px)",
    +               "fontWeight": "bold",
    +               "messageKey": null,
    +             },
    +             "id": "color-contrast",
    +             "impact": "serious",
    +             "message": "Element has insufficient color contrast of 4.02 (foreground color: #1976d2, background color: #e3f2fd, font size: 12.0pt (16px), font weight: bold). Expected contrast ratio of 4.5:1",
    +             "relatedNodes": Array [
    +               Object {
    +                 "html": "<div class=\"MuiPaper-root MuiPaper-elevation MuiPaper-rounded MuiPaper-elevation0 css-1p0lotk\">",
    +                 "target": Array [
    +                   ".css-1p0lotk",
    +                 ],
    +               },
    +             ],
    +           },
    +         ],
    +         "failureSummary": "Fix any of the following:
    +   Element has insufficient color contrast of 4.02 (foreground color: #1976d2, background color: #e3f2fd, font size: 12.0pt (16px), font weight: bold). Expected contrast ratio of 4.5:1",
    +         "html": "<h6 class=\"MuiTypography-root MuiTypography-subtitle1 css-bqsj26\">Draw Math</h6>",
    +         "impact": "serious",
    +         "none": Array [],
    +         "target": Array [
    +           ".css-bqsj26",
    +         ],
    +       },
    +       Object {
    +         "all": Array [],
    +         "any": Array [
    +           Object {
    +             "data": Object {
    +               "bgColor": "#e8f5e9",
    +               "contrastRatio": 2.47,
    +               "expectedContrastRatio": "3:1",
    +               "fgColor": "#4caf50",
    +               "fontSize": "24.0pt (32px)",
    +               "fontWeight": "bold",
    +               "messageKey": null,
    +             },
    +             "id": "color-contrast",
    +             "impact": "serious",
    +             "message": "Element has insufficient color contrast of 2.47 (foreground color: #4caf50, background color: #e8f5e9, font size: 24.0pt (32px), font weight: bold). Expected contrast ratio of 3:1",
    +             "relatedNodes": Array [
    +               Object {
    +                 "html": "<div class=\"MuiPaper-root MuiPaper-elevation MuiPaper-rounded MuiPaper-elevation0 css-1aanqdw\">",
    +                 "target": Array [
    +                   ".css-1aanqdw",
    +                 ],
    +               },
    +             ],
    +           },
    +         ],
    +         "failureSummary": "Fix any of the following:
    +   Element has insufficient color contrast of 2.47 (foreground color: #4caf50, background color: #e8f5e9, font size: 24.0pt (32px), font weight: bold). Expected contrast ratio of 3:1",
    +         "html": "<h3 class=\"MuiTypography-root MuiTypography-h3 css-po1dib\">90%</h3>",
    +         "impact": "serious",
    +         "none": Array [],
    +         "target": Array [
    +           ".css-po1dib",
    +         ],
    +       },
    +       Object {
    +         "all": Array [],
    +         "any": Array [
    +           Object {
    +             "data": Object {
    +               "bgColor": "#e8f5e9",
    +               "contrastRatio": 2.47,
    +               "expectedContrastRatio": "4.5:1",
    +               "fgColor": "#4caf50",
    +               "fontSize": "12.0pt (16px)",
    +               "fontWeight": "bold",
    +               "messageKey": null,
    +             },
    +             "id": "color-contrast",
    +             "impact": "serious",
    +             "message": "Element has insufficient color contrast of 2.47 (foreground color: #4caf50, background color: #e8f5e9, font size: 12.0pt (16px), font weight: bold). Expected contrast ratio of 4.5:1",
    +             "relatedNodes": Array [
    +               Object {
    +                 "html": "<div class=\"MuiPaper-root MuiPaper-elevation MuiPaper-rounded MuiPaper-elevation0 css-1aanqdw\">",
    +                 "target": Array [
    +                   ".css-1aanqdw",
    +                 ],
    +               },
    +             ],
    +           },
    +         ],
    +         "failureSummary": "Fix any of the following:
    +   Element has insufficient color contrast of 2.47 (foreground color: #4caf50, background color: #e8f5e9, font size: 12.0pt (16px), font weight: bold). Expected contrast ratio of 4.5:1",
    +         "html": "<h6 class=\"MuiTypography-root MuiTypography-subtitle1 css-7lgs1e\">Karsten Standards</h6>",
    +         "impact": "serious",
    +         "none": Array [],
    +         "target": Array [
    +           ".css-7lgs1e",
    +         ],
    +       },
    +       Object {
    +         "all": Array [],
    +         "any": Array [
    +           Object {
    +             "data": Object {
    +               "bgColor": "#fff3e0",
    +               "contrastRatio": 1.96,
    +               "expectedContrastRatio": "3:1",
    +               "fgColor": "#ff9800",
    +               "fontSize": "24.0pt (32px)",
    +               "fontWeight": "bold",
    +               "messageKey": null,
    +             },
    +             "id": "color-contrast",
    +             "impact": "serious",
    +             "message": "Element has insufficient color contrast of 1.96 (foreground color: #ff9800, background color: #fff3e0, font size: 24.0pt (32px), font weight: bold). Expected contrast ratio of 3:1",
    +             "relatedNodes": Array [
    +               Object {
    +                 "html": "<div class=\"MuiPaper-root MuiPaper-elevation MuiPaper-rounded MuiPaper-elevation0 css-1ll5qm1\">",
    +                 "target": Array [
    +                   ".css-1ll5qm1",
    +                 ],
    +               },
    +             ],
    +           },
    +         ],
    +         "failureSummary": "Fix any of the following:
    +   Element has insufficient color contrast of 1.96 (foreground color: #ff9800, background color: #fff3e0, font size: 24.0pt (32px), font weight: bold). Expected contrast ratio of 3:1",
    +         "html": "<h3 class=\"MuiTypography-root MuiTypography-h3 css-777i70\">E[V₇]</h3>",
    +         "impact": "serious",
    +         "none": Array [],
    +         "target": Array [
    +           ".css-777i70",
    +         ],
    +       },
    +       Object {
    +         "all": Array [],
    +         "any": Array [
    +           Object {
    +             "data": Object {
    +               "bgColor": "#fff3e0",
    +               "contrastRatio": 1.96,
    +               "expectedContrastRatio": "4.5:1",
    +               "fgColor": "#ff9800",
    +               "fontSize": "12.0pt (16px)",
    +               "fontWeight": "bold",
    +               "messageKey": null,
    +             },
    +             "id": "color-contrast",
    +             "impact": "serious",
    +             "message": "Element has insufficient color contrast of 1.96 (foreground color: #ff9800, background color: #fff3e0, font size: 12.0pt (16px), font weight: bold). Expected contrast ratio of 4.5:1",
    +             "relatedNodes": Array [
    +               Object {
    +                 "html": "<div class=\"MuiPaper-root MuiPaper-elevation MuiPaper-rounded MuiPaper-elevation0 css-1ll5qm1\">",
    +                 "target": Array [
    +                   ".css-1ll5qm1",
    +                 ],
    +               },
    +             ],
    +           },
    +         ],
    +         "failureSummary": "Fix any of the following:
    +   Element has insufficient color contrast of 1.96 (foreground color: #ff9800, background color: #fff3e0, font size: 12.0pt (16px), font weight: bold). Expected contrast ratio of 4.5:1",
    +         "html": "<h6 class=\"MuiTypography-root MuiTypography-subtitle1 css-k2cvte\">Smart Mulligan</h6>",
    +         "impact": "serious",
    +         "none": Array [],
    +         "target": Array [
    +           ".css-k2cvte",
    +         ],
    +       },
    +       Object {
    +         "all": Array [],
    +         "any": Array [
    +           Object {
    +             "data": Object {
    +               "bgColor": "#e0f7fa",
    +               "contrastRatio": 2.06,
    +               "expectedContrastRatio": "3:1",
    +               "fgColor": "#00bcd4",
    +               "fontSize": "24.0pt (32px)",
    +               "fontWeight": "bold",
    +               "messageKey": null,
    +             },
    +             "id": "color-contrast",
    +             "impact": "serious",
    +             "message": "Element has insufficient color contrast of 2.06 (foreground color: #00bcd4, background color: #e0f7fa, font size: 24.0pt (32px), font weight: bold). Expected contrast ratio of 3:1",
    +             "relatedNodes": Array [
    +               Object {
    +                 "html": "<div class=\"MuiPaper-root MuiPaper-elevation MuiPaper-rounded MuiPaper-elevation0 css-ehav0r\">",
    +                 "target": Array [
    +                   ".css-ehav0r",
    +                 ],
    +               },
    +             ],
    +           },
    +         ],
    +         "failureSummary": "Fix any of the following:
    +   Element has insufficient color contrast of 2.06 (foreground color: #00bcd4, background color: #e0f7fa, font size: 24.0pt (32px), font weight: bold). Expected contrast ratio of 3:1",
    +         "html": "<h3 class=\"MuiTypography-root MuiTypography-h3 css-139ay7a\">0-100</h3>",
    +         "impact": "serious",
    +         "none": Array [],
    +         "target": Array [
    +           ".css-139ay7a",
    +         ],
    +       },
    +       Object {
    +         "all": Array [],
    +         "any": Array [
    +           Object {
    +             "data": Object {
    +               "bgColor": "#e0f7fa",
    +               "contrastRatio": 2.06,
    +               "expectedContrastRatio": "4.5:1",
    +               "fgColor": "#00bcd4",
    +               "fontSize": "12.0pt (16px)",
    +               "fontWeight": "bold",
    +               "messageKey": null,
    +             },
    +             "id": "color-contrast",
    +             "impact": "serious",
    +             "message": "Element has insufficient color contrast of 2.06 (foreground color: #00bcd4, background color: #e0f7fa, font size: 12.0pt (16px), font weight: bold). Expected contrast ratio of 4.5:1",
    +             "relatedNodes": Array [
    +               Object {
    +                 "html": "<div class=\"MuiPaper-root MuiPaper-elevation MuiPaper-rounded MuiPaper-elevation0 css-ehav0r\">",
    +                 "target": Array [
    +                   ".css-ehav0r",
    +                 ],
    +               },
    +             ],
    +           },
    +         ],
    +         "failureSummary": "Fix any of the following:
    +   Element has insufficient color contrast of 2.06 (foreground color: #00bcd4, background color: #e0f7fa, font size: 12.0pt (16px), font weight: bold). Expected contrast ratio of 4.5:1",
    +         "html": "<h6 class=\"MuiTypography-root MuiTypography-subtitle1 css-1bwha3c\">Health Score</h6>",
    +         "impact": "serious",
    +         "none": Array [],
    +         "target": Array [
    +           ".css-1bwha3c",
    +         ],
    +       },
    +       Object {
    +         "all": Array [],
    +         "any": Array [
    +           Object {
    +             "data": Object {
    +               "bgColor": "#fce4ec",
    +               "contrastRatio": 3.61,
    +               "expectedContrastRatio": "4.5:1",
    +               "fgColor": "#e91e63",
    +               "fontSize": "12.0pt (16px)",
    +               "fontWeight": "bold",
    +               "messageKey": null,
    +             },
    +             "id": "color-contrast",
    +             "impact": "serious",
    +             "message": "Element has insufficient color contrast of 3.61 (foreground color: #e91e63, background color: #fce4ec, font size: 12.0pt (16px), font weight: bold). Expected contrast ratio of 4.5:1",
    +             "relatedNodes": Array [
    +               Object {
    +                 "html": "<div class=\"MuiPaper-root MuiPaper-elevation MuiPaper-rounded MuiPaper-elevation0 css-j6lg9l\">",
    +                 "target": Array [
    +                   ".css-j6lg9l",
    +                 ],
    +               },
    +             ],
    +           },
    +         ],
    +         "failureSummary": "Fix any of the following:
    +   Element has insufficient color contrast of 3.61 (foreground color: #e91e63, background color: #fce4ec, font size: 12.0pt (16px), font weight: bold). Expected contrast ratio of 4.5:1",
    +         "html": "<h6 class=\"MuiTypography-root MuiTypography-subtitle1 css-as18kf\">Archetype Weights</h6>",
    +         "impact": "serious",
    +         "none": Array [],
    +         "target": Array [
    +           ".css-as18kf",
    +         ],
    +       },
    +       Object {
    +         "all": Array [],
    +         "any": Array [
    +           Object {
    +             "data": Object {
    +               "bgColor": "#4caf50",
    +               "contrastRatio": 2.77,
    +               "expectedContrastRatio": "4.5:1",
    +               "fgColor": "#ffffff",
    +               "fontSize": "9.8pt (13px)",
    +               "fontWeight": "normal",
    +               "messageKey": null,
    +             },
    +             "id": "color-contrast",
    +             "impact": "serious",
    +             "message": "Element has insufficient color contrast of 2.77 (foreground color: #ffffff, background color: #4caf50, font size: 9.8pt (13px), font weight: normal). Expected contrast ratio of 4.5:1",
    +             "relatedNodes": Array [
    +               Object {
    +                 "html": "<div class=\"MuiChip-root MuiChip-filled MuiChip-sizeSmall MuiChip-colorDefault MuiChip-filledDefault css-19729v0\"><span class=\"MuiChip-label MuiChip-labelSmall css-tavflp\">16-18 lands</span></div>",
    +                 "target": Array [
    +                   ".css-19729v0",
    +                 ],
    +               },
    +             ],
    +           },
    +         ],
    +         "failureSummary": "Fix any of the following:
    +   Element has insufficient color contrast of 2.77 (foreground color: #ffffff, background color: #4caf50, font size: 9.8pt (13px), font weight: normal). Expected contrast ratio of 4.5:1",
    +         "html": "<span class=\"MuiChip-label MuiChip-labelSmall css-tavflp\">16-18 lands</span>",
    +         "impact": "serious",
    +         "none": Array [],
    +         "target": Array [
    +           ".css-19729v0 > .css-tavflp.MuiChip-label.MuiChip-labelSmall",
    +         ],
    +       },
    +       Object {
    +         "all": Array [],
    +         "any": Array [
    +           Object {
    +             "data": Object {
    +               "bgColor": "#2196f3",
    +               "contrastRatio": 3.12,
    +               "expectedContrastRatio": "4.5:1",
    +               "fgColor": "#ffffff",
    +               "fontSize": "9.8pt (13px)",
    +               "fontWeight": "normal",
    +               "messageKey": null,
    +             },
    +             "id": "color-contrast",
    +             "impact": "serious",
    +             "message": "Element has insufficient color contrast of 3.12 (foreground color: #ffffff, background color: #2196f3, font size: 9.8pt (13px), font weight: normal). Expected contrast ratio of 4.5:1",
    +             "relatedNodes": Array [
    +               Object {
    +                 "html": "<div class=\"MuiChip-root MuiChip-filled MuiChip-sizeSmall MuiChip-colorDefault MuiChip-filledDefault css-1mdlgw5\"><span class=\"MuiChip-label MuiChip-labelSmall css-tavflp\">24-26 lands</span></div>",
    +                 "target": Array [
    +                   ".css-1mdlgw5",
    +                 ],
    +               },
    +             ],
    +           },
    +         ],
    +         "failureSummary": "Fix any of the following:
    +   Element has insufficient color contrast of 3.12 (foreground color: #ffffff, background color: #2196f3, font size: 9.8pt (13px), font weight: normal). Expected contrast ratio of 4.5:1",
    +         "html": "<span class=\"MuiChip-label MuiChip-labelSmall css-tavflp\">24-26 lands</span>",
    +         "impact": "serious",
    +         "none": Array [],
    +         "target": Array [
    +           ".css-1mdlgw5 > .css-tavflp.MuiChip-label.MuiChip-labelSmall",
    +         ],
    +       },
    +       Object {
    +         "all": Array [],
    +         "any": Array [
    +           Object {
    +             "data": Object {
    +               "bgColor": "#f44336",
    +               "contrastRatio": 3.68,
    +               "expectedContrastRatio": "4.5:1",
    +               "fgColor": "#ffffff",
    +               "fontSize": "9.8pt (13px)",
    +               "fontWeight": "normal",
    +               "messageKey": null,
    +             },
    +             "id": "color-contrast",
    +             "impact": "serious",
    +             "message": "Element has insufficient color contrast of 3.68 (foreground color: #ffffff, background color: #f44336, font size: 9.8pt (13px), font weight: normal). Expected contrast ratio of 4.5:1",
    +             "relatedNodes": Array [
    +               Object {
    +                 "html": "<div class=\"MuiChip-root MuiChip-filled MuiChip-sizeSmall MuiChip-colorDefault MuiChip-filledDefault css-mdsrvb\"><span class=\"MuiChip-label MuiChip-labelSmall css-tavflp\">19-23 lands</span></div>",
    +                 "target": Array [
    +                   ".css-mdsrvb",
    +                 ],
    +               },
    +             ],
    +           },
    +         ],
    +         "failureSummary": "Fix any of the following:
    +   Element has insufficient color contrast of 3.68 (foreground color: #ffffff, background color: #f44336, font size: 9.8pt (13px), font weight: normal). Expected contrast ratio of 4.5:1",
    +         "html": "<span class=\"MuiChip-label MuiChip-labelSmall css-tavflp\">19-23 lands</span>",
    +         "impact": "serious",
    +         "none": Array [],
    +         "target": Array [
    +           ".css-mdsrvb > .css-tavflp.MuiChip-label.MuiChip-labelSmall",
    +         ],
    +       },
    +       Object {
    +         "all": Array [],
    +         "any": Array [
    +           Object {
    +             "data": Object {
    +               "bgColor": "#ff9800",
    +               "contrastRatio": 2.15,
    +               "expectedContrastRatio": "4.5:1",
    +               "fgColor": "#ffffff",
    +               "fontSize": "9.8pt (13px)",
    +               "fontWeight": "normal",
    +               "messageKey": null,
    +             },
    +             "id": "color-contrast",
    +             "impact": "serious",
    +             "message": "Element has insufficient color contrast of 2.15 (foreground color: #ffffff, background color: #ff9800, font size: 9.8pt (13px), font weight: normal). Expected contrast ratio of 4.5:1",
    +             "relatedNodes": Array [
    +               Object {
    +                 "html": "<div class=\"MuiChip-root MuiChip-filled MuiChip-sizeSmall MuiChip-colorDefault MuiChip-filledDefault css-ye1fzg\"><span class=\"MuiChip-label MuiChip-labelSmall css-tavflp\">18-22 lands</span></div>",
    +                 "target": Array [
    +                   ".css-ye1fzg",
    +                 ],
    +               },
    +             ],
    +           },
    +         ],
    +         "failureSummary": "Fix any of the following:
    +   Element has insufficient color contrast of 2.15 (foreground color: #ffffff, background color: #ff9800, font size: 9.8pt (13px), font weight: normal). Expected contrast ratio of 4.5:1",
    +         "html": "<span class=\"MuiChip-label MuiChip-labelSmall css-tavflp\">18-22 lands</span>",
    +         "impact": "serious",
    +         "none": Array [],
    +         "target": Array [
    +           ".css-ye1fzg > .css-tavflp.MuiChip-label.MuiChip-labelSmall",
    +         ],
    +       },
    +       Object {
    +         "all": Array [],
    +         "any": Array [
    +           Object {
    +             "data": Object {
    +               "bgColor": "#00bcd4",
    +               "contrastRatio": 2.29,
    +               "expectedContrastRatio": "4.5:1",
    +               "fgColor": "#ffffff",
    +               "fontSize": "9.8pt (13px)",
    +               "fontWeight": "normal",
    +               "messageKey": null,
    +             },
    +             "id": "color-contrast",
    +             "impact": "serious",
    +             "message": "Element has insufficient color contrast of 2.29 (foreground color: #ffffff, background color: #00bcd4, font size: 9.8pt (13px), font weight: normal). Expected contrast ratio of 4.5:1",
    +             "relatedNodes": Array [
    +               Object {
    +                 "html": "<div class=\"MuiChip-root MuiChip-filled MuiChip-sizeSmall MuiChip-colorDefault MuiChip-filledDefault css-xqto7n\"><span class=\"MuiChip-label MuiChip-labelSmall css-tavflp\">36-38 lands</span></div>",
    +                 "target": Array [
    +                   ".css-xqto7n",
    +                 ],
    +               },
    +             ],
    +           },
    +         ],
    +         "failureSummary": "Fix any of the following:
    +   Element has insufficient color contrast of 2.29 (foreground color: #ffffff, background color: #00bcd4, font size: 9.8pt (13px), font weight: normal). Expected contrast ratio of 4.5:1",
    +         "html": "<span class=\"MuiChip-label MuiChip-labelSmall css-tavflp\">36-38 lands</span>",
    +         "impact": "serious",
    +         "none": Array [],
    +         "target": Array [
    +           ".css-xqto7n > .css-tavflp.MuiChip-label.MuiChip-labelSmall",
    +         ],
    +       },
    +       Object {
    +         "all": Array [],
    +         "any": Array [
    +           Object {
    +             "data": Object {
    +               "bgColor": "#00bcd4",
    +               "contrastRatio": 2.29,
    +               "expectedContrastRatio": "4.5:1",
    +               "fgColor": "#ffffff",
    +               "fontSize": "9.8pt (13px)",
    +               "fontWeight": "bold",
    +               "messageKey": null,
    +             },
    +             "id": "color-contrast",
    +             "impact": "serious",
    +             "message": "Element has insufficient color contrast of 2.29 (foreground color: #ffffff, background color: #00bcd4, font size: 9.8pt (13px), font weight: bold). Expected contrast ratio of 4.5:1",
    +             "relatedNodes": Array [
    +               Object {
    +                 "html": "<div class=\"MuiChip-root MuiChip-filled MuiChip-sizeSmall MuiChip-colorDefault MuiChip-filledDefault css-f1g3co\"><span class=\"MuiChip-label MuiChip-labelSmall css-tavflp\">New in v2.5.6</span></div>",
    +                 "target": Array [
    +                   ".css-f1g3co",
    +                 ],
    +               },
    +             ],
    +           },
    +         ],
    +         "failureSummary": "Fix any of the following:
    +   Element has insufficient color contrast of 2.29 (foreground color: #ffffff, background color: #00bcd4, font size: 9.8pt (13px), font weight: bold). Expected contrast ratio of 4.5:1",
    +         "html": "<span class=\"MuiChip-label MuiChip-labelSmall css-tavflp\">New in v2.5.6</span>",
    +         "impact": "serious",
    +         "none": Array [],
    +         "target": Array [
    +           ".css-f1g3co > .css-tavflp.MuiChip-label.MuiChip-labelSmall",
    +         ],
    +       },
    +     ],
    +     "tags": Array [
    +       "cat.color",
    +       "wcag2aa",
    +       "wcag143",
    +       "TTv5",
    +       "TT13.c",
    +       "EN-301-549",
    +       "EN-9.1.4.3",
    +       "ACT",
    +       "RGAAv4",
    +       "RGAA-3.2.1",
    +     ],
    +   },
    + ]

      515 |         const contrast = await new AxeBuilder({ page }).include('main').withRules(['color-contrast']).analyze()
      516 |         await testInfo.attach(`${route.slice(1)}-${width}-${colorScheme}-contrast`, { body: JSON.stringify(contrast), contentType: 'application/json' })
    > 517 |         expect(contrast.violations, JSON.stringify(contrast.violations, null, 2)).toEqual([])
          |                                                                                   ^
      518 |       }
      519 |     })
      520 |   }
        at /Volumes/DataDisk/_Projects/Project Mana base V2/tests/e2e/core-flows/persona-followup.spec.js:517:83

    attachment #2: screenshot (image/png) ──────────────────────────────────────────────────────────
    docs/engineering/reaudit-fixes-szrp1r9w/persona-03/persona-followup-R01–R07-g-34e5a-ast-themes-and-viewport-390-chromium/test-failed-1.png
    ────────────────────────────────────────────────────────────────────────────────────────────────

    Error Context: docs/engineering/reaudit-fixes-szrp1r9w/persona-03/persona-followup-R01–R07-g-34e5a-ast-themes-and-viewport-390-chromium/error-context.md

    attachment #4: trace (application/zip) ─────────────────────────────────────────────────────────
    docs/engineering/reaudit-fixes-szrp1r9w/persona-03/persona-followup-R01–R07-g-34e5a-ast-themes-and-viewport-390-chromium/trace.zip
    Usage:

        npx playwright show-trace docs/engineering/reaudit-fixes-szrp1r9w/persona-03/persona-followup-R01–R07-g-34e5a-ast-themes-and-viewport-390-chromium/trace.zip

    ────────────────────────────────────────────────────────────────────────────────────────────────


(node:90102) Warning: The 'NO_COLOR' env is ignored due to the 'FORCE_COLOR' env being set.
(Use `node --trace-warnings ...` to show where the warning was created)


[18/23] [chromium] › tests/e2e/core-flows/persona-followup.spec.js:475:9 › R01–R07 /library keyboard, contrast, themes and viewport 390
  3) [chromium] › tests/e2e/core-flows/persona-followup.spec.js:475:9 › R01–R07 /library keyboard, contrast, themes and viewport 390

    Error: [
      {
        "id": "color-contrast",
        "impact": "serious",
        "tags": [
          "cat.color",
          "wcag2aa",
          "wcag143",
          "TTv5",
          "TT13.c",
          "EN-301-549",
          "EN-9.1.4.3",
          "ACT",
          "RGAAv4",
          "RGAA-3.2.1"
        ],
        "description": "Ensure the contrast between foreground and background colors meets WCAG 2 AA minimum contrast ratio thresholds",
        "help": "Elements must meet minimum color contrast ratio thresholds",
        "helpUrl": "https://dequeuniversity.com/rules/axe/4.11/color-contrast?application=playwright",
        "nodes": [
          {
            "any": [
              {
                "id": "color-contrast",
                "data": {
                  "fgColor": "#e9b54c",
                  "bgColor": "#ffffff",
                  "contrastRatio": 1.87,
                  "fontSize": "7.8pt (10.4px)",
                  "fontWeight": "normal",
                  "messageKey": null,
                  "expectedContrastRatio": "4.5:1"
                },
                "relatedNodes": [
                  {
                    "html": "<div class=\"MuiPaper-root MuiPaper-elevation MuiPaper-rounded MuiPaper-elevation0 MuiCard-root css-1av528k\" id=\"article-saito-part-2-having-fun\">",
                    "target": [
                      "#article-saito-part-2-having-fun"
                    ]
                  }
                ],
                "impact": "serious",
                "message": "Element has insufficient color contrast of 1.87 (foreground color: #e9b54c, background color: #ffffff, font size: 7.8pt (10.4px), font weight: normal). Expected contrast ratio of 4.5:1"
              }
            ],
            "all": [],
            "none": [],
            "impact": "serious",
            "html": "<span class=\"MuiChip-label MuiChip-labelSmall css-cxrmjv\">Archived</span>",
            "target": [
              "#article-saito-part-2-having-fun > .MuiCardContent-root.css-1edln9e > .css-1js5bby.MuiStack-root > .css-r0di03.MuiChip-colorWarning.MuiChip-outlinedWarning > .css-cxrmjv.MuiChip-labelSmall.MuiChip-label"
            ],
            "failureSummary": "Fix any of the following:\n  Element has insufficient color contrast of 1.87 (foreground color: #e9b54c, background color: #ffffff, font size: 7.8pt (10.4px), font weight: normal). Expected contrast ratio of 4.5:1"
          },
          {
            "any": [
              {
                "id": "color-contrast",
                "data": {
                  "fgColor": "#e9b54c",
                  "bgColor": "#ffffff",
                  "contrastRatio": 1.87,
                  "fontSize": "7.8pt (10.4px)",
                  "fontWeight": "normal",
                  "messageKey": null,
                  "expectedContrastRatio": "4.5:1"
                },
                "relatedNodes": [
                  {
                    "html": "<div class=\"MuiPaper-root MuiPaper-elevation MuiPaper-rounded MuiPaper-elevation0 MuiCard-root css-1av528k\" id=\"article-pvddr-one-mistake-archive\">",
                    "target": [
                      "#article-pvddr-one-mistake-archive"
                    ]
                  }
                ],
                "impact": "serious",
                "message": "Element has insufficient color contrast of 1.87 (foreground color: #e9b54c, background color: #ffffff, font size: 7.8pt (10.4px), font weight: normal). Expected contrast ratio of 4.5:1"
              }
            ],
            "all": [],
            "none": [],
            "impact": "serious",
            "html": "<span class=\"MuiChip-label MuiChip-labelSmall css-cxrmjv\">Archived</span>",
            "target": [
              "#article-pvddr-one-mistake-archive > .MuiCardContent-root.css-1edln9e > .css-1js5bby.MuiStack-root > .css-r0di03.MuiChip-colorWarning.MuiChip-outlinedWarning > .css-cxrmjv.MuiChip-labelSmall.MuiChip-label"
            ],
            "failureSummary": "Fix any of the following:\n  Element has insufficient color contrast of 1.87 (foreground color: #e9b54c, background color: #ffffff, font size: 7.8pt (10.4px), font weight: normal). Expected contrast ratio of 4.5:1"
          },
          {
            "any": [
              {
                "id": "color-contrast",
                "data": {
                  "fgColor": "#e9b54c",
                  "bgColor": "#ffffff",
                  "contrastRatio": 1.87,
                  "fontSize": "7.8pt (10.4px)",
                  "fontWeight": "normal",
                  "messageKey": null,
                  "expectedContrastRatio": "4.5:1"
                },
                "relatedNodes": [
                  {
                    "html": "<div class=\"MuiPaper-root MuiPaper-elevation MuiPaper-rounded MuiPaper-elevation0 MuiCard-root css-1av528k\" id=\"article-karsten-hypergeometric-intro\">",
                    "target": [
                      "#article-karsten-hypergeometric-intro"
                    ]
                  }
                ],
                "impact": "serious",
                "message": "Element has insufficient color contrast of 1.87 (foreground color: #e9b54c, background color: #ffffff, font size: 7.8pt (10.4px), font weight: normal). Expected contrast ratio of 4.5:1"
              }
            ],
            "all": [],
            "none": [],
            "impact": "serious",
            "html": "<span class=\"MuiChip-label MuiChip-labelSmall css-cxrmjv\">Archived</span>",
            "target": [
              "#article-karsten-hypergeometric-intro > .MuiCardContent-root.css-1edln9e > .css-1js5bby.MuiStack-root > .css-r0di03.MuiChip-colorWarning.MuiChip-outlinedWarning > .css-cxrmjv.MuiChip-labelSmall.MuiChip-label"
            ],
            "failureSummary": "Fix any of the following:\n  Element has insufficient color contrast of 1.87 (foreground color: #e9b54c, background color: #ffffff, font size: 7.8pt (10.4px), font weight: normal). Expected contrast ratio of 4.5:1"
          },
          {
            "any": [
              {
                "id": "color-contrast",
                "data": {
                  "fgColor": "#e9b54c",
                  "bgColor": "#ffffff",
                  "contrastRatio": 1.87,
                  "fontSize": "7.8pt (10.4px)",
                  "fontWeight": "normal",
                  "messageKey": null,
                  "expectedContrastRatio": "4.5:1"
                },
                "relatedNodes": [
                  {
                    "html": "<div class=\"MuiPaper-root MuiPaper-elevation MuiPaper-rounded MuiPaper-elevation0 MuiCard-root css-1av528k\" id=\"article-saito-part-1-concentration\">",
                    "target": [
                      "#article-saito-part-1-concentration"
                    ]
                  }
                ],
                "impact": "serious",
                "message": "Element has insufficient color contrast of 1.87 (foreground color: #e9b54c, background color: #ffffff, font size: 7.8pt (10.4px), font weight: normal). Expected contrast ratio of 4.5:1"
              }
            ],
            "all": [],
            "none": [],
            "impact": "serious",
            "html": "<span class=\"MuiChip-label MuiChip-labelSmall css-cxrmjv\">Archived</span>",
            "target": [
              "#article-saito-part-1-concentration > .MuiCardContent-root.css-1edln9e > .css-1js5bby.MuiStack-root > .css-r0di03.MuiChip-colorWarning.MuiChip-outlinedWarning > .css-cxrmjv.MuiChip-labelSmall.MuiChip-label"
            ],
            "failureSummary": "Fix any of the following:\n  Element has insufficient color contrast of 1.87 (foreground color: #e9b54c, background color: #ffffff, font size: 7.8pt (10.4px), font weight: normal). Expected contrast ratio of 4.5:1"
          },
          {
            "any": [
              {
                "id": "color-contrast",
                "data": {
                  "fgColor": "#e9b54c",
                  "bgColor": "#ffffff",
                  "contrastRatio": 1.87,
                  "fontSize": "7.8pt (10.4px)",
                  "fontWeight": "normal",
                  "messageKey": null,
                  "expectedContrastRatio": "4.5:1"
                },
                "relatedNodes": [
                  {
                    "html": "<div class=\"MuiPaper-root MuiPaper-elevation MuiPaper-rounded MuiPaper-elevation0 MuiCard-root css-1av528k\" id=\"article-karsten-commander-manabase\">",
                    "target": [
                      "#article-karsten-commander-manabase"
                    ]
                  }
                ],
                "impact": "serious",
                "message": "Element has insufficient color contrast of 1.87 (foreground color: #e9b54c, background color: #ffffff, font size: 7.8pt (10.4px), font weight: normal). Expected contrast ratio of 4.5:1"
              }
            ],
            "all": [],
            "none": [],
            "impact": "serious",
            "html": "<span class=\"MuiChip-label MuiChip-labelSmall css-cxrmjv\">Archived</span>",
            "target": [
              "#article-karsten-commander-manabase > .MuiCardContent-root.css-1edln9e > .css-1js5bby.MuiStack-root > .css-r0di03.MuiChip-colorWarning.MuiChip-outlinedWarning > .css-cxrmjv.MuiChip-labelSmall.MuiChip-label"
            ],
            "failureSummary": "Fix any of the following:\n  Element has insufficient color contrast of 1.87 (foreground color: #e9b54c, background color: #ffffff, font size: 7.8pt (10.4px), font weight: normal). Expected contrast ratio of 4.5:1"
          },
          {
            "any": [
              {
                "id": "color-contrast",
                "data": {
                  "fgColor": "#e9b54c",
                  "bgColor": "#ffffff",
                  "contrastRatio": 1.87,
                  "fontSize": "7.8pt (10.4px)",
                  "fontWeight": "normal",
                  "messageKey": null,
                  "expectedContrastRatio": "4.5:1"
                },
                "relatedNodes": [
                  {
                    "html": "<div class=\"MuiPaper-root MuiPaper-elevation MuiPaper-rounded MuiPaper-elevation0 MuiCard-root css-1av528k\" id=\"article-lsv-draft-signals-classic\">",
                    "target": [
                      "#article-lsv-draft-signals-classic"
                    ]
                  }
                ],
                "impact": "serious",
                "message": "Element has insufficient color contrast of 1.87 (foreground color: #e9b54c, background color: #ffffff, font size: 7.8pt (10.4px), font weight: normal). Expected contrast ratio of 4.5:1"
              }
            ],
            "all": [],
            "none": [],
            "impact": "serious",
            "html": "<span class=\"MuiChip-label MuiChip-labelSmall css-cxrmjv\">Archived</span>",
            "target": [
              "#article-lsv-draft-signals-classic > .MuiCardContent-root.css-1edln9e > .css-1js5bby.MuiStack-root > .css-r0di03.MuiChip-colorWarning.MuiChip-outlinedWarning > .css-cxrmjv.MuiChip-labelSmall.MuiChip-label"
            ],
            "failureSummary": "Fix any of the following:\n  Element has insufficient color contrast of 1.87 (foreground color: #e9b54c, background color: #ffffff, font size: 7.8pt (10.4px), font weight: normal). Expected contrast ratio of 4.5:1"
          },
          {
            "any": [
              {
                "id": "color-contrast",
                "data": {
                  "fgColor": "#e9b54c",
                  "bgColor": "#ffffff",
                  "contrastRatio": 1.87,
                  "fontSize": "7.8pt (10.4px)",
                  "fontWeight": "normal",
                  "messageKey": null,
                  "expectedContrastRatio": "4.5:1"
                },
                "relatedNodes": [
                  {
                    "html": "<div class=\"MuiPaper-root MuiPaper-elevation MuiPaper-rounded MuiPaper-elevation0 MuiCard-root css-1av528k\" id=\"article-zvi-whos-the-beatdown-2-multitasking\">",
                    "target": [
                      ".css-10ib5jr.MuiBox-root:nth-child(4) > .MuiGrid-spacing-xs-2\\.5.css-es6bie.MuiGrid-container > .css-1twzmnh.MuiGrid-grid-sm-6.MuiGrid-grid-md-4:nth-child(5) > .css-1av528k.MuiCard-root.MuiPaper-rounded"
                    ]
                  }
                ],
                "impact": "serious",
                "message": "Element has insufficient color contrast of 1.87 (foreground color: #e9b54c, background color: #ffffff, font size: 7.8pt (10.4px), font weight: normal). Expected contrast ratio of 4.5:1"
              }
            ],
            "all": [],
            "none": [],
            "impact": "serious",
            "html": "<span class=\"MuiChip-label MuiChip-labelSmall css-cxrmjv\">Archived</span>",
            "target": [
              ".css-1twzmnh.MuiGrid-grid-sm-6.MuiGrid-grid-md-4:nth-child(5) > .css-1av528k.MuiCard-root.MuiPaper-rounded > .MuiCardContent-root.css-1edln9e > .css-1js5bby.MuiStack-root > .css-r0di03.MuiChip-colorWarning.MuiChip-outlinedWarning > .css-cxrmjv.MuiChip-labelSmall.MuiChip-label"
            ],
            "failureSummary": "Fix any of the following:\n  Element has insufficient color contrast of 1.87 (foreground color: #e9b54c, background color: #ffffff, font size: 7.8pt (10.4px), font weight: normal). Expected contrast ratio of 4.5:1"
          },
          {
            "any": [
              {
                "id": "color-contrast",
                "data": {
                  "fgColor": "#e9b54c",
                  "bgColor": "#ffffff",
                  "contrastRatio": 1.87,
                  "fontSize": "7.8pt (10.4px)",
                  "fontWeight": "normal",
                  "messageKey": null,
                  "expectedContrastRatio": "4.5:1"
                },
                "relatedNodes": [
                  {
                    "html": "<div class=\"MuiPaper-root MuiPaper-elevation MuiPaper-rounded MuiPaper-elevation0 MuiCard-root css-1av528k\" id=\"article-flores-whos-the-beatdown\">",
                    "target": [
                      "#article-flores-whos-the-beatdown"
                    ]
                  }
                ],
                "impact": "serious",
                "message": "Element has insufficient color contrast of 1.87 (foreground color: #e9b54c, background color: #ffffff, font size: 7.8pt (10.4px), font weight: normal). Expected contrast ratio of 4.5:1"
              }
            ],
            "all": [],
            "none": [],
            "impact": "serious",
            "html": "<span class=\"MuiChip-label MuiChip-labelSmall css-cxrmjv\">Archived</span>",
            "target": [
              "#article-flores-whos-the-beatdown > .MuiCardContent-root.css-1edln9e > .css-1js5bby.MuiStack-root > .css-r0di03.MuiChip-colorWarning.MuiChip-outlinedWarning > .css-cxrmjv.MuiChip-labelSmall.MuiChip-label"
            ],
            "failureSummary": "Fix any of the following:\n  Element has insufficient color contrast of 1.87 (foreground color: #e9b54c, background color: #ffffff, font size: 7.8pt (10.4px), font weight: normal). Expected contrast ratio of 4.5:1"
          },
          {
            "any": [
              {
                "id": "color-contrast",
                "data": {
                  "fgColor": "#e9b54c",
                  "bgColor": "#ffffff",
                  "contrastRatio": 1.87,
                  "fontSize": "7.8pt (10.4px)",
                  "fontWeight": "normal",
                  "messageKey": null,
                  "expectedContrastRatio": "4.5:1"
                },
                "relatedNodes": [
                  {
                    "html": "<div class=\"MuiPaper-root MuiPaper-elevation MuiPaper-rounded MuiPaper-elevation0 MuiCard-root css-1av528k\" id=\"article-karsten-colored-sources-2018-archive\">",
                    "target": [
                      "#article-karsten-colored-sources-2018-archive"
                    ]
                  }
                ],
                "impact": "serious",
                "message": "Element has insufficient color contrast of 1.87 (foreground color: #e9b54c, background color: #ffffff, font size: 7.8pt (10.4px), font weight: normal). Expected contrast ratio of 4.5:1"
              }
            ],
            "all": [],
            "none": [],
            "impact": "serious",
            "html": "<span class=\"MuiChip-label MuiChip-labelSmall css-cxrmjv\">Archived</span>",
            "target": [
              "#article-karsten-colored-sources-2018-archive > .MuiCardContent-root.css-1edln9e > .css-1js5bby.MuiStack-root > .css-r0di03.MuiChip-colorWarning.MuiChip-outlinedWarning > .css-cxrmjv.MuiChip-labelSmall.MuiChip-label"
            ],
            "failureSummary": "Fix any of the following:\n  Element has insufficient color contrast of 1.87 (foreground color: #e9b54c, background color: #ffffff, font size: 7.8pt (10.4px), font weight: normal). Expected contrast ratio of 4.5:1"
          },
          {
            "any": [
              {
                "id": "color-contrast",
                "data": {
                  "fgColor": "#e9b54c",
                  "bgColor": "#ffffff",
                  "contrastRatio": 1.87,
                  "fontSize": "7.8pt (10.4px)",
                  "fontWeight": "normal",
                  "messageKey": null,
                  "expectedContrastRatio": "4.5:1"
                },
                "relatedNodes": [
                  {
                    "html": "<div class=\"MuiPaper-root MuiPaper-elevation MuiPaper-rounded MuiPaper-elevation0 MuiCard-root css-1av528k\" id=\"article-saito-part-4-metagame\">",
                    "target": [
                      ".css-10ib5jr.MuiBox-root:nth-child(9) > .MuiGrid-spacing-xs-2\\.5.css-es6bie.MuiGrid-container > .css-1twzmnh.MuiGrid-grid-sm-6.MuiGrid-grid-md-4:nth-child(1) > .css-1av528k.MuiCard-root.MuiPaper-rounded"
                    ]
                  }
                ],
                "impact": "serious",
                "message": "Element has insufficient color contrast of 1.87 (foreground color: #e9b54c, background color: #ffffff, font size: 7.8pt (10.4px), font weight: normal). Expected contrast ratio of 4.5:1"
              }
            ],
            "all": [],
            "none": [],
            "impact": "serious",
            "html": "<span class=\"MuiChip-label MuiChip-labelSmall css-cxrmjv\">Archived</span>",
            "target": [
              ".css-10ib5jr.MuiBox-root:nth-child(9) > .MuiGrid-spacing-xs-2\\.5.css-es6bie.MuiGrid-container > .css-1twzmnh.MuiGrid-grid-sm-6.MuiGrid-grid-md-4:nth-child(1) > .css-1av528k.MuiCard-root.MuiPaper-rounded > .MuiCardContent-root.css-1edln9e > .css-1js5bby.MuiStack-root > .css-r0di03.MuiChip-colorWarning.MuiChip-outlinedWarning > .css-cxrmjv.MuiChip-labelSmall.MuiChip-label"
            ],
            "failureSummary": "Fix any of the following:\n  Element has insufficient color contrast of 1.87 (foreground color: #e9b54c, background color: #ffffff, font size: 7.8pt (10.4px), font weight: normal). Expected contrast ratio of 4.5:1"
          },
          {
            "any": [
              {
                "id": "color-contrast",
                "data": {
                  "fgColor": "#e9b54c",
                  "bgColor": "#ffffff",
                  "contrastRatio": 1.87,
                  "fontSize": "7.8pt (10.4px)",
                  "fontWeight": "normal",
                  "messageKey": null,
                  "expectedContrastRatio": "4.5:1"
                },
                "relatedNodes": [
                  {
                    "html": "<div class=\"MuiPaper-root MuiPaper-elevation MuiPaper-rounded MuiPaper-elevation0 MuiCard-root css-1av528k\" id=\"article-saito-part-3-environment\">",
                    "target": [
                      "#article-saito-part-3-environment"
                    ]
                  }
                ],
                "impact": "serious",
                "message": "Element has insufficient color contrast of 1.87 (foreground color: #e9b54c, background color: #ffffff, font size: 7.8pt (10.4px), font weight: normal). Expected contrast ratio of 4.5:1"
              }
            ],
            "all": [],
            "none": [],
            "impact": "serious",
            "html": "<span class=\"MuiChip-label MuiChip-labelSmall css-cxrmjv\">Archived</span>",
            "target": [
              "#article-saito-part-3-environment > .MuiCardContent-root.css-1edln9e > .css-1js5bby.MuiStack-root > .css-r0di03.MuiChip-colorWarning.MuiChip-outlinedWarning > .css-cxrmjv.MuiChip-labelSmall.MuiChip-label"
            ],
            "failureSummary": "Fix any of the following:\n  Element has insufficient color contrast of 1.87 (foreground color: #e9b54c, background color: #ffffff, font size: 7.8pt (10.4px), font weight: normal). Expected contrast ratio of 4.5:1"
          },
          {
            "any": [
              {
                "id": "color-contrast",
                "data": {
                  "fgColor": "#e9b54c",
                  "bgColor": "#ffffff",
                  "contrastRatio": 1.87,
                  "fontSize": "7.8pt (10.4px)",
                  "fontWeight": "normal",
                  "messageKey": null,
                  "expectedContrastRatio": "4.5:1"
                },
                "relatedNodes": [
                  {
                    "html": "<div class=\"MuiPaper-root MuiPaper-elevation MuiPaper-rounded MuiPaper-elevation0 MuiCard-root css-1av528k\" id=\"article-saito-part-4-metagame\">",
                    "target": [
                      ".css-10ib5jr.MuiBox-root:nth-child(10) > .MuiGrid-spacing-xs-2\\.5.css-es6bie.MuiGrid-container > .css-1twzmnh.MuiGrid-grid-sm-6.MuiGrid-grid-md-4:nth-child(2) > .css-1av528k.MuiCard-root.MuiPaper-rounded"
                    ]
                  }
                ],
                "impact": "serious",
                "message": "Element has insufficient color contrast of 1.87 (foreground color: #e9b54c, background color: #ffffff, font size: 7.8pt (10.4px), font weight: normal). Expected contrast ratio of 4.5:1"
              }
            ],
            "all": [],
            "none": [],
            "impact": "serious",
            "html": "<span class=\"MuiChip-label MuiChip-labelSmall css-cxrmjv\">Archived</span>",
            "target": [
              ".css-1twzmnh.MuiGrid-grid-sm-6.MuiGrid-grid-md-4:nth-child(2) > .css-1av528k.MuiCard-root.MuiPaper-rounded > .MuiCardContent-root.css-1edln9e > .css-1js5bby.MuiStack-root > .css-r0di03.MuiChip-colorWarning.MuiChip-outlinedWarning > .css-cxrmjv.MuiChip-labelSmall.MuiChip-label"
            ],
            "failureSummary": "Fix any of the following:\n  Element has insufficient color contrast of 1.87 (foreground color: #e9b54c, background color: #ffffff, font size: 7.8pt (10.4px), font weight: normal). Expected contrast ratio of 4.5:1"
          },
          {
            "any": [
              {
                "id": "color-contrast",
                "data": {
                  "fgColor": "#e9b54c",
                  "bgColor": "#ffffff",
                  "contrastRatio": 1.87,
                  "fontSize": "7.8pt (10.4px)",
                  "fontWeight": "normal",
                  "messageKey": null,
                  "expectedContrastRatio": "4.5:1"
                },
                "relatedNodes": [
                  {
                    "html": "<div class=\"MuiPaper-root MuiPaper-elevation MuiPaper-rounded MuiPaper-elevation0 MuiCard-root css-1av528k\" id=\"article-saito-part-5-connections\">",
                    "target": [
                      "#article-saito-part-5-connections"
                    ]
                  }
                ],
                "impact": "serious",
                "message": "Element has insufficient color contrast of 1.87 (foreground color: #e9b54c, background color: #ffffff, font size: 7.8pt (10.4px), font weight: normal). Expected contrast ratio of 4.5:1"
              }
            ],
            "all": [],
            "none": [],
            "impact": "serious",
            "html": "<span class=\"MuiChip-label MuiChip-labelSmall css-cxrmjv\">Archived</span>",
            "target": [
              "#article-saito-part-5-connections > .MuiCardContent-root.css-1edln9e > .css-1js5bby.MuiStack-root > .css-r0di03.MuiChip-colorWarning.MuiChip-outlinedWarning > .css-cxrmjv.MuiChip-labelSmall.MuiChip-label"
            ],
            "failureSummary": "Fix any of the following:\n  Element has insufficient color contrast of 1.87 (foreground color: #e9b54c, background color: #ffffff, font size: 7.8pt (10.4px), font weight: normal). Expected contrast ratio of 4.5:1"
          },
          {
            "any": [
              {
                "id": "color-contrast",
                "data": {
                  "fgColor": "#e9b54c",
                  "bgColor": "#ffffff",
                  "contrastRatio": 1.87,
                  "fontSize": "7.8pt (10.4px)",
                  "fontWeight": "normal",
                  "messageKey": null,
                  "expectedContrastRatio": "4.5:1"
                },
                "relatedNodes": [
                  {
                    "html": "<div class=\"MuiPaper-root MuiPaper-elevation MuiPaper-rounded MuiPaper-elevation0 MuiCard-root css-1av528k\" id=\"article-saito-part-7-other-lessons\">",
                    "target": [
                      "#article-saito-part-7-other-lessons"
                    ]
                  }
                ],
                "impact": "serious",
                "message": "Element has insufficient color contrast of 1.87 (foreground color: #e9b54c, background color: #ffffff, font size: 7.8pt (10.4px), font weight: normal). Expected contrast ratio of 4.5:1"
              }
            ],
            "all": [],
            "none": [],
            "impact": "serious",
            "html": "<span class=\"MuiChip-label MuiChip-labelSmall css-cxrmjv\">Archived</span>",
            "target": [
              "#article-saito-part-7-other-lessons > .MuiCardContent-root.css-1edln9e > .css-1js5bby.MuiStack-root > .css-r0di03.MuiChip-colorWarning.MuiChip-outlinedWarning > .css-cxrmjv.MuiChip-labelSmall.MuiChip-label"
            ],
            "failureSummary": "Fix any of the following:\n  Element has insufficient color contrast of 1.87 (foreground color: #e9b54c, background color: #ffffff, font size: 7.8pt (10.4px), font weight: normal). Expected contrast ratio of 4.5:1"
          },
          {
            "any": [
              {
                "id": "color-contrast",
                "data": {
                  "fgColor": "#e9b54c",
                  "bgColor": "#ffffff",
                  "contrastRatio": 1.87,
                  "fontSize": "7.8pt (10.4px)",
                  "fontWeight": "normal",
                  "messageKey": null,
                  "expectedContrastRatio": "4.5:1"
                },
                "relatedNodes": [
                  {
                    "html": "<div class=\"MuiPaper-root MuiPaper-elevation MuiPaper-rounded MuiPaper-elevation0 MuiCard-root css-1av528k\" id=\"article-zvi-whos-the-beatdown-2-multitasking\">",
                    "target": [
                      ".css-10ib5jr.MuiBox-root:nth-child(11) > .MuiGrid-spacing-xs-2\\.5.css-es6bie.MuiGrid-container > .css-1twzmnh.MuiGrid-grid-sm-6.MuiGrid-grid-md-4:nth-child(3) > .css-1av528k.MuiCard-root.MuiPaper-rounded"
                    ]
                  }
                ],
                "impact": "serious",
                "message": "Element has insufficient color contrast of 1.87 (foreground color: #e9b54c, background color: #ffffff, font size: 7.8pt (10.4px), font weight: normal). Expected contrast ratio of 4.5:1"
              }
            ],
            "all": [],
            "none": [],
            "impact": "serious",
            "html": "<span class=\"MuiChip-label MuiChip-labelSmall css-cxrmjv\">Archived</span>",
            "target": [
              ".css-10ib5jr.MuiBox-root:nth-child(11) > .MuiGrid-spacing-xs-2\\.5.css-es6bie.MuiGrid-container > .css-1twzmnh.MuiGrid-grid-sm-6.MuiGrid-grid-md-4:nth-child(3) > .css-1av528k.MuiCard-root.MuiPaper-rounded > .MuiCardContent-root.css-1edln9e > .css-1js5bby.MuiStack-root > .css-r0di03.MuiChip-colorWarning.MuiChip-outlinedWarning > .css-cxrmjv.MuiChip-labelSmall.MuiChip-label"
            ],
            "failureSummary": "Fix any of the following:\n  Element has insufficient color contrast of 1.87 (foreground color: #e9b54c, background color: #ffffff, font size: 7.8pt (10.4px), font weight: normal). Expected contrast ratio of 4.5:1"
          }
        ]
      }
    ]

    expect(received).toEqual(expected) // deep equality

    - Expected  -   1
    + Received  + 548

    - Array []
    + Array [
    +   Object {
    +     "description": "Ensure the contrast between foreground and background colors meets WCAG 2 AA minimum contrast ratio thresholds",
    +     "help": "Elements must meet minimum color contrast ratio thresholds",
    +     "helpUrl": "https://dequeuniversity.com/rules/axe/4.11/color-contrast?application=playwright",
    +     "id": "color-contrast",
    +     "impact": "serious",
    +     "nodes": Array [
    +       Object {
    +         "all": Array [],
    +         "any": Array [
    +           Object {
    +             "data": Object {
    +               "bgColor": "#ffffff",
    +               "contrastRatio": 1.87,
    +               "expectedContrastRatio": "4.5:1",
    +               "fgColor": "#e9b54c",
    +               "fontSize": "7.8pt (10.4px)",
    +               "fontWeight": "normal",
    +               "messageKey": null,
    +             },
    +             "id": "color-contrast",
    +             "impact": "serious",
    +             "message": "Element has insufficient color contrast of 1.87 (foreground color: #e9b54c, background color: #ffffff, font size: 7.8pt (10.4px), font weight: normal). Expected contrast ratio of 4.5:1",
    +             "relatedNodes": Array [
    +               Object {
    +                 "html": "<div class=\"MuiPaper-root MuiPaper-elevation MuiPaper-rounded MuiPaper-elevation0 MuiCard-root css-1av528k\" id=\"article-saito-part-2-having-fun\">",
    +                 "target": Array [
    +                   "#article-saito-part-2-having-fun",
    +                 ],
    +               },
    +             ],
    +           },
    +         ],
    +         "failureSummary": "Fix any of the following:
    +   Element has insufficient color contrast of 1.87 (foreground color: #e9b54c, background color: #ffffff, font size: 7.8pt (10.4px), font weight: normal). Expected contrast ratio of 4.5:1",
    +         "html": "<span class=\"MuiChip-label MuiChip-labelSmall css-cxrmjv\">Archived</span>",
    +         "impact": "serious",
    +         "none": Array [],
    +         "target": Array [
    +           "#article-saito-part-2-having-fun > .MuiCardContent-root.css-1edln9e > .css-1js5bby.MuiStack-root > .css-r0di03.MuiChip-colorWarning.MuiChip-outlinedWarning > .css-cxrmjv.MuiChip-labelSmall.MuiChip-label",
    +         ],
    +       },
    +       Object {
    +         "all": Array [],
    +         "any": Array [
    +           Object {
    +             "data": Object {
    +               "bgColor": "#ffffff",
    +               "contrastRatio": 1.87,
    +               "expectedContrastRatio": "4.5:1",
    +               "fgColor": "#e9b54c",
    +               "fontSize": "7.8pt (10.4px)",
    +               "fontWeight": "normal",
    +               "messageKey": null,
    +             },
    +             "id": "color-contrast",
    +             "impact": "serious",
    +             "message": "Element has insufficient color contrast of 1.87 (foreground color: #e9b54c, background color: #ffffff, font size: 7.8pt (10.4px), font weight: normal). Expected contrast ratio of 4.5:1",
    +             "relatedNodes": Array [
    +               Object {
    +                 "html": "<div class=\"MuiPaper-root MuiPaper-elevation MuiPaper-rounded MuiPaper-elevation0 MuiCard-root css-1av528k\" id=\"article-pvddr-one-mistake-archive\">",
    +                 "target": Array [
    +                   "#article-pvddr-one-mistake-archive",
    +                 ],
    +               },
    +             ],
    +           },
    +         ],
    +         "failureSummary": "Fix any of the following:
    +   Element has insufficient color contrast of 1.87 (foreground color: #e9b54c, background color: #ffffff, font size: 7.8pt (10.4px), font weight: normal). Expected contrast ratio of 4.5:1",
    +         "html": "<span class=\"MuiChip-label MuiChip-labelSmall css-cxrmjv\">Archived</span>",
    +         "impact": "serious",
    +         "none": Array [],
    +         "target": Array [
    +           "#article-pvddr-one-mistake-archive > .MuiCardContent-root.css-1edln9e > .css-1js5bby.MuiStack-root > .css-r0di03.MuiChip-colorWarning.MuiChip-outlinedWarning > .css-cxrmjv.MuiChip-labelSmall.MuiChip-label",
    +         ],
    +       },
    +       Object {
    +         "all": Array [],
    +         "any": Array [
    +           Object {
    +             "data": Object {
    +               "bgColor": "#ffffff",
    +               "contrastRatio": 1.87,
    +               "expectedContrastRatio": "4.5:1",
    +               "fgColor": "#e9b54c",
    +               "fontSize": "7.8pt (10.4px)",
    +               "fontWeight": "normal",
    +               "messageKey": null,
    +             },
    +             "id": "color-contrast",
    +             "impact": "serious",
    +             "message": "Element has insufficient color contrast of 1.87 (foreground color: #e9b54c, background color: #ffffff, font size: 7.8pt (10.4px), font weight: normal). Expected contrast ratio of 4.5:1",
    +             "relatedNodes": Array [
    +               Object {
    +                 "html": "<div class=\"MuiPaper-root MuiPaper-elevation MuiPaper-rounded MuiPaper-elevation0 MuiCard-root css-1av528k\" id=\"article-karsten-hypergeometric-intro\">",
    +                 "target": Array [
    +                   "#article-karsten-hypergeometric-intro",
    +                 ],
    +               },
    +             ],
    +           },
    +         ],
    +         "failureSummary": "Fix any of the following:
    +   Element has insufficient color contrast of 1.87 (foreground color: #e9b54c, background color: #ffffff, font size: 7.8pt (10.4px), font weight: normal). Expected contrast ratio of 4.5:1",
    +         "html": "<span class=\"MuiChip-label MuiChip-labelSmall css-cxrmjv\">Archived</span>",
    +         "impact": "serious",
    +         "none": Array [],
    +         "target": Array [
    +           "#article-karsten-hypergeometric-intro > .MuiCardContent-root.css-1edln9e > .css-1js5bby.MuiStack-root > .css-r0di03.MuiChip-colorWarning.MuiChip-outlinedWarning > .css-cxrmjv.MuiChip-labelSmall.MuiChip-label",
    +         ],
    +       },
    +       Object {
    +         "all": Array [],
    +         "any": Array [
    +           Object {
    +             "data": Object {
    +               "bgColor": "#ffffff",
    +               "contrastRatio": 1.87,
    +               "expectedContrastRatio": "4.5:1",
    +               "fgColor": "#e9b54c",
    +               "fontSize": "7.8pt (10.4px)",
    +               "fontWeight": "normal",
    +               "messageKey": null,
    +             },
    +             "id": "color-contrast",
    +             "impact": "serious",
    +             "message": "Element has insufficient color contrast of 1.87 (foreground color: #e9b54c, background color: #ffffff, font size: 7.8pt (10.4px), font weight: normal). Expected contrast ratio of 4.5:1",
    +             "relatedNodes": Array [
    +               Object {
    +                 "html": "<div class=\"MuiPaper-root MuiPaper-elevation MuiPaper-rounded MuiPaper-elevation0 MuiCard-root css-1av528k\" id=\"article-saito-part-1-concentration\">",
    +                 "target": Array [
    +                   "#article-saito-part-1-concentration",
    +                 ],
    +               },
    +             ],
    +           },
    +         ],
    +         "failureSummary": "Fix any of the following:
    +   Element has insufficient color contrast of 1.87 (foreground color: #e9b54c, background color: #ffffff, font size: 7.8pt (10.4px), font weight: normal). Expected contrast ratio of 4.5:1",
    +         "html": "<span class=\"MuiChip-label MuiChip-labelSmall css-cxrmjv\">Archived</span>",
    +         "impact": "serious",
    +         "none": Array [],
    +         "target": Array [
    +           "#article-saito-part-1-concentration > .MuiCardContent-root.css-1edln9e > .css-1js5bby.MuiStack-root > .css-r0di03.MuiChip-colorWarning.MuiChip-outlinedWarning > .css-cxrmjv.MuiChip-labelSmall.MuiChip-label",
    +         ],
    +       },
    +       Object {
    +         "all": Array [],
    +         "any": Array [
    +           Object {
    +             "data": Object {
    +               "bgColor": "#ffffff",
    +               "contrastRatio": 1.87,
    +               "expectedContrastRatio": "4.5:1",
    +               "fgColor": "#e9b54c",
    +               "fontSize": "7.8pt (10.4px)",
    +               "fontWeight": "normal",
    +               "messageKey": null,
    +             },
    +             "id": "color-contrast",
    +             "impact": "serious",
    +             "message": "Element has insufficient color contrast of 1.87 (foreground color: #e9b54c, background color: #ffffff, font size: 7.8pt (10.4px), font weight: normal). Expected contrast ratio of 4.5:1",
    +             "relatedNodes": Array [
    +               Object {
    +                 "html": "<div class=\"MuiPaper-root MuiPaper-elevation MuiPaper-rounded MuiPaper-elevation0 MuiCard-root css-1av528k\" id=\"article-karsten-commander-manabase\">",
    +                 "target": Array [
    +                   "#article-karsten-commander-manabase",
    +                 ],
    +               },
    +             ],
    +           },
    +         ],
    +         "failureSummary": "Fix any of the following:
    +   Element has insufficient color contrast of 1.87 (foreground color: #e9b54c, background color: #ffffff, font size: 7.8pt (10.4px), font weight: normal). Expected contrast ratio of 4.5:1",
    +         "html": "<span class=\"MuiChip-label MuiChip-labelSmall css-cxrmjv\">Archived</span>",
    +         "impact": "serious",
    +         "none": Array [],
    +         "target": Array [
    +           "#article-karsten-commander-manabase > .MuiCardContent-root.css-1edln9e > .css-1js5bby.MuiStack-root > .css-r0di03.MuiChip-colorWarning.MuiChip-outlinedWarning > .css-cxrmjv.MuiChip-labelSmall.MuiChip-label",
    +         ],
    +       },
    +       Object {
    +         "all": Array [],
    +         "any": Array [
    +           Object {
    +             "data": Object {
    +               "bgColor": "#ffffff",
    +               "contrastRatio": 1.87,
    +               "expectedContrastRatio": "4.5:1",
    +               "fgColor": "#e9b54c",
    +               "fontSize": "7.8pt (10.4px)",
    +               "fontWeight": "normal",
    +               "messageKey": null,
    +             },
    +             "id": "color-contrast",
    +             "impact": "serious",
    +             "message": "Element has insufficient color contrast of 1.87 (foreground color: #e9b54c, background color: #ffffff, font size: 7.8pt (10.4px), font weight: normal). Expected contrast ratio of 4.5:1",
    +             "relatedNodes": Array [
    +               Object {
    +                 "html": "<div class=\"MuiPaper-root MuiPaper-elevation MuiPaper-rounded MuiPaper-elevation0 MuiCard-root css-1av528k\" id=\"article-lsv-draft-signals-classic\">",
    +                 "target": Array [
    +                   "#article-lsv-draft-signals-classic",
    +                 ],
    +               },
    +             ],
    +           },
    +         ],
    +         "failureSummary": "Fix any of the following:
    +   Element has insufficient color contrast of 1.87 (foreground color: #e9b54c, background color: #ffffff, font size: 7.8pt (10.4px), font weight: normal). Expected contrast ratio of 4.5:1",
    +         "html": "<span class=\"MuiChip-label MuiChip-labelSmall css-cxrmjv\">Archived</span>",
    +         "impact": "serious",
    +         "none": Array [],
    +         "target": Array [
    +           "#article-lsv-draft-signals-classic > .MuiCardContent-root.css-1edln9e > .css-1js5bby.MuiStack-root > .css-r0di03.MuiChip-colorWarning.MuiChip-outlinedWarning > .css-cxrmjv.MuiChip-labelSmall.MuiChip-label",
    +         ],
    +       },
    +       Object {
    +         "all": Array [],
    +         "any": Array [
    +           Object {
    +             "data": Object {
    +               "bgColor": "#ffffff",
    +               "contrastRatio": 1.87,
    +               "expectedContrastRatio": "4.5:1",
    +               "fgColor": "#e9b54c",
    +               "fontSize": "7.8pt (10.4px)",
    +               "fontWeight": "normal",
    +               "messageKey": null,
    +             },
    +             "id": "color-contrast",
    +             "impact": "serious",
    +             "message": "Element has insufficient color contrast of 1.87 (foreground color: #e9b54c, background color: #ffffff, font size: 7.8pt (10.4px), font weight: normal). Expected contrast ratio of 4.5:1",
    +             "relatedNodes": Array [
    +               Object {
    +                 "html": "<div class=\"MuiPaper-root MuiPaper-elevation MuiPaper-rounded MuiPaper-elevation0 MuiCard-root css-1av528k\" id=\"article-zvi-whos-the-beatdown-2-multitasking\">",
    +                 "target": Array [
    +                   ".css-10ib5jr.MuiBox-root:nth-child(4) > .MuiGrid-spacing-xs-2\\.5.css-es6bie.MuiGrid-container > .css-1twzmnh.MuiGrid-grid-sm-6.MuiGrid-grid-md-4:nth-child(5) > .css-1av528k.MuiCard-root.MuiPaper-rounded",
    +                 ],
    +               },
    +             ],
    +           },
    +         ],
    +         "failureSummary": "Fix any of the following:
    +   Element has insufficient color contrast of 1.87 (foreground color: #e9b54c, background color: #ffffff, font size: 7.8pt (10.4px), font weight: normal). Expected contrast ratio of 4.5:1",
    +         "html": "<span class=\"MuiChip-label MuiChip-labelSmall css-cxrmjv\">Archived</span>",
    +         "impact": "serious",
    +         "none": Array [],
    +         "target": Array [
    +           ".css-1twzmnh.MuiGrid-grid-sm-6.MuiGrid-grid-md-4:nth-child(5) > .css-1av528k.MuiCard-root.MuiPaper-rounded > .MuiCardContent-root.css-1edln9e > .css-1js5bby.MuiStack-root > .css-r0di03.MuiChip-colorWarning.MuiChip-outlinedWarning > .css-cxrmjv.MuiChip-labelSmall.MuiChip-label",
    +         ],
    +       },
    +       Object {
    +         "all": Array [],
    +         "any": Array [
    +           Object {
    +             "data": Object {
    +               "bgColor": "#ffffff",
    +               "contrastRatio": 1.87,
    +               "expectedContrastRatio": "4.5:1",
    +               "fgColor": "#e9b54c",
    +               "fontSize": "7.8pt (10.4px)",
    +               "fontWeight": "normal",
    +               "messageKey": null,
    +             },
    +             "id": "color-contrast",
    +             "impact": "serious",
    +             "message": "Element has insufficient color contrast of 1.87 (foreground color: #e9b54c, background color: #ffffff, font size: 7.8pt (10.4px), font weight: normal). Expected contrast ratio of 4.5:1",
    +             "relatedNodes": Array [
    +               Object {
    +                 "html": "<div class=\"MuiPaper-root MuiPaper-elevation MuiPaper-rounded MuiPaper-elevation0 MuiCard-root css-1av528k\" id=\"article-flores-whos-the-beatdown\">",
    +                 "target": Array [
    +                   "#article-flores-whos-the-beatdown",
    +                 ],
    +               },
    +             ],
    +           },
    +         ],
    +         "failureSummary": "Fix any of the following:
    +   Element has insufficient color contrast of 1.87 (foreground color: #e9b54c, background color: #ffffff, font size: 7.8pt (10.4px), font weight: normal). Expected contrast ratio of 4.5:1",
    +         "html": "<span class=\"MuiChip-label MuiChip-labelSmall css-cxrmjv\">Archived</span>",
    +         "impact": "serious",
    +         "none": Array [],
    +         "target": Array [
    +           "#article-flores-whos-the-beatdown > .MuiCardContent-root.css-1edln9e > .css-1js5bby.MuiStack-root > .css-r0di03.MuiChip-colorWarning.MuiChip-outlinedWarning > .css-cxrmjv.MuiChip-labelSmall.MuiChip-label",
    +         ],
    +       },
    +       Object {
    +         "all": Array [],
    +         "any": Array [
    +           Object {
    +             "data": Object {
    +               "bgColor": "#ffffff",
    +               "contrastRatio": 1.87,
    +               "expectedContrastRatio": "4.5:1",
    +               "fgColor": "#e9b54c",
    +               "fontSize": "7.8pt (10.4px)",
    +               "fontWeight": "normal",
    +               "messageKey": null,
    +             },
    +             "id": "color-contrast",
    +             "impact": "serious",
    +             "message": "Element has insufficient color contrast of 1.87 (foreground color: #e9b54c, background color: #ffffff, font size: 7.8pt (10.4px), font weight: normal). Expected contrast ratio of 4.5:1",
    +             "relatedNodes": Array [
    +               Object {
    +                 "html": "<div class=\"MuiPaper-root MuiPaper-elevation MuiPaper-rounded MuiPaper-elevation0 MuiCard-root css-1av528k\" id=\"article-karsten-colored-sources-2018-archive\">",
    +                 "target": Array [
    +                   "#article-karsten-colored-sources-2018-archive",
    +                 ],
    +               },
    +             ],
    +           },
    +         ],
    +         "failureSummary": "Fix any of the following:
    +   Element has insufficient color contrast of 1.87 (foreground color: #e9b54c, background color: #ffffff, font size: 7.8pt (10.4px), font weight: normal). Expected contrast ratio of 4.5:1",
    +         "html": "<span class=\"MuiChip-label MuiChip-labelSmall css-cxrmjv\">Archived</span>",
    +         "impact": "serious",
    +         "none": Array [],
    +         "target": Array [
    +           "#article-karsten-colored-sources-2018-archive > .MuiCardContent-root.css-1edln9e > .css-1js5bby.MuiStack-root > .css-r0di03.MuiChip-colorWarning.MuiChip-outlinedWarning > .css-cxrmjv.MuiChip-labelSmall.MuiChip-label",
    +         ],
    +       },
    +       Object {
    +         "all": Array [],
    +         "any": Array [
    +           Object {
    +             "data": Object {
    +               "bgColor": "#ffffff",
    +               "contrastRatio": 1.87,
    +               "expectedContrastRatio": "4.5:1",
    +               "fgColor": "#e9b54c",
    +               "fontSize": "7.8pt (10.4px)",
    +               "fontWeight": "normal",
    +               "messageKey": null,
    +             },
    +             "id": "color-contrast",
    +             "impact": "serious",
    +             "message": "Element has insufficient color contrast of 1.87 (foreground color: #e9b54c, background color: #ffffff, font size: 7.8pt (10.4px), font weight: normal). Expected contrast ratio of 4.5:1",
    +             "relatedNodes": Array [
    +               Object {
    +                 "html": "<div class=\"MuiPaper-root MuiPaper-elevation MuiPaper-rounded MuiPaper-elevation0 MuiCard-root css-1av528k\" id=\"article-saito-part-4-metagame\">",
    +                 "target": Array [
    +                   ".css-10ib5jr.MuiBox-root:nth-child(9) > .MuiGrid-spacing-xs-2\\.5.css-es6bie.MuiGrid-container > .css-1twzmnh.MuiGrid-grid-sm-6.MuiGrid-grid-md-4:nth-child(1) > .css-1av528k.MuiCard-root.MuiPaper-rounded",
    +                 ],
    +               },
    +             ],
    +           },
    +         ],
    +         "failureSummary": "Fix any of the following:
    +   Element has insufficient color contrast of 1.87 (foreground color: #e9b54c, background color: #ffffff, font size: 7.8pt (10.4px), font weight: normal). Expected contrast ratio of 4.5:1",
    +         "html": "<span class=\"MuiChip-label MuiChip-labelSmall css-cxrmjv\">Archived</span>",
    +         "impact": "serious",
    +         "none": Array [],
    +         "target": Array [
    +           ".css-10ib5jr.MuiBox-root:nth-child(9) > .MuiGrid-spacing-xs-2\\.5.css-es6bie.MuiGrid-container > .css-1twzmnh.MuiGrid-grid-sm-6.MuiGrid-grid-md-4:nth-child(1) > .css-1av528k.MuiCard-root.MuiPaper-rounded > .MuiCardContent-root.css-1edln9e > .css-1js5bby.MuiStack-root > .css-r0di03.MuiChip-colorWarning.MuiChip-outlinedWarning > .css-cxrmjv.MuiChip-labelSmall.MuiChip-label",
    +         ],
    +       },
    +       Object {
    +         "all": Array [],
    +         "any": Array [
    +           Object {
    +             "data": Object {
    +               "bgColor": "#ffffff",
    +               "contrastRatio": 1.87,
    +               "expectedContrastRatio": "4.5:1",
    +               "fgColor": "#e9b54c",
    +               "fontSize": "7.8pt (10.4px)",
    +               "fontWeight": "normal",
    +               "messageKey": null,
    +             },
    +             "id": "color-contrast",
    +             "impact": "serious",
    +             "message": "Element has insufficient color contrast of 1.87 (foreground color: #e9b54c, background color: #ffffff, font size: 7.8pt (10.4px), font weight: normal). Expected contrast ratio of 4.5:1",
    +             "relatedNodes": Array [
    +               Object {
    +                 "html": "<div class=\"MuiPaper-root MuiPaper-elevation MuiPaper-rounded MuiPaper-elevation0 MuiCard-root css-1av528k\" id=\"article-saito-part-3-environment\">",
    +                 "target": Array [
    +                   "#article-saito-part-3-environment",
    +                 ],
    +               },
    +             ],
    +           },
    +         ],
    +         "failureSummary": "Fix any of the following:
    +   Element has insufficient color contrast of 1.87 (foreground color: #e9b54c, background color: #ffffff, font size: 7.8pt (10.4px), font weight: normal). Expected contrast ratio of 4.5:1",
    +         "html": "<span class=\"MuiChip-label MuiChip-labelSmall css-cxrmjv\">Archived</span>",
    +         "impact": "serious",
    +         "none": Array [],
    +         "target": Array [
    +           "#article-saito-part-3-environment > .MuiCardContent-root.css-1edln9e > .css-1js5bby.MuiStack-root > .css-r0di03.MuiChip-colorWarning.MuiChip-outlinedWarning > .css-cxrmjv.MuiChip-labelSmall.MuiChip-label",
    +         ],
    +       },
    +       Object {
    +         "all": Array [],
    +         "any": Array [
    +           Object {
    +             "data": Object {
    +               "bgColor": "#ffffff",
    +               "contrastRatio": 1.87,
    +               "expectedContrastRatio": "4.5:1",
    +               "fgColor": "#e9b54c",
    +               "fontSize": "7.8pt (10.4px)",
    +               "fontWeight": "normal",
    +               "messageKey": null,
    +             },
    +             "id": "color-contrast",
    +             "impact": "serious",
    +             "message": "Element has insufficient color contrast of 1.87 (foreground color: #e9b54c, background color: #ffffff, font size: 7.8pt (10.4px), font weight: normal). Expected contrast ratio of 4.5:1",
    +             "relatedNodes": Array [
    +               Object {
    +                 "html": "<div class=\"MuiPaper-root MuiPaper-elevation MuiPaper-rounded MuiPaper-elevation0 MuiCard-root css-1av528k\" id=\"article-saito-part-4-metagame\">",
    +                 "target": Array [
    +                   ".css-10ib5jr.MuiBox-root:nth-child(10) > .MuiGrid-spacing-xs-2\\.5.css-es6bie.MuiGrid-container > .css-1twzmnh.MuiGrid-grid-sm-6.MuiGrid-grid-md-4:nth-child(2) > .css-1av528k.MuiCard-root.MuiPaper-rounded",
    +                 ],
    +               },
    +             ],
    +           },
    +         ],
    +         "failureSummary": "Fix any of the following:
    +   Element has insufficient color contrast of 1.87 (foreground color: #e9b54c, background color: #ffffff, font size: 7.8pt (10.4px), font weight: normal). Expected contrast ratio of 4.5:1",
    +         "html": "<span class=\"MuiChip-label MuiChip-labelSmall css-cxrmjv\">Archived</span>",
    +         "impact": "serious",
    +         "none": Array [],
    +         "target": Array [
    +           ".css-1twzmnh.MuiGrid-grid-sm-6.MuiGrid-grid-md-4:nth-child(2) > .css-1av528k.MuiCard-root.MuiPaper-rounded > .MuiCardContent-root.css-1edln9e > .css-1js5bby.MuiStack-root > .css-r0di03.MuiChip-colorWarning.MuiChip-outlinedWarning > .css-cxrmjv.MuiChip-labelSmall.MuiChip-label",
    +         ],
    +       },
    +       Object {
    +         "all": Array [],
    +         "any": Array [
    +           Object {
    +             "data": Object {
    +               "bgColor": "#ffffff",
    +               "contrastRatio": 1.87,
    +               "expectedContrastRatio": "4.5:1",
    +               "fgColor": "#e9b54c",
    +               "fontSize": "7.8pt (10.4px)",
    +               "fontWeight": "normal",
    +               "messageKey": null,
    +             },
    +             "id": "color-contrast",
    +             "impact": "serious",
    +             "message": "Element has insufficient color contrast of 1.87 (foreground color: #e9b54c, background color: #ffffff, font size: 7.8pt (10.4px), font weight: normal). Expected contrast ratio of 4.5:1",
    +             "relatedNodes": Array [
    +               Object {
    +                 "html": "<div class=\"MuiPaper-root MuiPaper-elevation MuiPaper-rounded MuiPaper-elevation0 MuiCard-root css-1av528k\" id=\"article-saito-part-5-connections\">",
    +                 "target": Array [
    +                   "#article-saito-part-5-connections",
    +                 ],
    +               },
    +             ],
    +           },
    +         ],
    +         "failureSummary": "Fix any of the following:
    +   Element has insufficient color contrast of 1.87 (foreground color: #e9b54c, background color: #ffffff, font size: 7.8pt (10.4px), font weight: normal). Expected contrast ratio of 4.5:1",
    +         "html": "<span class=\"MuiChip-label MuiChip-labelSmall css-cxrmjv\">Archived</span>",
    +         "impact": "serious",
    +         "none": Array [],
    +         "target": Array [
    +           "#article-saito-part-5-connections > .MuiCardContent-root.css-1edln9e > .css-1js5bby.MuiStack-root > .css-r0di03.MuiChip-colorWarning.MuiChip-outlinedWarning > .css-cxrmjv.MuiChip-labelSmall.MuiChip-label",
    +         ],
    +       },
    +       Object {
    +         "all": Array [],
    +         "any": Array [
    +           Object {
    +             "data": Object {
    +               "bgColor": "#ffffff",
    +               "contrastRatio": 1.87,
    +               "expectedContrastRatio": "4.5:1",
    +               "fgColor": "#e9b54c",
    +               "fontSize": "7.8pt (10.4px)",
    +               "fontWeight": "normal",
    +               "messageKey": null,
    +             },
    +             "id": "color-contrast",
    +             "impact": "serious",
    +             "message": "Element has insufficient color contrast of 1.87 (foreground color: #e9b54c, background color: #ffffff, font size: 7.8pt (10.4px), font weight: normal). Expected contrast ratio of 4.5:1",
    +             "relatedNodes": Array [
    +               Object {
    +                 "html": "<div class=\"MuiPaper-root MuiPaper-elevation MuiPaper-rounded MuiPaper-elevation0 MuiCard-root css-1av528k\" id=\"article-saito-part-7-other-lessons\">",
    +                 "target": Array [
    +                   "#article-saito-part-7-other-lessons",
    +                 ],
    +               },
    +             ],
    +           },
    +         ],
    +         "failureSummary": "Fix any of the following:
    +   Element has insufficient color contrast of 1.87 (foreground color: #e9b54c, background color: #ffffff, font size: 7.8pt (10.4px), font weight: normal). Expected contrast ratio of 4.5:1",
    +         "html": "<span class=\"MuiChip-label MuiChip-labelSmall css-cxrmjv\">Archived</span>",
    +         "impact": "serious",
    +         "none": Array [],
    +         "target": Array [
    +           "#article-saito-part-7-other-lessons > .MuiCardContent-root.css-1edln9e > .css-1js5bby.MuiStack-root > .css-r0di03.MuiChip-colorWarning.MuiChip-outlinedWarning > .css-cxrmjv.MuiChip-labelSmall.MuiChip-label",
    +         ],
    +       },
    +       Object {
    +         "all": Array [],
    +         "any": Array [
    +           Object {
    +             "data": Object {
    +               "bgColor": "#ffffff",
    +               "contrastRatio": 1.87,
    +               "expectedContrastRatio": "4.5:1",
    +               "fgColor": "#e9b54c",
    +               "fontSize": "7.8pt (10.4px)",
    +               "fontWeight": "normal",
    +               "messageKey": null,
    +             },
    +             "id": "color-contrast",
    +             "impact": "serious",
    +             "message": "Element has insufficient color contrast of 1.87 (foreground color: #e9b54c, background color: #ffffff, font size: 7.8pt (10.4px), font weight: normal). Expected contrast ratio of 4.5:1",
    +             "relatedNodes": Array [
    +               Object {
    +                 "html": "<div class=\"MuiPaper-root MuiPaper-elevation MuiPaper-rounded MuiPaper-elevation0 MuiCard-root css-1av528k\" id=\"article-zvi-whos-the-beatdown-2-multitasking\">",
    +                 "target": Array [
    +                   ".css-10ib5jr.MuiBox-root:nth-child(11) > .MuiGrid-spacing-xs-2\\.5.css-es6bie.MuiGrid-container > .css-1twzmnh.MuiGrid-grid-sm-6.MuiGrid-grid-md-4:nth-child(3) > .css-1av528k.MuiCard-root.MuiPaper-rounded",
    +                 ],
    +               },
    +             ],
    +           },
    +         ],
    +         "failureSummary": "Fix any of the following:
    +   Element has insufficient color contrast of 1.87 (foreground color: #e9b54c, background color: #ffffff, font size: 7.8pt (10.4px), font weight: normal). Expected contrast ratio of 4.5:1",
    +         "html": "<span class=\"MuiChip-label MuiChip-labelSmall css-cxrmjv\">Archived</span>",
    +         "impact": "serious",
    +         "none": Array [],
    +         "target": Array [
    +           ".css-10ib5jr.MuiBox-root:nth-child(11) > .MuiGrid-spacing-xs-2\\.5.css-es6bie.MuiGrid-container > .css-1twzmnh.MuiGrid-grid-sm-6.MuiGrid-grid-md-4:nth-child(3) > .css-1av528k.MuiCard-root.MuiPaper-rounded > .MuiCardContent-root.css-1edln9e > .css-1js5bby.MuiStack-root > .css-r0di03.MuiChip-colorWarning.MuiChip-outlinedWarning > .css-cxrmjv.MuiChip-labelSmall.MuiChip-label",
    +         ],
    +       },
    +     ],
    +     "tags": Array [
    +       "cat.color",
    +       "wcag2aa",
    +       "wcag143",
    +       "TTv5",
    +       "TT13.c",
    +       "EN-301-549",
    +       "EN-9.1.4.3",
    +       "ACT",
    +       "RGAAv4",
    +       "RGAA-3.2.1",
    +     ],
    +   },
    + ]

      515 |         const contrast = await new AxeBuilder({ page }).include('main').withRules(['color-contrast']).analyze()
      516 |         await testInfo.attach(`${route.slice(1)}-${width}-${colorScheme}-contrast`, { body: JSON.stringify(contrast), contentType: 'application/json' })
    > 517 |         expect(contrast.violations, JSON.stringify(contrast.violations, null, 2)).toEqual([])
          |                                                                                   ^
      518 |       }
      519 |     })
      520 |   }
        at /Volumes/DataDisk/_Projects/Project Mana base V2/tests/e2e/core-flows/persona-followup.spec.js:517:83

    attachment #2: screenshot (image/png) ──────────────────────────────────────────────────────────
    docs/engineering/reaudit-fixes-szrp1r9w/persona-03/persona-followup-R01–R07-l-1197d-ast-themes-and-viewport-390-chromium/test-failed-1.png
    ────────────────────────────────────────────────────────────────────────────────────────────────

    Error Context: docs/engineering/reaudit-fixes-szrp1r9w/persona-03/persona-followup-R01–R07-l-1197d-ast-themes-and-viewport-390-chromium/error-context.md

    attachment #4: trace (application/zip) ─────────────────────────────────────────────────────────
    docs/engineering/reaudit-fixes-szrp1r9w/persona-03/persona-followup-R01–R07-l-1197d-ast-themes-and-viewport-390-chromium/trace.zip
    Usage:

        npx playwright show-trace docs/engineering/reaudit-fixes-szrp1r9w/persona-03/persona-followup-R01–R07-l-1197d-ast-themes-and-viewport-390-chromium/trace.zip

    ────────────────────────────────────────────────────────────────────────────────────────────────


(node:90108) Warning: The 'NO_COLOR' env is ignored due to the 'FORCE_COLOR' env being set.
(Use `node --trace-warnings ...` to show where the warning was created)


[19/23] [chromium] › tests/e2e/core-flows/persona-followup.spec.js:475:9 › R01–R07 /my-analyses keyboard, contrast, themes and viewport 390
[20/23] [chromium] › tests/e2e/core-flows/persona-followup.spec.js:475:9 › R01–R07 /mathematics keyboard, contrast, themes and viewport 1440
  4) [chromium] › tests/e2e/core-flows/persona-followup.spec.js:475:9 › R01–R07 /mathematics keyboard, contrast, themes and viewport 1440

    Error: [
      {
        "id": "color-contrast",
        "impact": "serious",
        "tags": [
          "cat.color",
          "wcag2aa",
          "wcag143",
          "TTv5",
          "TT13.c",
          "EN-301-549",
          "EN-9.1.4.3",
          "ACT",
          "RGAAv4",
          "RGAA-3.2.1"
        ],
        "description": "Ensure the contrast between foreground and background colors meets WCAG 2 AA minimum contrast ratio thresholds",
        "help": "Elements must meet minimum color contrast ratio thresholds",
        "helpUrl": "https://dequeuniversity.com/rules/axe/4.11/color-contrast?application=playwright",
        "nodes": [
          {
            "any": [
              {
                "id": "color-contrast",
                "data": {
                  "fgColor": "#e65100",
                  "bgColor": "#fff3e0",
                  "contrastRatio": 3.45,
                  "fontSize": "9.8pt (13px)",
                  "fontWeight": "normal",
                  "messageKey": null,
                  "expectedContrastRatio": "4.5:1"
                },
                "relatedNodes": [
                  {
                    "html": "<div class=\"MuiChip-root MuiChip-filled MuiChip-sizeMedium MuiChip-colorDefault MuiChip-filledDefault css-jb6lab\">",
                    "target": [
                      ".css-jb6lab"
                    ]
                  }
                ],
                "impact": "serious",
                "message": "Element has insufficient color contrast of 3.45 (foreground color: #e65100, background color: #fff3e0, font size: 9.8pt (13px), font weight: normal). Expected contrast ratio of 4.5:1"
              }
            ],
            "all": [],
            "none": [],
            "impact": "serious",
            "html": "<span class=\"MuiChip-label MuiChip-labelMedium css-14vsv3w\">Pro-Level Research</span>",
            "target": [
              ".css-jb6lab > .MuiChip-labelMedium.css-14vsv3w.MuiChip-label"
            ],
            "failureSummary": "Fix any of the following:\n  Element has insufficient color contrast of 3.45 (foreground color: #e65100, background color: #fff3e0, font size: 9.8pt (13px), font weight: normal). Expected contrast ratio of 4.5:1"
          },
          {
            "any": [
              {
                "id": "color-contrast",
                "data": {
                  "fgColor": "#1976d2",
                  "bgColor": "#e3f2fd",
                  "contrastRatio": 4.02,
                  "fontSize": "9.8pt (13px)",
                  "fontWeight": "bold",
                  "messageKey": null,
                  "expectedContrastRatio": "4.5:1"
                },
                "relatedNodes": [
                  {
                    "html": "<div class=\"MuiChip-root MuiChip-filled MuiChip-sizeSmall MuiChip-colorDefault MuiChip-filledDefault css-8dk9rg\"><span class=\"MuiChip-label MuiChip-labelSmall css-tavflp\">Castability Tab</span></div>",
                    "target": [
                      ".css-8dk9rg"
                    ]
                  }
                ],
                "impact": "serious",
                "message": "Element has insufficient color contrast of 4.02 (foreground color: #1976d2, background color: #e3f2fd, font size: 9.8pt (13px), font weight: bold). Expected contrast ratio of 4.5:1"
              }
            ],
            "all": [],
            "none": [],
            "impact": "serious",
            "html": "<span class=\"MuiChip-label MuiChip-labelSmall css-tavflp\">Castability Tab</span>",
            "target": [
              ".css-8dk9rg > .css-tavflp.MuiChip-labelSmall.MuiChip-label"
            ],
            "failureSummary": "Fix any of the following:\n  Element has insufficient color contrast of 4.02 (foreground color: #1976d2, background color: #e3f2fd, font size: 9.8pt (13px), font weight: bold). Expected contrast ratio of 4.5:1"
          },
          {
            "any": [
              {
                "id": "color-contrast",
                "data": {
                  "fgColor": "#1976d2",
                  "bgColor": "#e3f2fd",
                  "contrastRatio": 4.02,
                  "fontSize": "9.0pt (12px)",
                  "fontWeight": "normal",
                  "messageKey": null,
                  "expectedContrastRatio": "4.5:1"
                },
                "relatedNodes": [
                  {
                    "html": "<div class=\"MuiPaper-root MuiPaper-elevation MuiPaper-rounded MuiPaper-elevation0 css-tbfwuu\"><span class=\"MuiTypography-root MuiTypography-caption css-87y35d\">Compare the same spell, target turn and settings before interpreting a change.</span></div>",
                    "target": [
                      ".css-tbfwuu"
                    ]
                  }
                ],
                "impact": "serious",
                "message": "Element has insufficient color contrast of 4.02 (foreground color: #1976d2, background color: #e3f2fd, font size: 9.0pt (12px), font weight: normal). Expected contrast ratio of 4.5:1"
              }
            ],
            "all": [],
            "none": [],
            "impact": "serious",
            "html": "<span class=\"MuiTypography-root MuiTypography-caption css-87y35d\">Compare the same spell, target turn and settings before interpreting a change.</span>",
            "target": [
              ".css-87y35d"
            ],
            "failureSummary": "Fix any of the following:\n  Element has insufficient color contrast of 4.02 (foreground color: #1976d2, background color: #e3f2fd, font size: 9.0pt (12px), font weight: normal). Expected contrast ratio of 4.5:1"
          },
          {
            "any": [
              {
                "id": "color-contrast",
                "data": {
                  "fgColor": "#4caf50",
                  "bgColor": "#e8f5e9",
                  "contrastRatio": 2.47,
                  "fontSize": "9.8pt (13px)",
                  "fontWeight": "bold",
                  "messageKey": null,
                  "expectedContrastRatio": "4.5:1"
                },
                "relatedNodes": [
                  {
                    "html": "<div class=\"MuiChip-root MuiChip-filled MuiChip-sizeSmall MuiChip-colorDefault MuiChip-filledDefault css-4j0m4q\"><span class=\"MuiChip-label MuiChip-labelSmall css-tavflp\">Recommendations</span></div>",
                    "target": [
                      ".css-4j0m4q"
                    ]
                  }
                ],
                "impact": "serious",
                "message": "Element has insufficient color contrast of 2.47 (foreground color: #4caf50, background color: #e8f5e9, font size: 9.8pt (13px), font weight: bold). Expected contrast ratio of 4.5:1"
              }
            ],
            "all": [],
            "none": [],
            "impact": "serious",
            "html": "<span class=\"MuiChip-label MuiChip-labelSmall css-tavflp\">Recommendations</span>",
            "target": [
              ".css-4j0m4q > .css-tavflp.MuiChip-labelSmall.MuiChip-label"
            ],
            "failureSummary": "Fix any of the following:\n  Element has insufficient color contrast of 2.47 (foreground color: #4caf50, background color: #e8f5e9, font size: 9.8pt (13px), font weight: bold). Expected contrast ratio of 4.5:1"
          },
          {
            "any": [
              {
                "id": "color-contrast",
                "data": {
                  "fgColor": "#4caf50",
                  "bgColor": "#e8f5e9",
                  "contrastRatio": 2.47,
                  "fontSize": "9.0pt (12px)",
                  "fontWeight": "normal",
                  "messageKey": null,
                  "expectedContrastRatio": "4.5:1"
                },
                "relatedNodes": [
                  {
                    "html": "<div class=\"MuiPaper-root MuiPaper-elevation MuiPaper-rounded MuiPaper-elevation0 css-448iwc\"><span class=\"MuiTypography-root MuiTypography-caption css-6k2nd3\">For a two-mana spell, the published conditional target is 91%.</span></div>",
                    "target": [
                      ".css-448iwc"
                    ]
                  }
                ],
                "impact": "serious",
                "message": "Element has insufficient color contrast of 2.47 (foreground color: #4caf50, background color: #e8f5e9, font size: 9.0pt (12px), font weight: normal). Expected contrast ratio of 4.5:1"
              }
            ],
            "all": [],
            "none": [],
            "impact": "serious",
            "html": "<span class=\"MuiTypography-root MuiTypography-caption css-6k2nd3\">For a two-mana spell, the published conditional target is 91%.</span>",
            "target": [
              ".css-6k2nd3"
            ],
            "failureSummary": "Fix any of the following:\n  Element has insufficient color contrast of 2.47 (foreground color: #4caf50, background color: #e8f5e9, font size: 9.0pt (12px), font weight: normal). Expected contrast ratio of 4.5:1"
          },
          {
            "any": [
              {
                "id": "color-contrast",
                "data": {
                  "fgColor": "#f57f17",
                  "bgColor": "#fff8e1",
                  "contrastRatio": 2.49,
                  "fontSize": "15.0pt (20px)",
                  "fontWeight": "bold",
                  "messageKey": null,
                  "expectedContrastRatio": "3:1"
                },
                "relatedNodes": [
                  {
                    "html": "<div class=\"MuiPaper-root MuiPaper-elevation MuiPaper-rounded MuiPaper-elevation0 css-19anwnb\">",
                    "target": [
                      ".css-19anwnb"
                    ]
                  }
                ],
                "impact": "serious",
                "message": "Element has insufficient color contrast of 2.49 (foreground color: #f57f17, background color: #fff8e1, font size: 15.0pt (20px), font weight: bold). Expected contrast ratio of 3:1"
              }
            ],
            "all": [],
            "none": [],
            "impact": "serious",
            "html": "<h5 class=\"MuiTypography-root MuiTypography-h5 MuiTypography-gutterBottom css-1nkeey1\">Why do castability estimates differ from Karsten targets?</h5>",
            "target": [
              ".css-1nkeey1"
            ],
            "failureSummary": "Fix any of the following:\n  Element has insufficient color contrast of 2.49 (foreground color: #f57f17, background color: #fff8e1, font size: 15.0pt (20px), font weight: bold). Expected contrast ratio of 3:1"
          },
          {
            "any": [
              {
                "id": "color-contrast",
                "data": {
                  "fgColor": "#4caf50",
                  "bgColor": "#fffdf6",
                  "contrastRatio": 2.73,
                  "fontSize": "10.5pt (14px)",
                  "fontWeight": "bold",
                  "messageKey": null,
                  "expectedContrastRatio": "4.5:1"
                },
                "relatedNodes": [
                  {
                    "html": "<div class=\"MuiPaper-root MuiPaper-elevation MuiPaper-rounded MuiPaper-elevation0 css-15ksj4u\">",
                    "target": [
                      ".MuiGrid-grid-md-6.css-iol86l.MuiGrid-grid-xs-12:nth-child(2) > .css-15ksj4u.MuiPaper-rounded.MuiPaper-root"
                    ]
                  },
                  {
                    "html": "<div class=\"MuiPaper-root MuiPaper-elevation MuiPaper-rounded MuiPaper-elevation0 css-19anwnb\">",
                    "target": [
                      ".css-19anwnb"
                    ]
                  }
                ],
                "impact": "serious",
                "message": "Element has insufficient color contrast of 2.73 (foreground color: #4caf50, background color: #fffdf6, font size: 10.5pt (14px), font weight: bold). Expected contrast ratio of 4.5:1"
              }
            ],
            "all": [],
            "none": [],
            "impact": "serious",
            "html": "<h6 class=\"MuiTypography-root MuiTypography-subtitle2 MuiTypography-gutterBottom css-cj5ulz\">Karsten: conditional color consistency</h6>",
            "target": [
              ".css-cj5ulz"
            ],
            "failureSummary": "Fix any of the following:\n  Element has insufficient color contrast of 2.73 (foreground color: #4caf50, background color: #fffdf6, font size: 10.5pt (14px), font weight: bold). Expected contrast ratio of 4.5:1"
          },
          {
            "any": [
              {
                "id": "color-contrast",
                "data": {
                  "fgColor": "#f57f17",
                  "bgColor": "#fff8e1",
                  "contrastRatio": 2.49,
                  "fontSize": "10.5pt (14px)",
                  "fontWeight": "normal",
                  "messageKey": null,
                  "expectedContrastRatio": "4.5:1"
                },
                "relatedNodes": [
                  {
                    "html": "<div class=\"MuiPaper-root MuiPaper-elevation MuiPaper-rounded MuiPaper-elevation0 css-19anwnb\">",
                    "target": [
                      ".css-19anwnb"
                    ]
                  }
                ],
                "impact": "serious",
                "message": "Element has insufficient color contrast of 2.49 (foreground color: #f57f17, background color: #fff8e1, font size: 10.5pt (14px), font weight: normal). Expected contrast ratio of 4.5:1"
              }
            ],
            "all": [],
            "none": [],
            "impact": "serious",
            "html": "<p class=\"MuiTypography-root MuiTypography-body2 css-4ut7yg\">A conditional source target cannot be compared directly with unconditional castability.</p>",
            "target": [
              ".css-4ut7yg"
            ],
            "failureSummary": "Fix any of the following:\n  Element has insufficient color contrast of 2.49 (foreground color: #f57f17, background color: #fff8e1, font size: 10.5pt (14px), font weight: normal). Expected contrast ratio of 4.5:1"
          },
          {
            "any": [
              {
                "id": "color-contrast",
                "data": {
                  "fgColor": "#4caf50",
                  "bgColor": "#ffffff",
                  "contrastRatio": 2.77,
                  "fontSize": "12.0pt (16px)",
                  "fontWeight": "bold",
                  "messageKey": null,
                  "expectedContrastRatio": "4.5:1"
                },
                "relatedNodes": [
                  {
                    "html": "<div class=\"MuiPaper-root MuiPaper-elevation MuiPaper-rounded MuiPaper-elevation0 css-16o6ofw\">",
                    "target": [
                      ".css-16o6ofw"
                    ]
                  }
                ],
                "impact": "serious",
                "message": "Element has insufficient color contrast of 2.77 (foreground color: #4caf50, background color: #ffffff, font size: 12.0pt (16px), font weight: bold). Expected contrast ratio of 4.5:1"
              }
            ],
            "all": [],
            "none": [],
            "impact": "serious",
            "html": "<h6 class=\"MuiTypography-root MuiTypography-h6 MuiTypography-gutterBottom css-noit5d\">Mana estimates (default)</h6>",
            "target": [
              ".css-noit5d"
            ],
            "failureSummary": "Fix any of the following:\n  Element has insufficient color contrast of 2.77 (foreground color: #4caf50, background color: #ffffff, font size: 12.0pt (16px), font weight: bold). Expected contrast ratio of 4.5:1"
          },
          {
            "any": [
              {
                "id": "color-contrast",
                "data": {
                  "fgColor": "#2196f3",
                  "bgColor": "#ffffff",
                  "contrastRatio": 3.12,
                  "fontSize": "12.0pt (16px)",
                  "fontWeight": "bold",
                  "messageKey": null,
                  "expectedContrastRatio": "4.5:1"
                },
                "relatedNodes": [
                  {
                    "html": "<div class=\"MuiPaper-root MuiPaper-elevation MuiPaper-rounded MuiPaper-elevation0 css-34reyg\">",
                    "target": [
                      ".css-34reyg"
                    ]
                  }
                ],
                "impact": "serious",
                "message": "Element has insufficient color contrast of 3.12 (foreground color: #2196f3, background color: #ffffff, font size: 12.0pt (16px), font weight: bold). Expected contrast ratio of 4.5:1"
              }
            ],
            "all": [],
            "none": [],
            "impact": "serious",
            "html": "<h6 class=\"MuiTypography-root MuiTypography-h6 MuiTypography-gutterBottom css-12266so\">Exact goldfish potential (supported cases)</h6>",
            "target": [
              ".css-12266so"
            ],
            "failureSummary": "Fix any of the following:\n  Element has insufficient color contrast of 3.12 (foreground color: #2196f3, background color: #ffffff, font size: 12.0pt (16px), font weight: bold). Expected contrast ratio of 4.5:1"
          },
          {
            "any": [
              {
                "id": "color-contrast",
                "data": {
                  "fgColor": "#e65100",
                  "bgColor": "#fff3e0",
                  "contrastRatio": 3.45,
                  "fontSize": "9.8pt (13px)",
                  "fontWeight": "normal",
                  "messageKey": null,
                  "expectedContrastRatio": "4.5:1"
                },
                "relatedNodes": [
                  {
                    "html": "<div class=\"MuiChip-root MuiChip-filled MuiChip-sizeSmall MuiChip-colorDefault MuiChip-filledDefault css-g2jfmy\"><span class=\"MuiChip-label MuiChip-labelSmall css-tavflp\">Midrange: 22-26</span></div>",
                    "target": [
                      ".css-g2jfmy"
                    ]
                  }
                ],
                "impact": "serious",
                "message": "Element has insufficient color contrast of 3.45 (foreground color: #e65100, background color: #fff3e0, font size: 9.8pt (13px), font weight: normal). Expected contrast ratio of 4.5:1"
              }
            ],
            "all": [],
            "none": [],
            "impact": "serious",
            "html": "<span class=\"MuiChip-label MuiChip-labelSmall css-tavflp\">Midrange: 22-26</span>",
            "target": [
              ".css-g2jfmy > .css-tavflp.MuiChip-labelSmall.MuiChip-label"
            ],
            "failureSummary": "Fix any of the following:\n  Element has insufficient color contrast of 3.45 (foreground color: #e65100, background color: #fff3e0, font size: 9.8pt (13px), font weight: normal). Expected contrast ratio of 4.5:1"
          }
        ]
      }
    ]

    expect(received).toEqual(expected) // deep equality

    - Expected  -   1
    + Received  + 414

    - Array []
    + Array [
    +   Object {
    +     "description": "Ensure the contrast between foreground and background colors meets WCAG 2 AA minimum contrast ratio thresholds",
    +     "help": "Elements must meet minimum color contrast ratio thresholds",
    +     "helpUrl": "https://dequeuniversity.com/rules/axe/4.11/color-contrast?application=playwright",
    +     "id": "color-contrast",
    +     "impact": "serious",
    +     "nodes": Array [
    +       Object {
    +         "all": Array [],
    +         "any": Array [
    +           Object {
    +             "data": Object {
    +               "bgColor": "#fff3e0",
    +               "contrastRatio": 3.45,
    +               "expectedContrastRatio": "4.5:1",
    +               "fgColor": "#e65100",
    +               "fontSize": "9.8pt (13px)",
    +               "fontWeight": "normal",
    +               "messageKey": null,
    +             },
    +             "id": "color-contrast",
    +             "impact": "serious",
    +             "message": "Element has insufficient color contrast of 3.45 (foreground color: #e65100, background color: #fff3e0, font size: 9.8pt (13px), font weight: normal). Expected contrast ratio of 4.5:1",
    +             "relatedNodes": Array [
    +               Object {
    +                 "html": "<div class=\"MuiChip-root MuiChip-filled MuiChip-sizeMedium MuiChip-colorDefault MuiChip-filledDefault css-jb6lab\">",
    +                 "target": Array [
    +                   ".css-jb6lab",
    +                 ],
    +               },
    +             ],
    +           },
    +         ],
    +         "failureSummary": "Fix any of the following:
    +   Element has insufficient color contrast of 3.45 (foreground color: #e65100, background color: #fff3e0, font size: 9.8pt (13px), font weight: normal). Expected contrast ratio of 4.5:1",
    +         "html": "<span class=\"MuiChip-label MuiChip-labelMedium css-14vsv3w\">Pro-Level Research</span>",
    +         "impact": "serious",
    +         "none": Array [],
    +         "target": Array [
    +           ".css-jb6lab > .MuiChip-labelMedium.css-14vsv3w.MuiChip-label",
    +         ],
    +       },
    +       Object {
    +         "all": Array [],
    +         "any": Array [
    +           Object {
    +             "data": Object {
    +               "bgColor": "#e3f2fd",
    +               "contrastRatio": 4.02,
    +               "expectedContrastRatio": "4.5:1",
    +               "fgColor": "#1976d2",
    +               "fontSize": "9.8pt (13px)",
    +               "fontWeight": "bold",
    +               "messageKey": null,
    +             },
    +             "id": "color-contrast",
    +             "impact": "serious",
    +             "message": "Element has insufficient color contrast of 4.02 (foreground color: #1976d2, background color: #e3f2fd, font size: 9.8pt (13px), font weight: bold). Expected contrast ratio of 4.5:1",
    +             "relatedNodes": Array [
    +               Object {
    +                 "html": "<div class=\"MuiChip-root MuiChip-filled MuiChip-sizeSmall MuiChip-colorDefault MuiChip-filledDefault css-8dk9rg\"><span class=\"MuiChip-label MuiChip-labelSmall css-tavflp\">Castability Tab</span></div>",
    +                 "target": Array [
    +                   ".css-8dk9rg",
    +                 ],
    +               },
    +             ],
    +           },
    +         ],
    +         "failureSummary": "Fix any of the following:
    +   Element has insufficient color contrast of 4.02 (foreground color: #1976d2, background color: #e3f2fd, font size: 9.8pt (13px), font weight: bold). Expected contrast ratio of 4.5:1",
    +         "html": "<span class=\"MuiChip-label MuiChip-labelSmall css-tavflp\">Castability Tab</span>",
    +         "impact": "serious",
    +         "none": Array [],
    +         "target": Array [
    +           ".css-8dk9rg > .css-tavflp.MuiChip-labelSmall.MuiChip-label",
    +         ],
    +       },
    +       Object {
    +         "all": Array [],
    +         "any": Array [
    +           Object {
    +             "data": Object {
    +               "bgColor": "#e3f2fd",
    +               "contrastRatio": 4.02,
    +               "expectedContrastRatio": "4.5:1",
    +               "fgColor": "#1976d2",
    +               "fontSize": "9.0pt (12px)",
    +               "fontWeight": "normal",
    +               "messageKey": null,
    +             },
    +             "id": "color-contrast",
    +             "impact": "serious",
    +             "message": "Element has insufficient color contrast of 4.02 (foreground color: #1976d2, background color: #e3f2fd, font size: 9.0pt (12px), font weight: normal). Expected contrast ratio of 4.5:1",
    +             "relatedNodes": Array [
    +               Object {
    +                 "html": "<div class=\"MuiPaper-root MuiPaper-elevation MuiPaper-rounded MuiPaper-elevation0 css-tbfwuu\"><span class=\"MuiTypography-root MuiTypography-caption css-87y35d\">Compare the same spell, target turn and settings before interpreting a change.</span></div>",
    +                 "target": Array [
    +                   ".css-tbfwuu",
    +                 ],
    +               },
    +             ],
    +           },
    +         ],
    +         "failureSummary": "Fix any of the following:
    +   Element has insufficient color contrast of 4.02 (foreground color: #1976d2, background color: #e3f2fd, font size: 9.0pt (12px), font weight: normal). Expected contrast ratio of 4.5:1",
    +         "html": "<span class=\"MuiTypography-root MuiTypography-caption css-87y35d\">Compare the same spell, target turn and settings before interpreting a change.</span>",
    +         "impact": "serious",
    +         "none": Array [],
    +         "target": Array [
    +           ".css-87y35d",
    +         ],
    +       },
    +       Object {
    +         "all": Array [],
    +         "any": Array [
    +           Object {
    +             "data": Object {
    +               "bgColor": "#e8f5e9",
    +               "contrastRatio": 2.47,
    +               "expectedContrastRatio": "4.5:1",
    +               "fgColor": "#4caf50",
    +               "fontSize": "9.8pt (13px)",
    +               "fontWeight": "bold",
    +               "messageKey": null,
    +             },
    +             "id": "color-contrast",
    +             "impact": "serious",
    +             "message": "Element has insufficient color contrast of 2.47 (foreground color: #4caf50, background color: #e8f5e9, font size: 9.8pt (13px), font weight: bold). Expected contrast ratio of 4.5:1",
    +             "relatedNodes": Array [
    +               Object {
    +                 "html": "<div class=\"MuiChip-root MuiChip-filled MuiChip-sizeSmall MuiChip-colorDefault MuiChip-filledDefault css-4j0m4q\"><span class=\"MuiChip-label MuiChip-labelSmall css-tavflp\">Recommendations</span></div>",
    +                 "target": Array [
    +                   ".css-4j0m4q",
    +                 ],
    +               },
    +             ],
    +           },
    +         ],
    +         "failureSummary": "Fix any of the following:
    +   Element has insufficient color contrast of 2.47 (foreground color: #4caf50, background color: #e8f5e9, font size: 9.8pt (13px), font weight: bold). Expected contrast ratio of 4.5:1",
    +         "html": "<span class=\"MuiChip-label MuiChip-labelSmall css-tavflp\">Recommendations</span>",
    +         "impact": "serious",
    +         "none": Array [],
    +         "target": Array [
    +           ".css-4j0m4q > .css-tavflp.MuiChip-labelSmall.MuiChip-label",
    +         ],
    +       },
    +       Object {
    +         "all": Array [],
    +         "any": Array [
    +           Object {
    +             "data": Object {
    +               "bgColor": "#e8f5e9",
    +               "contrastRatio": 2.47,
    +               "expectedContrastRatio": "4.5:1",
    +               "fgColor": "#4caf50",
    +               "fontSize": "9.0pt (12px)",
    +               "fontWeight": "normal",
    +               "messageKey": null,
    +             },
    +             "id": "color-contrast",
    +             "impact": "serious",
    +             "message": "Element has insufficient color contrast of 2.47 (foreground color: #4caf50, background color: #e8f5e9, font size: 9.0pt (12px), font weight: normal). Expected contrast ratio of 4.5:1",
    +             "relatedNodes": Array [
    +               Object {
    +                 "html": "<div class=\"MuiPaper-root MuiPaper-elevation MuiPaper-rounded MuiPaper-elevation0 css-448iwc\"><span class=\"MuiTypography-root MuiTypography-caption css-6k2nd3\">For a two-mana spell, the published conditional target is 91%.</span></div>",
    +                 "target": Array [
    +                   ".css-448iwc",
    +                 ],
    +               },
    +             ],
    +           },
    +         ],
    +         "failureSummary": "Fix any of the following:
    +   Element has insufficient color contrast of 2.47 (foreground color: #4caf50, background color: #e8f5e9, font size: 9.0pt (12px), font weight: normal). Expected contrast ratio of 4.5:1",
    +         "html": "<span class=\"MuiTypography-root MuiTypography-caption css-6k2nd3\">For a two-mana spell, the published conditional target is 91%.</span>",
    +         "impact": "serious",
    +         "none": Array [],
    +         "target": Array [
    +           ".css-6k2nd3",
    +         ],
    +       },
    +       Object {
    +         "all": Array [],
    +         "any": Array [
    +           Object {
    +             "data": Object {
    +               "bgColor": "#fff8e1",
    +               "contrastRatio": 2.49,
    +               "expectedContrastRatio": "3:1",
    +               "fgColor": "#f57f17",
    +               "fontSize": "15.0pt (20px)",
    +               "fontWeight": "bold",
    +               "messageKey": null,
    +             },
    +             "id": "color-contrast",
    +             "impact": "serious",
    +             "message": "Element has insufficient color contrast of 2.49 (foreground color: #f57f17, background color: #fff8e1, font size: 15.0pt (20px), font weight: bold). Expected contrast ratio of 3:1",
    +             "relatedNodes": Array [
    +               Object {
    +                 "html": "<div class=\"MuiPaper-root MuiPaper-elevation MuiPaper-rounded MuiPaper-elevation0 css-19anwnb\">",
    +                 "target": Array [
    +                   ".css-19anwnb",
    +                 ],
    +               },
    +             ],
    +           },
    +         ],
    +         "failureSummary": "Fix any of the following:
    +   Element has insufficient color contrast of 2.49 (foreground color: #f57f17, background color: #fff8e1, font size: 15.0pt (20px), font weight: bold). Expected contrast ratio of 3:1",
    +         "html": "<h5 class=\"MuiTypography-root MuiTypography-h5 MuiTypography-gutterBottom css-1nkeey1\">Why do castability estimates differ from Karsten targets?</h5>",
    +         "impact": "serious",
    +         "none": Array [],
    +         "target": Array [
    +           ".css-1nkeey1",
    +         ],
    +       },
    +       Object {
    +         "all": Array [],
    +         "any": Array [
    +           Object {
    +             "data": Object {
    +               "bgColor": "#fffdf6",
    +               "contrastRatio": 2.73,
    +               "expectedContrastRatio": "4.5:1",
    +               "fgColor": "#4caf50",
    +               "fontSize": "10.5pt (14px)",
    +               "fontWeight": "bold",
    +               "messageKey": null,
    +             },
    +             "id": "color-contrast",
    +             "impact": "serious",
    +             "message": "Element has insufficient color contrast of 2.73 (foreground color: #4caf50, background color: #fffdf6, font size: 10.5pt (14px), font weight: bold). Expected contrast ratio of 4.5:1",
    +             "relatedNodes": Array [
    +               Object {
    +                 "html": "<div class=\"MuiPaper-root MuiPaper-elevation MuiPaper-rounded MuiPaper-elevation0 css-15ksj4u\">",
    +                 "target": Array [
    +                   ".MuiGrid-grid-md-6.css-iol86l.MuiGrid-grid-xs-12:nth-child(2) > .css-15ksj4u.MuiPaper-rounded.MuiPaper-root",
    +                 ],
    +               },
    +               Object {
    +                 "html": "<div class=\"MuiPaper-root MuiPaper-elevation MuiPaper-rounded MuiPaper-elevation0 css-19anwnb\">",
    +                 "target": Array [
    +                   ".css-19anwnb",
    +                 ],
    +               },
    +             ],
    +           },
    +         ],
    +         "failureSummary": "Fix any of the following:
    +   Element has insufficient color contrast of 2.73 (foreground color: #4caf50, background color: #fffdf6, font size: 10.5pt (14px), font weight: bold). Expected contrast ratio of 4.5:1",
    +         "html": "<h6 class=\"MuiTypography-root MuiTypography-subtitle2 MuiTypography-gutterBottom css-cj5ulz\">Karsten: conditional color consistency</h6>",
    +         "impact": "serious",
    +         "none": Array [],
    +         "target": Array [
    +           ".css-cj5ulz",
    +         ],
    +       },
    +       Object {
    +         "all": Array [],
    +         "any": Array [
    +           Object {
    +             "data": Object {
    +               "bgColor": "#fff8e1",
    +               "contrastRatio": 2.49,
    +               "expectedContrastRatio": "4.5:1",
    +               "fgColor": "#f57f17",
    +               "fontSize": "10.5pt (14px)",
    +               "fontWeight": "normal",
    +               "messageKey": null,
    +             },
    +             "id": "color-contrast",
    +             "impact": "serious",
    +             "message": "Element has insufficient color contrast of 2.49 (foreground color: #f57f17, background color: #fff8e1, font size: 10.5pt (14px), font weight: normal). Expected contrast ratio of 4.5:1",
    +             "relatedNodes": Array [
    +               Object {
    +                 "html": "<div class=\"MuiPaper-root MuiPaper-elevation MuiPaper-rounded MuiPaper-elevation0 css-19anwnb\">",
    +                 "target": Array [
    +                   ".css-19anwnb",
    +                 ],
    +               },
    +             ],
    +           },
    +         ],
    +         "failureSummary": "Fix any of the following:
    +   Element has insufficient color contrast of 2.49 (foreground color: #f57f17, background color: #fff8e1, font size: 10.5pt (14px), font weight: normal). Expected contrast ratio of 4.5:1",
    +         "html": "<p class=\"MuiTypography-root MuiTypography-body2 css-4ut7yg\">A conditional source target cannot be compared directly with unconditional castability.</p>",
    +         "impact": "serious",
    +         "none": Array [],
    +         "target": Array [
    +           ".css-4ut7yg",
    +         ],
    +       },
    +       Object {
    +         "all": Array [],
    +         "any": Array [
    +           Object {
    +             "data": Object {
    +               "bgColor": "#ffffff",
    +               "contrastRatio": 2.77,
    +               "expectedContrastRatio": "4.5:1",
    +               "fgColor": "#4caf50",
    +               "fontSize": "12.0pt (16px)",
    +               "fontWeight": "bold",
    +               "messageKey": null,
    +             },
    +             "id": "color-contrast",
    +             "impact": "serious",
    +             "message": "Element has insufficient color contrast of 2.77 (foreground color: #4caf50, background color: #ffffff, font size: 12.0pt (16px), font weight: bold). Expected contrast ratio of 4.5:1",
    +             "relatedNodes": Array [
    +               Object {
    +                 "html": "<div class=\"MuiPaper-root MuiPaper-elevation MuiPaper-rounded MuiPaper-elevation0 css-16o6ofw\">",
    +                 "target": Array [
    +                   ".css-16o6ofw",
    +                 ],
    +               },
    +             ],
    +           },
    +         ],
    +         "failureSummary": "Fix any of the following:
    +   Element has insufficient color contrast of 2.77 (foreground color: #4caf50, background color: #ffffff, font size: 12.0pt (16px), font weight: bold). Expected contrast ratio of 4.5:1",
    +         "html": "<h6 class=\"MuiTypography-root MuiTypography-h6 MuiTypography-gutterBottom css-noit5d\">Mana estimates (default)</h6>",
    +         "impact": "serious",
    +         "none": Array [],
    +         "target": Array [
    +           ".css-noit5d",
    +         ],
    +       },
    +       Object {
    +         "all": Array [],
    +         "any": Array [
    +           Object {
    +             "data": Object {
    +               "bgColor": "#ffffff",
    +               "contrastRatio": 3.12,
    +               "expectedContrastRatio": "4.5:1",
    +               "fgColor": "#2196f3",
    +               "fontSize": "12.0pt (16px)",
    +               "fontWeight": "bold",
    +               "messageKey": null,
    +             },
    +             "id": "color-contrast",
    +             "impact": "serious",
    +             "message": "Element has insufficient color contrast of 3.12 (foreground color: #2196f3, background color: #ffffff, font size: 12.0pt (16px), font weight: bold). Expected contrast ratio of 4.5:1",
    +             "relatedNodes": Array [
    +               Object {
    +                 "html": "<div class=\"MuiPaper-root MuiPaper-elevation MuiPaper-rounded MuiPaper-elevation0 css-34reyg\">",
    +                 "target": Array [
    +                   ".css-34reyg",
    +                 ],
    +               },
    +             ],
    +           },
    +         ],
    +         "failureSummary": "Fix any of the following:
    +   Element has insufficient color contrast of 3.12 (foreground color: #2196f3, background color: #ffffff, font size: 12.0pt (16px), font weight: bold). Expected contrast ratio of 4.5:1",
    +         "html": "<h6 class=\"MuiTypography-root MuiTypography-h6 MuiTypography-gutterBottom css-12266so\">Exact goldfish potential (supported cases)</h6>",
    +         "impact": "serious",
    +         "none": Array [],
    +         "target": Array [
    +           ".css-12266so",
    +         ],
    +       },
    +       Object {
    +         "all": Array [],
    +         "any": Array [
    +           Object {
    +             "data": Object {
    +               "bgColor": "#fff3e0",
    +               "contrastRatio": 3.45,
    +               "expectedContrastRatio": "4.5:1",
    +               "fgColor": "#e65100",
    +               "fontSize": "9.8pt (13px)",
    +               "fontWeight": "normal",
    +               "messageKey": null,
    +             },
    +             "id": "color-contrast",
    +             "impact": "serious",
    +             "message": "Element has insufficient color contrast of 3.45 (foreground color: #e65100, background color: #fff3e0, font size: 9.8pt (13px), font weight: normal). Expected contrast ratio of 4.5:1",
    +             "relatedNodes": Array [
    +               Object {
    +                 "html": "<div class=\"MuiChip-root MuiChip-filled MuiChip-sizeSmall MuiChip-colorDefault MuiChip-filledDefault css-g2jfmy\"><span class=\"MuiChip-label MuiChip-labelSmall css-tavflp\">Midrange: 22-26</span></div>",
    +                 "target": Array [
    +                   ".css-g2jfmy",
    +                 ],
    +               },
    +             ],
    +           },
    +         ],
    +         "failureSummary": "Fix any of the following:
    +   Element has insufficient color contrast of 3.45 (foreground color: #e65100, background color: #fff3e0, font size: 9.8pt (13px), font weight: normal). Expected contrast ratio of 4.5:1",
    +         "html": "<span class=\"MuiChip-label MuiChip-labelSmall css-tavflp\">Midrange: 22-26</span>",
    +         "impact": "serious",
    +         "none": Array [],
    +         "target": Array [
    +           ".css-g2jfmy > .css-tavflp.MuiChip-labelSmall.MuiChip-label",
    +         ],
    +       },
    +     ],
    +     "tags": Array [
    +       "cat.color",
    +       "wcag2aa",
    +       "wcag143",
    +       "TTv5",
    +       "TT13.c",
    +       "EN-301-549",
    +       "EN-9.1.4.3",
    +       "ACT",
    +       "RGAAv4",
    +       "RGAA-3.2.1",
    +     ],
    +   },
    + ]

      515 |         const contrast = await new AxeBuilder({ page }).include('main').withRules(['color-contrast']).analyze()
      516 |         await testInfo.attach(`${route.slice(1)}-${width}-${colorScheme}-contrast`, { body: JSON.stringify(contrast), contentType: 'application/json' })
    > 517 |         expect(contrast.violations, JSON.stringify(contrast.violations, null, 2)).toEqual([])
          |                                                                                   ^
      518 |       }
      519 |     })
      520 |   }
        at /Volumes/DataDisk/_Projects/Project Mana base V2/tests/e2e/core-flows/persona-followup.spec.js:517:83

    attachment #2: screenshot (image/png) ──────────────────────────────────────────────────────────
    docs/engineering/reaudit-fixes-szrp1r9w/persona-03/persona-followup-R01–R07-m-f36cd-st-themes-and-viewport-1440-chromium/test-failed-1.png
    ────────────────────────────────────────────────────────────────────────────────────────────────

    Error Context: docs/engineering/reaudit-fixes-szrp1r9w/persona-03/persona-followup-R01–R07-m-f36cd-st-themes-and-viewport-1440-chromium/error-context.md

    attachment #4: trace (application/zip) ─────────────────────────────────────────────────────────
    docs/engineering/reaudit-fixes-szrp1r9w/persona-03/persona-followup-R01–R07-m-f36cd-st-themes-and-viewport-1440-chromium/trace.zip
    Usage:

        npx playwright show-trace docs/engineering/reaudit-fixes-szrp1r9w/persona-03/persona-followup-R01–R07-m-f36cd-st-themes-and-viewport-1440-chromium/trace.zip

    ────────────────────────────────────────────────────────────────────────────────────────────────


(node:90133) Warning: The 'NO_COLOR' env is ignored due to the 'FORCE_COLOR' env being set.
(Use `node --trace-warnings ...` to show where the warning was created)


[21/23] [chromium] › tests/e2e/core-flows/persona-followup.spec.js:475:9 › R01–R07 /guide keyboard, contrast, themes and viewport 1440
  5) [chromium] › tests/e2e/core-flows/persona-followup.spec.js:475:9 › R01–R07 /guide keyboard, contrast, themes and viewport 1440

    Error: [
      {
        "id": "color-contrast",
        "impact": "serious",
        "tags": [
          "cat.color",
          "wcag2aa",
          "wcag143",
          "TTv5",
          "TT13.c",
          "EN-301-549",
          "EN-9.1.4.3",
          "ACT",
          "RGAAv4",
          "RGAA-3.2.1"
        ],
        "description": "Ensure the contrast between foreground and background colors meets WCAG 2 AA minimum contrast ratio thresholds",
        "help": "Elements must meet minimum color contrast ratio thresholds",
        "helpUrl": "https://dequeuniversity.com/rules/axe/4.11/color-contrast?application=playwright",
        "nodes": [
          {
            "any": [
              {
                "id": "color-contrast",
                "data": {
                  "fgColor": "#ffffff",
                  "bgColor": "#2196f3",
                  "contrastRatio": 3.12,
                  "fontSize": "8.4pt (11.2px)",
                  "fontWeight": "normal",
                  "messageKey": null,
                  "expectedContrastRatio": "4.5:1"
                },
                "relatedNodes": [
                  {
                    "html": "<div class=\"MuiChip-root MuiChip-filled MuiChip-sizeSmall MuiChip-colorDefault MuiChip-filledDefault css-14enbwr\"><span class=\"MuiChip-label MuiChip-labelSmall css-tavflp\">Core Feature</span></div>",
                    "target": [
                      ".css-14enbwr"
                    ]
                  }
                ],
                "impact": "serious",
                "message": "Element has insufficient color contrast of 3.12 (foreground color: #ffffff, background color: #2196f3, font size: 8.4pt (11.2px), font weight: normal). Expected contrast ratio of 4.5:1"
              }
            ],
            "all": [],
            "none": [],
            "impact": "serious",
            "html": "<span class=\"MuiChip-label MuiChip-labelSmall css-tavflp\">Core Feature</span>",
            "target": [
              ".css-14enbwr > .css-tavflp.MuiChip-label.MuiChip-labelSmall"
            ],
            "failureSummary": "Fix any of the following:\n  Element has insufficient color contrast of 3.12 (foreground color: #ffffff, background color: #2196f3, font size: 8.4pt (11.2px), font weight: normal). Expected contrast ratio of 4.5:1"
          },
          {
            "any": [
              {
                "id": "color-contrast",
                "data": {
                  "fgColor": "#ffffff",
                  "bgColor": "#00d9ff",
                  "contrastRatio": 1.69,
                  "fontSize": "8.4pt (11.2px)",
                  "fontWeight": "normal",
                  "messageKey": null,
                  "expectedContrastRatio": "4.5:1"
                },
                "relatedNodes": [
                  {
                    "html": "<div class=\"MuiChip-root MuiChip-filled MuiChip-sizeSmall MuiChip-colorDefault MuiChip-filledDefault css-1ye30po\"><span class=\"MuiChip-label MuiChip-labelSmall css-tavflp\">NEW</span></div>",
                    "target": [
                      ".css-1ye30po"
                    ]
                  }
                ],
                "impact": "serious",
                "message": "Element has insufficient color contrast of 1.69 (foreground color: #ffffff, background color: #00d9ff, font size: 8.4pt (11.2px), font weight: normal). Expected contrast ratio of 4.5:1"
              }
            ],
            "all": [],
            "none": [],
            "impact": "serious",
            "html": "<span class=\"MuiChip-label MuiChip-labelSmall css-tavflp\">NEW</span>",
            "target": [
              ".css-1ye30po > .css-tavflp.MuiChip-label.MuiChip-labelSmall"
            ],
            "failureSummary": "Fix any of the following:\n  Element has insufficient color contrast of 1.69 (foreground color: #ffffff, background color: #00d9ff, font size: 8.4pt (11.2px), font weight: normal). Expected contrast ratio of 4.5:1"
          },
          {
            "any": [
              {
                "id": "color-contrast",
                "data": {
                  "fgColor": "#1976d2",
                  "bgColor": "#e3f2fd",
                  "contrastRatio": 4.02,
                  "fontSize": "12.0pt (16px)",
                  "fontWeight": "bold",
                  "messageKey": null,
                  "expectedContrastRatio": "4.5:1"
                },
                "relatedNodes": [
                  {
                    "html": "<div class=\"MuiPaper-root MuiPaper-elevation MuiPaper-rounded MuiPaper-elevation0 css-1p0lotk\">",
                    "target": [
                      ".css-1p0lotk"
                    ]
                  }
                ],
                "impact": "serious",
                "message": "Element has insufficient color contrast of 4.02 (foreground color: #1976d2, background color: #e3f2fd, font size: 12.0pt (16px), font weight: bold). Expected contrast ratio of 4.5:1"
              }
            ],
            "all": [],
            "none": [],
            "impact": "serious",
            "html": "<h6 class=\"MuiTypography-root MuiTypography-subtitle1 css-bqsj26\">Draw Math</h6>",
            "target": [
              ".css-bqsj26"
            ],
            "failureSummary": "Fix any of the following:\n  Element has insufficient color contrast of 4.02 (foreground color: #1976d2, background color: #e3f2fd, font size: 12.0pt (16px), font weight: bold). Expected contrast ratio of 4.5:1"
          },
          {
            "any": [
              {
                "id": "color-contrast",
                "data": {
                  "fgColor": "#4caf50",
                  "bgColor": "#e8f5e9",
                  "contrastRatio": 2.47,
                  "fontSize": "24.0pt (32px)",
                  "fontWeight": "bold",
                  "messageKey": null,
                  "expectedContrastRatio": "3:1"
                },
                "relatedNodes": [
                  {
                    "html": "<div class=\"MuiPaper-root MuiPaper-elevation MuiPaper-rounded MuiPaper-elevation0 css-1aanqdw\">",
                    "target": [
                      ".css-1aanqdw"
                    ]
                  }
                ],
                "impact": "serious",
                "message": "Element has insufficient color contrast of 2.47 (foreground color: #4caf50, background color: #e8f5e9, font size: 24.0pt (32px), font weight: bold). Expected contrast ratio of 3:1"
              }
            ],
            "all": [],
            "none": [],
            "impact": "serious",
            "html": "<h3 class=\"MuiTypography-root MuiTypography-h3 css-po1dib\">90%</h3>",
            "target": [
              ".css-po1dib"
            ],
            "failureSummary": "Fix any of the following:\n  Element has insufficient color contrast of 2.47 (foreground color: #4caf50, background color: #e8f5e9, font size: 24.0pt (32px), font weight: bold). Expected contrast ratio of 3:1"
          },
          {
            "any": [
              {
                "id": "color-contrast",
                "data": {
                  "fgColor": "#4caf50",
                  "bgColor": "#e8f5e9",
                  "contrastRatio": 2.47,
                  "fontSize": "12.0pt (16px)",
                  "fontWeight": "bold",
                  "messageKey": null,
                  "expectedContrastRatio": "4.5:1"
                },
                "relatedNodes": [
                  {
                    "html": "<div class=\"MuiPaper-root MuiPaper-elevation MuiPaper-rounded MuiPaper-elevation0 css-1aanqdw\">",
                    "target": [
                      ".css-1aanqdw"
                    ]
                  }
                ],
                "impact": "serious",
                "message": "Element has insufficient color contrast of 2.47 (foreground color: #4caf50, background color: #e8f5e9, font size: 12.0pt (16px), font weight: bold). Expected contrast ratio of 4.5:1"
              }
            ],
            "all": [],
            "none": [],
            "impact": "serious",
            "html": "<h6 class=\"MuiTypography-root MuiTypography-subtitle1 css-7lgs1e\">Karsten Standards</h6>",
            "target": [
              ".css-7lgs1e"
            ],
            "failureSummary": "Fix any of the following:\n  Element has insufficient color contrast of 2.47 (foreground color: #4caf50, background color: #e8f5e9, font size: 12.0pt (16px), font weight: bold). Expected contrast ratio of 4.5:1"
          },
          {
            "any": [
              {
                "id": "color-contrast",
                "data": {
                  "fgColor": "#ff9800",
                  "bgColor": "#fff3e0",
                  "contrastRatio": 1.96,
                  "fontSize": "24.0pt (32px)",
                  "fontWeight": "bold",
                  "messageKey": null,
                  "expectedContrastRatio": "3:1"
                },
                "relatedNodes": [
                  {
                    "html": "<div class=\"MuiPaper-root MuiPaper-elevation MuiPaper-rounded MuiPaper-elevation0 css-1ll5qm1\">",
                    "target": [
                      ".css-1ll5qm1"
                    ]
                  }
                ],
                "impact": "serious",
                "message": "Element has insufficient color contrast of 1.96 (foreground color: #ff9800, background color: #fff3e0, font size: 24.0pt (32px), font weight: bold). Expected contrast ratio of 3:1"
              }
            ],
            "all": [],
            "none": [],
            "impact": "serious",
            "html": "<h3 class=\"MuiTypography-root MuiTypography-h3 css-777i70\">E[V₇]</h3>",
            "target": [
              ".css-777i70"
            ],
            "failureSummary": "Fix any of the following:\n  Element has insufficient color contrast of 1.96 (foreground color: #ff9800, background color: #fff3e0, font size: 24.0pt (32px), font weight: bold). Expected contrast ratio of 3:1"
          },
          {
            "any": [
              {
                "id": "color-contrast",
                "data": {
                  "fgColor": "#ff9800",
                  "bgColor": "#fff3e0",
                  "contrastRatio": 1.96,
                  "fontSize": "12.0pt (16px)",
                  "fontWeight": "bold",
                  "messageKey": null,
                  "expectedContrastRatio": "4.5:1"
                },
                "relatedNodes": [
                  {
                    "html": "<div class=\"MuiPaper-root MuiPaper-elevation MuiPaper-rounded MuiPaper-elevation0 css-1ll5qm1\">",
                    "target": [
                      ".css-1ll5qm1"
                    ]
                  }
                ],
                "impact": "serious",
                "message": "Element has insufficient color contrast of 1.96 (foreground color: #ff9800, background color: #fff3e0, font size: 12.0pt (16px), font weight: bold). Expected contrast ratio of 4.5:1"
              }
            ],
            "all": [],
            "none": [],
            "impact": "serious",
            "html": "<h6 class=\"MuiTypography-root MuiTypography-subtitle1 css-k2cvte\">Smart Mulligan</h6>",
            "target": [
              ".css-k2cvte"
            ],
            "failureSummary": "Fix any of the following:\n  Element has insufficient color contrast of 1.96 (foreground color: #ff9800, background color: #fff3e0, font size: 12.0pt (16px), font weight: bold). Expected contrast ratio of 4.5:1"
          },
          {
            "any": [
              {
                "id": "color-contrast",
                "data": {
                  "fgColor": "#00bcd4",
                  "bgColor": "#e0f7fa",
                  "contrastRatio": 2.06,
                  "fontSize": "24.0pt (32px)",
                  "fontWeight": "bold",
                  "messageKey": null,
                  "expectedContrastRatio": "3:1"
                },
                "relatedNodes": [
                  {
                    "html": "<div class=\"MuiPaper-root MuiPaper-elevation MuiPaper-rounded MuiPaper-elevation0 css-ehav0r\">",
                    "target": [
                      ".css-ehav0r"
                    ]
                  }
                ],
                "impact": "serious",
                "message": "Element has insufficient color contrast of 2.06 (foreground color: #00bcd4, background color: #e0f7fa, font size: 24.0pt (32px), font weight: bold). Expected contrast ratio of 3:1"
              }
            ],
            "all": [],
            "none": [],
            "impact": "serious",
            "html": "<h3 class=\"MuiTypography-root MuiTypography-h3 css-139ay7a\">0-100</h3>",
            "target": [
              ".css-139ay7a"
            ],
            "failureSummary": "Fix any of the following:\n  Element has insufficient color contrast of 2.06 (foreground color: #00bcd4, background color: #e0f7fa, font size: 24.0pt (32px), font weight: bold). Expected contrast ratio of 3:1"
          },
          {
            "any": [
              {
                "id": "color-contrast",
                "data": {
                  "fgColor": "#00bcd4",
                  "bgColor": "#e0f7fa",
                  "contrastRatio": 2.06,
                  "fontSize": "12.0pt (16px)",
                  "fontWeight": "bold",
                  "messageKey": null,
                  "expectedContrastRatio": "4.5:1"
                },
                "relatedNodes": [
                  {
                    "html": "<div class=\"MuiPaper-root MuiPaper-elevation MuiPaper-rounded MuiPaper-elevation0 css-ehav0r\">",
                    "target": [
                      ".css-ehav0r"
                    ]
                  }
                ],
                "impact": "serious",
                "message": "Element has insufficient color contrast of 2.06 (foreground color: #00bcd4, background color: #e0f7fa, font size: 12.0pt (16px), font weight: bold). Expected contrast ratio of 4.5:1"
              }
            ],
            "all": [],
            "none": [],
            "impact": "serious",
            "html": "<h6 class=\"MuiTypography-root MuiTypography-subtitle1 css-1bwha3c\">Health Score</h6>",
            "target": [
              ".css-1bwha3c"
            ],
            "failureSummary": "Fix any of the following:\n  Element has insufficient color contrast of 2.06 (foreground color: #00bcd4, background color: #e0f7fa, font size: 12.0pt (16px), font weight: bold). Expected contrast ratio of 4.5:1"
          },
          {
            "any": [
              {
                "id": "color-contrast",
                "data": {
                  "fgColor": "#e91e63",
                  "bgColor": "#fce4ec",
                  "contrastRatio": 3.61,
                  "fontSize": "12.0pt (16px)",
                  "fontWeight": "bold",
                  "messageKey": null,
                  "expectedContrastRatio": "4.5:1"
                },
                "relatedNodes": [
                  {
                    "html": "<div class=\"MuiPaper-root MuiPaper-elevation MuiPaper-rounded MuiPaper-elevation0 css-j6lg9l\">",
                    "target": [
                      ".css-j6lg9l"
                    ]
                  }
                ],
                "impact": "serious",
                "message": "Element has insufficient color contrast of 3.61 (foreground color: #e91e63, background color: #fce4ec, font size: 12.0pt (16px), font weight: bold). Expected contrast ratio of 4.5:1"
              }
            ],
            "all": [],
            "none": [],
            "impact": "serious",
            "html": "<h6 class=\"MuiTypography-root MuiTypography-subtitle1 css-as18kf\">Archetype Weights</h6>",
            "target": [
              ".css-as18kf"
            ],
            "failureSummary": "Fix any of the following:\n  Element has insufficient color contrast of 3.61 (foreground color: #e91e63, background color: #fce4ec, font size: 12.0pt (16px), font weight: bold). Expected contrast ratio of 4.5:1"
          },
          {
            "any": [
              {
                "id": "color-contrast",
                "data": {
                  "fgColor": "#ffffff",
                  "bgColor": "#4caf50",
                  "contrastRatio": 2.77,
                  "fontSize": "9.8pt (13px)",
                  "fontWeight": "normal",
                  "messageKey": null,
                  "expectedContrastRatio": "4.5:1"
                },
                "relatedNodes": [
                  {
                    "html": "<div class=\"MuiChip-root MuiChip-filled MuiChip-sizeSmall MuiChip-colorDefault MuiChip-filledDefault css-19729v0\"><span class=\"MuiChip-label MuiChip-labelSmall css-tavflp\">16-18 lands</span></div>",
                    "target": [
                      ".css-19729v0"
                    ]
                  }
                ],
                "impact": "serious",
                "message": "Element has insufficient color contrast of 2.77 (foreground color: #ffffff, background color: #4caf50, font size: 9.8pt (13px), font weight: normal). Expected contrast ratio of 4.5:1"
              }
            ],
            "all": [],
            "none": [],
            "impact": "serious",
            "html": "<span class=\"MuiChip-label MuiChip-labelSmall css-tavflp\">16-18 lands</span>",
            "target": [
              ".css-19729v0 > .css-tavflp.MuiChip-label.MuiChip-labelSmall"
            ],
            "failureSummary": "Fix any of the following:\n  Element has insufficient color contrast of 2.77 (foreground color: #ffffff, background color: #4caf50, font size: 9.8pt (13px), font weight: normal). Expected contrast ratio of 4.5:1"
          },
          {
            "any": [
              {
                "id": "color-contrast",
                "data": {
                  "fgColor": "#ffffff",
                  "bgColor": "#2196f3",
                  "contrastRatio": 3.12,
                  "fontSize": "9.8pt (13px)",
                  "fontWeight": "normal",
                  "messageKey": null,
                  "expectedContrastRatio": "4.5:1"
                },
                "relatedNodes": [
                  {
                    "html": "<div class=\"MuiChip-root MuiChip-filled MuiChip-sizeSmall MuiChip-colorDefault MuiChip-filledDefault css-1mdlgw5\"><span class=\"MuiChip-label MuiChip-labelSmall css-tavflp\">24-26 lands</span></div>",
                    "target": [
                      ".css-1mdlgw5"
                    ]
                  }
                ],
                "impact": "serious",
                "message": "Element has insufficient color contrast of 3.12 (foreground color: #ffffff, background color: #2196f3, font size: 9.8pt (13px), font weight: normal). Expected contrast ratio of 4.5:1"
              }
            ],
            "all": [],
            "none": [],
            "impact": "serious",
            "html": "<span class=\"MuiChip-label MuiChip-labelSmall css-tavflp\">24-26 lands</span>",
            "target": [
              ".css-1mdlgw5 > .css-tavflp.MuiChip-label.MuiChip-labelSmall"
            ],
            "failureSummary": "Fix any of the following:\n  Element has insufficient color contrast of 3.12 (foreground color: #ffffff, background color: #2196f3, font size: 9.8pt (13px), font weight: normal). Expected contrast ratio of 4.5:1"
          },
          {
            "any": [
              {
                "id": "color-contrast",
                "data": {
                  "fgColor": "#ffffff",
                  "bgColor": "#f44336",
                  "contrastRatio": 3.68,
                  "fontSize": "9.8pt (13px)",
                  "fontWeight": "normal",
                  "messageKey": null,
                  "expectedContrastRatio": "4.5:1"
                },
                "relatedNodes": [
                  {
                    "html": "<div class=\"MuiChip-root MuiChip-filled MuiChip-sizeSmall MuiChip-colorDefault MuiChip-filledDefault css-mdsrvb\"><span class=\"MuiChip-label MuiChip-labelSmall css-tavflp\">19-23 lands</span></div>",
                    "target": [
                      ".css-mdsrvb"
                    ]
                  }
                ],
                "impact": "serious",
                "message": "Element has insufficient color contrast of 3.68 (foreground color: #ffffff, background color: #f44336, font size: 9.8pt (13px), font weight: normal). Expected contrast ratio of 4.5:1"
              }
            ],
            "all": [],
            "none": [],
            "impact": "serious",
            "html": "<span class=\"MuiChip-label MuiChip-labelSmall css-tavflp\">19-23 lands</span>",
            "target": [
              ".css-mdsrvb > .css-tavflp.MuiChip-label.MuiChip-labelSmall"
            ],
            "failureSummary": "Fix any of the following:\n  Element has insufficient color contrast of 3.68 (foreground color: #ffffff, background color: #f44336, font size: 9.8pt (13px), font weight: normal). Expected contrast ratio of 4.5:1"
          },
          {
            "any": [
              {
                "id": "color-contrast",
                "data": {
                  "fgColor": "#ffffff",
                  "bgColor": "#ff9800",
                  "contrastRatio": 2.15,
                  "fontSize": "9.8pt (13px)",
                  "fontWeight": "normal",
                  "messageKey": null,
                  "expectedContrastRatio": "4.5:1"
                },
                "relatedNodes": [
                  {
                    "html": "<div class=\"MuiChip-root MuiChip-filled MuiChip-sizeSmall MuiChip-colorDefault MuiChip-filledDefault css-ye1fzg\"><span class=\"MuiChip-label MuiChip-labelSmall css-tavflp\">18-22 lands</span></div>",
                    "target": [
                      ".css-ye1fzg"
                    ]
                  }
                ],
                "impact": "serious",
                "message": "Element has insufficient color contrast of 2.15 (foreground color: #ffffff, background color: #ff9800, font size: 9.8pt (13px), font weight: normal). Expected contrast ratio of 4.5:1"
              }
            ],
            "all": [],
            "none": [],
            "impact": "serious",
            "html": "<span class=\"MuiChip-label MuiChip-labelSmall css-tavflp\">18-22 lands</span>",
            "target": [
              ".css-ye1fzg > .css-tavflp.MuiChip-label.MuiChip-labelSmall"
            ],
            "failureSummary": "Fix any of the following:\n  Element has insufficient color contrast of 2.15 (foreground color: #ffffff, background color: #ff9800, font size: 9.8pt (13px), font weight: normal). Expected contrast ratio of 4.5:1"
          },
          {
            "any": [
              {
                "id": "color-contrast",
                "data": {
                  "fgColor": "#ffffff",
                  "bgColor": "#00bcd4",
                  "contrastRatio": 2.29,
                  "fontSize": "9.8pt (13px)",
                  "fontWeight": "normal",
                  "messageKey": null,
                  "expectedContrastRatio": "4.5:1"
                },
                "relatedNodes": [
                  {
                    "html": "<div class=\"MuiChip-root MuiChip-filled MuiChip-sizeSmall MuiChip-colorDefault MuiChip-filledDefault css-xqto7n\"><span class=\"MuiChip-label MuiChip-labelSmall css-tavflp\">36-38 lands</span></div>",
                    "target": [
                      ".css-xqto7n"
                    ]
                  }
                ],
                "impact": "serious",
                "message": "Element has insufficient color contrast of 2.29 (foreground color: #ffffff, background color: #00bcd4, font size: 9.8pt (13px), font weight: normal). Expected contrast ratio of 4.5:1"
              }
            ],
            "all": [],
            "none": [],
            "impact": "serious",
            "html": "<span class=\"MuiChip-label MuiChip-labelSmall css-tavflp\">36-38 lands</span>",
            "target": [
              ".css-xqto7n > .css-tavflp.MuiChip-label.MuiChip-labelSmall"
            ],
            "failureSummary": "Fix any of the following:\n  Element has insufficient color contrast of 2.29 (foreground color: #ffffff, background color: #00bcd4, font size: 9.8pt (13px), font weight: normal). Expected contrast ratio of 4.5:1"
          },
          {
            "any": [
              {
                "id": "color-contrast",
                "data": {
                  "fgColor": "#ffffff",
                  "bgColor": "#00bcd4",
                  "contrastRatio": 2.29,
                  "fontSize": "9.8pt (13px)",
                  "fontWeight": "bold",
                  "messageKey": null,
                  "expectedContrastRatio": "4.5:1"
                },
                "relatedNodes": [
                  {
                    "html": "<div class=\"MuiChip-root MuiChip-filled MuiChip-sizeSmall MuiChip-colorDefault MuiChip-filledDefault css-f1g3co\"><span class=\"MuiChip-label MuiChip-labelSmall css-tavflp\">New in v2.5.6</span></div>",
                    "target": [
                      ".css-f1g3co"
                    ]
                  }
                ],
                "impact": "serious",
                "message": "Element has insufficient color contrast of 2.29 (foreground color: #ffffff, background color: #00bcd4, font size: 9.8pt (13px), font weight: bold). Expected contrast ratio of 4.5:1"
              }
            ],
            "all": [],
            "none": [],
            "impact": "serious",
            "html": "<span class=\"MuiChip-label MuiChip-labelSmall css-tavflp\">New in v2.5.6</span>",
            "target": [
              ".css-f1g3co > .css-tavflp.MuiChip-label.MuiChip-labelSmall"
            ],
            "failureSummary": "Fix any of the following:\n  Element has insufficient color contrast of 2.29 (foreground color: #ffffff, background color: #00bcd4, font size: 9.8pt (13px), font weight: bold). Expected contrast ratio of 4.5:1"
          }
        ]
      }
    ]

    expect(received).toEqual(expected) // deep equality

    - Expected  -   1
    + Received  + 583

    - Array []
    + Array [
    +   Object {
    +     "description": "Ensure the contrast between foreground and background colors meets WCAG 2 AA minimum contrast ratio thresholds",
    +     "help": "Elements must meet minimum color contrast ratio thresholds",
    +     "helpUrl": "https://dequeuniversity.com/rules/axe/4.11/color-contrast?application=playwright",
    +     "id": "color-contrast",
    +     "impact": "serious",
    +     "nodes": Array [
    +       Object {
    +         "all": Array [],
    +         "any": Array [
    +           Object {
    +             "data": Object {
    +               "bgColor": "#2196f3",
    +               "contrastRatio": 3.12,
    +               "expectedContrastRatio": "4.5:1",
    +               "fgColor": "#ffffff",
    +               "fontSize": "8.4pt (11.2px)",
    +               "fontWeight": "normal",
    +               "messageKey": null,
    +             },
    +             "id": "color-contrast",
    +             "impact": "serious",
    +             "message": "Element has insufficient color contrast of 3.12 (foreground color: #ffffff, background color: #2196f3, font size: 8.4pt (11.2px), font weight: normal). Expected contrast ratio of 4.5:1",
    +             "relatedNodes": Array [
    +               Object {
    +                 "html": "<div class=\"MuiChip-root MuiChip-filled MuiChip-sizeSmall MuiChip-colorDefault MuiChip-filledDefault css-14enbwr\"><span class=\"MuiChip-label MuiChip-labelSmall css-tavflp\">Core Feature</span></div>",
    +                 "target": Array [
    +                   ".css-14enbwr",
    +                 ],
    +               },
    +             ],
    +           },
    +         ],
    +         "failureSummary": "Fix any of the following:
    +   Element has insufficient color contrast of 3.12 (foreground color: #ffffff, background color: #2196f3, font size: 8.4pt (11.2px), font weight: normal). Expected contrast ratio of 4.5:1",
    +         "html": "<span class=\"MuiChip-label MuiChip-labelSmall css-tavflp\">Core Feature</span>",
    +         "impact": "serious",
    +         "none": Array [],
    +         "target": Array [
    +           ".css-14enbwr > .css-tavflp.MuiChip-label.MuiChip-labelSmall",
    +         ],
    +       },
    +       Object {
    +         "all": Array [],
    +         "any": Array [
    +           Object {
    +             "data": Object {
    +               "bgColor": "#00d9ff",
    +               "contrastRatio": 1.69,
    +               "expectedContrastRatio": "4.5:1",
    +               "fgColor": "#ffffff",
    +               "fontSize": "8.4pt (11.2px)",
    +               "fontWeight": "normal",
    +               "messageKey": null,
    +             },
    +             "id": "color-contrast",
    +             "impact": "serious",
    +             "message": "Element has insufficient color contrast of 1.69 (foreground color: #ffffff, background color: #00d9ff, font size: 8.4pt (11.2px), font weight: normal). Expected contrast ratio of 4.5:1",
    +             "relatedNodes": Array [
    +               Object {
    +                 "html": "<div class=\"MuiChip-root MuiChip-filled MuiChip-sizeSmall MuiChip-colorDefault MuiChip-filledDefault css-1ye30po\"><span class=\"MuiChip-label MuiChip-labelSmall css-tavflp\">NEW</span></div>",
    +                 "target": Array [
    +                   ".css-1ye30po",
    +                 ],
    +               },
    +             ],
    +           },
    +         ],
    +         "failureSummary": "Fix any of the following:
    +   Element has insufficient color contrast of 1.69 (foreground color: #ffffff, background color: #00d9ff, font size: 8.4pt (11.2px), font weight: normal). Expected contrast ratio of 4.5:1",
    +         "html": "<span class=\"MuiChip-label MuiChip-labelSmall css-tavflp\">NEW</span>",
    +         "impact": "serious",
    +         "none": Array [],
    +         "target": Array [
    +           ".css-1ye30po > .css-tavflp.MuiChip-label.MuiChip-labelSmall",
    +         ],
    +       },
    +       Object {
    +         "all": Array [],
    +         "any": Array [
    +           Object {
    +             "data": Object {
    +               "bgColor": "#e3f2fd",
    +               "contrastRatio": 4.02,
    +               "expectedContrastRatio": "4.5:1",
    +               "fgColor": "#1976d2",
    +               "fontSize": "12.0pt (16px)",
    +               "fontWeight": "bold",
    +               "messageKey": null,
    +             },
    +             "id": "color-contrast",
    +             "impact": "serious",
    +             "message": "Element has insufficient color contrast of 4.02 (foreground color: #1976d2, background color: #e3f2fd, font size: 12.0pt (16px), font weight: bold). Expected contrast ratio of 4.5:1",
    +             "relatedNodes": Array [
    +               Object {
    +                 "html": "<div class=\"MuiPaper-root MuiPaper-elevation MuiPaper-rounded MuiPaper-elevation0 css-1p0lotk\">",
    +                 "target": Array [
    +                   ".css-1p0lotk",
    +                 ],
    +               },
    +             ],
    +           },
    +         ],
    +         "failureSummary": "Fix any of the following:
    +   Element has insufficient color contrast of 4.02 (foreground color: #1976d2, background color: #e3f2fd, font size: 12.0pt (16px), font weight: bold). Expected contrast ratio of 4.5:1",
    +         "html": "<h6 class=\"MuiTypography-root MuiTypography-subtitle1 css-bqsj26\">Draw Math</h6>",
    +         "impact": "serious",
    +         "none": Array [],
    +         "target": Array [
    +           ".css-bqsj26",
    +         ],
    +       },
    +       Object {
    +         "all": Array [],
    +         "any": Array [
    +           Object {
    +             "data": Object {
    +               "bgColor": "#e8f5e9",
    +               "contrastRatio": 2.47,
    +               "expectedContrastRatio": "3:1",
    +               "fgColor": "#4caf50",
    +               "fontSize": "24.0pt (32px)",
    +               "fontWeight": "bold",
    +               "messageKey": null,
    +             },
    +             "id": "color-contrast",
    +             "impact": "serious",
    +             "message": "Element has insufficient color contrast of 2.47 (foreground color: #4caf50, background color: #e8f5e9, font size: 24.0pt (32px), font weight: bold). Expected contrast ratio of 3:1",
    +             "relatedNodes": Array [
    +               Object {
    +                 "html": "<div class=\"MuiPaper-root MuiPaper-elevation MuiPaper-rounded MuiPaper-elevation0 css-1aanqdw\">",
    +                 "target": Array [
    +                   ".css-1aanqdw",
    +                 ],
    +               },
    +             ],
    +           },
    +         ],
    +         "failureSummary": "Fix any of the following:
    +   Element has insufficient color contrast of 2.47 (foreground color: #4caf50, background color: #e8f5e9, font size: 24.0pt (32px), font weight: bold). Expected contrast ratio of 3:1",
    +         "html": "<h3 class=\"MuiTypography-root MuiTypography-h3 css-po1dib\">90%</h3>",
    +         "impact": "serious",
    +         "none": Array [],
    +         "target": Array [
    +           ".css-po1dib",
    +         ],
    +       },
    +       Object {
    +         "all": Array [],
    +         "any": Array [
    +           Object {
    +             "data": Object {
    +               "bgColor": "#e8f5e9",
    +               "contrastRatio": 2.47,
    +               "expectedContrastRatio": "4.5:1",
    +               "fgColor": "#4caf50",
    +               "fontSize": "12.0pt (16px)",
    +               "fontWeight": "bold",
    +               "messageKey": null,
    +             },
    +             "id": "color-contrast",
    +             "impact": "serious",
    +             "message": "Element has insufficient color contrast of 2.47 (foreground color: #4caf50, background color: #e8f5e9, font size: 12.0pt (16px), font weight: bold). Expected contrast ratio of 4.5:1",
    +             "relatedNodes": Array [
    +               Object {
    +                 "html": "<div class=\"MuiPaper-root MuiPaper-elevation MuiPaper-rounded MuiPaper-elevation0 css-1aanqdw\">",
    +                 "target": Array [
    +                   ".css-1aanqdw",
    +                 ],
    +               },
    +             ],
    +           },
    +         ],
    +         "failureSummary": "Fix any of the following:
    +   Element has insufficient color contrast of 2.47 (foreground color: #4caf50, background color: #e8f5e9, font size: 12.0pt (16px), font weight: bold). Expected contrast ratio of 4.5:1",
    +         "html": "<h6 class=\"MuiTypography-root MuiTypography-subtitle1 css-7lgs1e\">Karsten Standards</h6>",
    +         "impact": "serious",
    +         "none": Array [],
    +         "target": Array [
    +           ".css-7lgs1e",
    +         ],
    +       },
    +       Object {
    +         "all": Array [],
    +         "any": Array [
    +           Object {
    +             "data": Object {
    +               "bgColor": "#fff3e0",
    +               "contrastRatio": 1.96,
    +               "expectedContrastRatio": "3:1",
    +               "fgColor": "#ff9800",
    +               "fontSize": "24.0pt (32px)",
    +               "fontWeight": "bold",
    +               "messageKey": null,
    +             },
    +             "id": "color-contrast",
    +             "impact": "serious",
    +             "message": "Element has insufficient color contrast of 1.96 (foreground color: #ff9800, background color: #fff3e0, font size: 24.0pt (32px), font weight: bold). Expected contrast ratio of 3:1",
    +             "relatedNodes": Array [
    +               Object {
    +                 "html": "<div class=\"MuiPaper-root MuiPaper-elevation MuiPaper-rounded MuiPaper-elevation0 css-1ll5qm1\">",
    +                 "target": Array [
    +                   ".css-1ll5qm1",
    +                 ],
    +               },
    +             ],
    +           },
    +         ],
    +         "failureSummary": "Fix any of the following:
    +   Element has insufficient color contrast of 1.96 (foreground color: #ff9800, background color: #fff3e0, font size: 24.0pt (32px), font weight: bold). Expected contrast ratio of 3:1",
    +         "html": "<h3 class=\"MuiTypography-root MuiTypography-h3 css-777i70\">E[V₇]</h3>",
    +         "impact": "serious",
    +         "none": Array [],
    +         "target": Array [
    +           ".css-777i70",
    +         ],
    +       },
    +       Object {
    +         "all": Array [],
    +         "any": Array [
    +           Object {
    +             "data": Object {
    +               "bgColor": "#fff3e0",
    +               "contrastRatio": 1.96,
    +               "expectedContrastRatio": "4.5:1",
    +               "fgColor": "#ff9800",
    +               "fontSize": "12.0pt (16px)",
    +               "fontWeight": "bold",
    +               "messageKey": null,
    +             },
    +             "id": "color-contrast",
    +             "impact": "serious",
    +             "message": "Element has insufficient color contrast of 1.96 (foreground color: #ff9800, background color: #fff3e0, font size: 12.0pt (16px), font weight: bold). Expected contrast ratio of 4.5:1",
    +             "relatedNodes": Array [
    +               Object {
    +                 "html": "<div class=\"MuiPaper-root MuiPaper-elevation MuiPaper-rounded MuiPaper-elevation0 css-1ll5qm1\">",
    +                 "target": Array [
    +                   ".css-1ll5qm1",
    +                 ],
    +               },
    +             ],
    +           },
    +         ],
    +         "failureSummary": "Fix any of the following:
    +   Element has insufficient color contrast of 1.96 (foreground color: #ff9800, background color: #fff3e0, font size: 12.0pt (16px), font weight: bold). Expected contrast ratio of 4.5:1",
    +         "html": "<h6 class=\"MuiTypography-root MuiTypography-subtitle1 css-k2cvte\">Smart Mulligan</h6>",
    +         "impact": "serious",
    +         "none": Array [],
    +         "target": Array [
    +           ".css-k2cvte",
    +         ],
    +       },
    +       Object {
    +         "all": Array [],
    +         "any": Array [
    +           Object {
    +             "data": Object {
    +               "bgColor": "#e0f7fa",
    +               "contrastRatio": 2.06,
    +               "expectedContrastRatio": "3:1",
    +               "fgColor": "#00bcd4",
    +               "fontSize": "24.0pt (32px)",
    +               "fontWeight": "bold",
    +               "messageKey": null,
    +             },
    +             "id": "color-contrast",
    +             "impact": "serious",
    +             "message": "Element has insufficient color contrast of 2.06 (foreground color: #00bcd4, background color: #e0f7fa, font size: 24.0pt (32px), font weight: bold). Expected contrast ratio of 3:1",
    +             "relatedNodes": Array [
    +               Object {
    +                 "html": "<div class=\"MuiPaper-root MuiPaper-elevation MuiPaper-rounded MuiPaper-elevation0 css-ehav0r\">",
    +                 "target": Array [
    +                   ".css-ehav0r",
    +                 ],
    +               },
    +             ],
    +           },
    +         ],
    +         "failureSummary": "Fix any of the following:
    +   Element has insufficient color contrast of 2.06 (foreground color: #00bcd4, background color: #e0f7fa, font size: 24.0pt (32px), font weight: bold). Expected contrast ratio of 3:1",
    +         "html": "<h3 class=\"MuiTypography-root MuiTypography-h3 css-139ay7a\">0-100</h3>",
    +         "impact": "serious",
    +         "none": Array [],
    +         "target": Array [
    +           ".css-139ay7a",
    +         ],
    +       },
    +       Object {
    +         "all": Array [],
    +         "any": Array [
    +           Object {
    +             "data": Object {
    +               "bgColor": "#e0f7fa",
    +               "contrastRatio": 2.06,
    +               "expectedContrastRatio": "4.5:1",
    +               "fgColor": "#00bcd4",
    +               "fontSize": "12.0pt (16px)",
    +               "fontWeight": "bold",
    +               "messageKey": null,
    +             },
    +             "id": "color-contrast",
    +             "impact": "serious",
    +             "message": "Element has insufficient color contrast of 2.06 (foreground color: #00bcd4, background color: #e0f7fa, font size: 12.0pt (16px), font weight: bold). Expected contrast ratio of 4.5:1",
    +             "relatedNodes": Array [
    +               Object {
    +                 "html": "<div class=\"MuiPaper-root MuiPaper-elevation MuiPaper-rounded MuiPaper-elevation0 css-ehav0r\">",
    +                 "target": Array [
    +                   ".css-ehav0r",
    +                 ],
    +               },
    +             ],
    +           },
    +         ],
    +         "failureSummary": "Fix any of the following:
    +   Element has insufficient color contrast of 2.06 (foreground color: #00bcd4, background color: #e0f7fa, font size: 12.0pt (16px), font weight: bold). Expected contrast ratio of 4.5:1",
    +         "html": "<h6 class=\"MuiTypography-root MuiTypography-subtitle1 css-1bwha3c\">Health Score</h6>",
    +         "impact": "serious",
    +         "none": Array [],
    +         "target": Array [
    +           ".css-1bwha3c",
    +         ],
    +       },
    +       Object {
    +         "all": Array [],
    +         "any": Array [
    +           Object {
    +             "data": Object {
    +               "bgColor": "#fce4ec",
    +               "contrastRatio": 3.61,
    +               "expectedContrastRatio": "4.5:1",
    +               "fgColor": "#e91e63",
    +               "fontSize": "12.0pt (16px)",
    +               "fontWeight": "bold",
    +               "messageKey": null,
    +             },
    +             "id": "color-contrast",
    +             "impact": "serious",
    +             "message": "Element has insufficient color contrast of 3.61 (foreground color: #e91e63, background color: #fce4ec, font size: 12.0pt (16px), font weight: bold). Expected contrast ratio of 4.5:1",
    +             "relatedNodes": Array [
    +               Object {
    +                 "html": "<div class=\"MuiPaper-root MuiPaper-elevation MuiPaper-rounded MuiPaper-elevation0 css-j6lg9l\">",
    +                 "target": Array [
    +                   ".css-j6lg9l",
    +                 ],
    +               },
    +             ],
    +           },
    +         ],
    +         "failureSummary": "Fix any of the following:
    +   Element has insufficient color contrast of 3.61 (foreground color: #e91e63, background color: #fce4ec, font size: 12.0pt (16px), font weight: bold). Expected contrast ratio of 4.5:1",
    +         "html": "<h6 class=\"MuiTypography-root MuiTypography-subtitle1 css-as18kf\">Archetype Weights</h6>",
    +         "impact": "serious",
    +         "none": Array [],
    +         "target": Array [
    +           ".css-as18kf",
    +         ],
    +       },
    +       Object {
    +         "all": Array [],
    +         "any": Array [
    +           Object {
    +             "data": Object {
    +               "bgColor": "#4caf50",
    +               "contrastRatio": 2.77,
    +               "expectedContrastRatio": "4.5:1",
    +               "fgColor": "#ffffff",
    +               "fontSize": "9.8pt (13px)",
    +               "fontWeight": "normal",
    +               "messageKey": null,
    +             },
    +             "id": "color-contrast",
    +             "impact": "serious",
    +             "message": "Element has insufficient color contrast of 2.77 (foreground color: #ffffff, background color: #4caf50, font size: 9.8pt (13px), font weight: normal). Expected contrast ratio of 4.5:1",
    +             "relatedNodes": Array [
    +               Object {
    +                 "html": "<div class=\"MuiChip-root MuiChip-filled MuiChip-sizeSmall MuiChip-colorDefault MuiChip-filledDefault css-19729v0\"><span class=\"MuiChip-label MuiChip-labelSmall css-tavflp\">16-18 lands</span></div>",
    +                 "target": Array [
    +                   ".css-19729v0",
    +                 ],
    +               },
    +             ],
    +           },
    +         ],
    +         "failureSummary": "Fix any of the following:
    +   Element has insufficient color contrast of 2.77 (foreground color: #ffffff, background color: #4caf50, font size: 9.8pt (13px), font weight: normal). Expected contrast ratio of 4.5:1",
    +         "html": "<span class=\"MuiChip-label MuiChip-labelSmall css-tavflp\">16-18 lands</span>",
    +         "impact": "serious",
    +         "none": Array [],
    +         "target": Array [
    +           ".css-19729v0 > .css-tavflp.MuiChip-label.MuiChip-labelSmall",
    +         ],
    +       },
    +       Object {
    +         "all": Array [],
    +         "any": Array [
    +           Object {
    +             "data": Object {
    +               "bgColor": "#2196f3",
    +               "contrastRatio": 3.12,
    +               "expectedContrastRatio": "4.5:1",
    +               "fgColor": "#ffffff",
    +               "fontSize": "9.8pt (13px)",
    +               "fontWeight": "normal",
    +               "messageKey": null,
    +             },
    +             "id": "color-contrast",
    +             "impact": "serious",
    +             "message": "Element has insufficient color contrast of 3.12 (foreground color: #ffffff, background color: #2196f3, font size: 9.8pt (13px), font weight: normal). Expected contrast ratio of 4.5:1",
    +             "relatedNodes": Array [
    +               Object {
    +                 "html": "<div class=\"MuiChip-root MuiChip-filled MuiChip-sizeSmall MuiChip-colorDefault MuiChip-filledDefault css-1mdlgw5\"><span class=\"MuiChip-label MuiChip-labelSmall css-tavflp\">24-26 lands</span></div>",
    +                 "target": Array [
    +                   ".css-1mdlgw5",
    +                 ],
    +               },
    +             ],
    +           },
    +         ],
    +         "failureSummary": "Fix any of the following:
    +   Element has insufficient color contrast of 3.12 (foreground color: #ffffff, background color: #2196f3, font size: 9.8pt (13px), font weight: normal). Expected contrast ratio of 4.5:1",
    +         "html": "<span class=\"MuiChip-label MuiChip-labelSmall css-tavflp\">24-26 lands</span>",
    +         "impact": "serious",
    +         "none": Array [],
    +         "target": Array [
    +           ".css-1mdlgw5 > .css-tavflp.MuiChip-label.MuiChip-labelSmall",
    +         ],
    +       },
    +       Object {
    +         "all": Array [],
    +         "any": Array [
    +           Object {
    +             "data": Object {
    +               "bgColor": "#f44336",
    +               "contrastRatio": 3.68,
    +               "expectedContrastRatio": "4.5:1",
    +               "fgColor": "#ffffff",
    +               "fontSize": "9.8pt (13px)",
    +               "fontWeight": "normal",
    +               "messageKey": null,
    +             },
    +             "id": "color-contrast",
    +             "impact": "serious",
    +             "message": "Element has insufficient color contrast of 3.68 (foreground color: #ffffff, background color: #f44336, font size: 9.8pt (13px), font weight: normal). Expected contrast ratio of 4.5:1",
    +             "relatedNodes": Array [
    +               Object {
    +                 "html": "<div class=\"MuiChip-root MuiChip-filled MuiChip-sizeSmall MuiChip-colorDefault MuiChip-filledDefault css-mdsrvb\"><span class=\"MuiChip-label MuiChip-labelSmall css-tavflp\">19-23 lands</span></div>",
    +                 "target": Array [
    +                   ".css-mdsrvb",
    +                 ],
    +               },
    +             ],
    +           },
    +         ],
    +         "failureSummary": "Fix any of the following:
    +   Element has insufficient color contrast of 3.68 (foreground color: #ffffff, background color: #f44336, font size: 9.8pt (13px), font weight: normal). Expected contrast ratio of 4.5:1",
    +         "html": "<span class=\"MuiChip-label MuiChip-labelSmall css-tavflp\">19-23 lands</span>",
    +         "impact": "serious",
    +         "none": Array [],
    +         "target": Array [
    +           ".css-mdsrvb > .css-tavflp.MuiChip-label.MuiChip-labelSmall",
    +         ],
    +       },
    +       Object {
    +         "all": Array [],
    +         "any": Array [
    +           Object {
    +             "data": Object {
    +               "bgColor": "#ff9800",
    +               "contrastRatio": 2.15,
    +               "expectedContrastRatio": "4.5:1",
    +               "fgColor": "#ffffff",
    +               "fontSize": "9.8pt (13px)",
    +               "fontWeight": "normal",
    +               "messageKey": null,
    +             },
    +             "id": "color-contrast",
    +             "impact": "serious",
    +             "message": "Element has insufficient color contrast of 2.15 (foreground color: #ffffff, background color: #ff9800, font size: 9.8pt (13px), font weight: normal). Expected contrast ratio of 4.5:1",
    +             "relatedNodes": Array [
    +               Object {
    +                 "html": "<div class=\"MuiChip-root MuiChip-filled MuiChip-sizeSmall MuiChip-colorDefault MuiChip-filledDefault css-ye1fzg\"><span class=\"MuiChip-label MuiChip-labelSmall css-tavflp\">18-22 lands</span></div>",
    +                 "target": Array [
    +                   ".css-ye1fzg",
    +                 ],
    +               },
    +             ],
    +           },
    +         ],
    +         "failureSummary": "Fix any of the following:
    +   Element has insufficient color contrast of 2.15 (foreground color: #ffffff, background color: #ff9800, font size: 9.8pt (13px), font weight: normal). Expected contrast ratio of 4.5:1",
    +         "html": "<span class=\"MuiChip-label MuiChip-labelSmall css-tavflp\">18-22 lands</span>",
    +         "impact": "serious",
    +         "none": Array [],
    +         "target": Array [
    +           ".css-ye1fzg > .css-tavflp.MuiChip-label.MuiChip-labelSmall",
    +         ],
    +       },
    +       Object {
    +         "all": Array [],
    +         "any": Array [
    +           Object {
    +             "data": Object {
    +               "bgColor": "#00bcd4",
    +               "contrastRatio": 2.29,
    +               "expectedContrastRatio": "4.5:1",
    +               "fgColor": "#ffffff",
    +               "fontSize": "9.8pt (13px)",
    +               "fontWeight": "normal",
    +               "messageKey": null,
    +             },
    +             "id": "color-contrast",
    +             "impact": "serious",
    +             "message": "Element has insufficient color contrast of 2.29 (foreground color: #ffffff, background color: #00bcd4, font size: 9.8pt (13px), font weight: normal). Expected contrast ratio of 4.5:1",
    +             "relatedNodes": Array [
    +               Object {
    +                 "html": "<div class=\"MuiChip-root MuiChip-filled MuiChip-sizeSmall MuiChip-colorDefault MuiChip-filledDefault css-xqto7n\"><span class=\"MuiChip-label MuiChip-labelSmall css-tavflp\">36-38 lands</span></div>",
    +                 "target": Array [
    +                   ".css-xqto7n",
    +                 ],
    +               },
    +             ],
    +           },
    +         ],
    +         "failureSummary": "Fix any of the following:
    +   Element has insufficient color contrast of 2.29 (foreground color: #ffffff, background color: #00bcd4, font size: 9.8pt (13px), font weight: normal). Expected contrast ratio of 4.5:1",
    +         "html": "<span class=\"MuiChip-label MuiChip-labelSmall css-tavflp\">36-38 lands</span>",
    +         "impact": "serious",
    +         "none": Array [],
    +         "target": Array [
    +           ".css-xqto7n > .css-tavflp.MuiChip-label.MuiChip-labelSmall",
    +         ],
    +       },
    +       Object {
    +         "all": Array [],
    +         "any": Array [
    +           Object {
    +             "data": Object {
    +               "bgColor": "#00bcd4",
    +               "contrastRatio": 2.29,
    +               "expectedContrastRatio": "4.5:1",
    +               "fgColor": "#ffffff",
    +               "fontSize": "9.8pt (13px)",
    +               "fontWeight": "bold",
    +               "messageKey": null,
    +             },
    +             "id": "color-contrast",
    +             "impact": "serious",
    +             "message": "Element has insufficient color contrast of 2.29 (foreground color: #ffffff, background color: #00bcd4, font size: 9.8pt (13px), font weight: bold). Expected contrast ratio of 4.5:1",
    +             "relatedNodes": Array [
    +               Object {
    +                 "html": "<div class=\"MuiChip-root MuiChip-filled MuiChip-sizeSmall MuiChip-colorDefault MuiChip-filledDefault css-f1g3co\"><span class=\"MuiChip-label MuiChip-labelSmall css-tavflp\">New in v2.5.6</span></div>",
    +                 "target": Array [
    +                   ".css-f1g3co",
    +                 ],
    +               },
    +             ],
    +           },
    +         ],
    +         "failureSummary": "Fix any of the following:
    +   Element has insufficient color contrast of 2.29 (foreground color: #ffffff, background color: #00bcd4, font size: 9.8pt (13px), font weight: bold). Expected contrast ratio of 4.5:1",
    +         "html": "<span class=\"MuiChip-label MuiChip-labelSmall css-tavflp\">New in v2.5.6</span>",
    +         "impact": "serious",
    +         "none": Array [],
    +         "target": Array [
    +           ".css-f1g3co > .css-tavflp.MuiChip-label.MuiChip-labelSmall",
    +         ],
    +       },
    +     ],
    +     "tags": Array [
    +       "cat.color",
    +       "wcag2aa",
    +       "wcag143",
    +       "TTv5",
    +       "TT13.c",
    +       "EN-301-549",
    +       "EN-9.1.4.3",
    +       "ACT",
    +       "RGAAv4",
    +       "RGAA-3.2.1",
    +     ],
    +   },
    + ]

      515 |         const contrast = await new AxeBuilder({ page }).include('main').withRules(['color-contrast']).analyze()
      516 |         await testInfo.attach(`${route.slice(1)}-${width}-${colorScheme}-contrast`, { body: JSON.stringify(contrast), contentType: 'application/json' })
    > 517 |         expect(contrast.violations, JSON.stringify(contrast.violations, null, 2)).toEqual([])
          |                                                                                   ^
      518 |       }
      519 |     })
      520 |   }
        at /Volumes/DataDisk/_Projects/Project Mana base V2/tests/e2e/core-flows/persona-followup.spec.js:517:83

    attachment #2: screenshot (image/png) ──────────────────────────────────────────────────────────
    docs/engineering/reaudit-fixes-szrp1r9w/persona-03/persona-followup-R01–R07-g-bf783-st-themes-and-viewport-1440-chromium/test-failed-1.png
    ────────────────────────────────────────────────────────────────────────────────────────────────

    Error Context: docs/engineering/reaudit-fixes-szrp1r9w/persona-03/persona-followup-R01–R07-g-bf783-st-themes-and-viewport-1440-chromium/error-context.md

    attachment #4: trace (application/zip) ─────────────────────────────────────────────────────────
    docs/engineering/reaudit-fixes-szrp1r9w/persona-03/persona-followup-R01–R07-g-bf783-st-themes-and-viewport-1440-chromium/trace.zip
    Usage:

        npx playwright show-trace docs/engineering/reaudit-fixes-szrp1r9w/persona-03/persona-followup-R01–R07-g-bf783-st-themes-and-viewport-1440-chromium/trace.zip

    ────────────────────────────────────────────────────────────────────────────────────────────────


(node:90185) Warning: The 'NO_COLOR' env is ignored due to the 'FORCE_COLOR' env being set.
(Use `node --trace-warnings ...` to show where the warning was created)


[22/23] [chromium] › tests/e2e/core-flows/persona-followup.spec.js:475:9 › R01–R07 /library keyboard, contrast, themes and viewport 1440
  6) [chromium] › tests/e2e/core-flows/persona-followup.spec.js:475:9 › R01–R07 /library keyboard, contrast, themes and viewport 1440

    Error: [
      {
        "id": "color-contrast",
        "impact": "serious",
        "tags": [
          "cat.color",
          "wcag2aa",
          "wcag143",
          "TTv5",
          "TT13.c",
          "EN-301-549",
          "EN-9.1.4.3",
          "ACT",
          "RGAAv4",
          "RGAA-3.2.1"
        ],
        "description": "Ensure the contrast between foreground and background colors meets WCAG 2 AA minimum contrast ratio thresholds",
        "help": "Elements must meet minimum color contrast ratio thresholds",
        "helpUrl": "https://dequeuniversity.com/rules/axe/4.11/color-contrast?application=playwright",
        "nodes": [
          {
            "any": [
              {
                "id": "color-contrast",
                "data": {
                  "fgColor": "#e9b54c",
                  "bgColor": "#ffffff",
                  "contrastRatio": 1.87,
                  "fontSize": "7.8pt (10.4px)",
                  "fontWeight": "normal",
                  "messageKey": null,
                  "expectedContrastRatio": "4.5:1"
                },
                "relatedNodes": [
                  {
                    "html": "<div class=\"MuiPaper-root MuiPaper-elevation MuiPaper-rounded MuiPaper-elevation0 MuiCard-root css-1av528k\" id=\"article-saito-part-2-having-fun\">",
                    "target": [
                      "#article-saito-part-2-having-fun"
                    ]
                  }
                ],
                "impact": "serious",
                "message": "Element has insufficient color contrast of 1.87 (foreground color: #e9b54c, background color: #ffffff, font size: 7.8pt (10.4px), font weight: normal). Expected contrast ratio of 4.5:1"
              }
            ],
            "all": [],
            "none": [],
            "impact": "serious",
            "html": "<span class=\"MuiChip-label MuiChip-labelSmall css-cxrmjv\">Archived</span>",
            "target": [
              "#article-saito-part-2-having-fun > .MuiCardContent-root.css-1edln9e > .css-1js5bby.MuiStack-root > .css-r0di03.MuiChip-colorWarning.MuiChip-outlinedWarning > .css-cxrmjv.MuiChip-labelSmall.MuiChip-label"
            ],
            "failureSummary": "Fix any of the following:\n  Element has insufficient color contrast of 1.87 (foreground color: #e9b54c, background color: #ffffff, font size: 7.8pt (10.4px), font weight: normal). Expected contrast ratio of 4.5:1"
          },
          {
            "any": [
              {
                "id": "color-contrast",
                "data": {
                  "fgColor": "#e9b54c",
                  "bgColor": "#ffffff",
                  "contrastRatio": 1.87,
                  "fontSize": "7.8pt (10.4px)",
                  "fontWeight": "normal",
                  "messageKey": null,
                  "expectedContrastRatio": "4.5:1"
                },
                "relatedNodes": [
                  {
                    "html": "<div class=\"MuiPaper-root MuiPaper-elevation MuiPaper-rounded MuiPaper-elevation0 MuiCard-root css-1av528k\" id=\"article-pvddr-one-mistake-archive\">",
                    "target": [
                      "#article-pvddr-one-mistake-archive"
                    ]
                  }
                ],
                "impact": "serious",
                "message": "Element has insufficient color contrast of 1.87 (foreground color: #e9b54c, background color: #ffffff, font size: 7.8pt (10.4px), font weight: normal). Expected contrast ratio of 4.5:1"
              }
            ],
            "all": [],
            "none": [],
            "impact": "serious",
            "html": "<span class=\"MuiChip-label MuiChip-labelSmall css-cxrmjv\">Archived</span>",
            "target": [
              "#article-pvddr-one-mistake-archive > .MuiCardContent-root.css-1edln9e > .css-1js5bby.MuiStack-root > .css-r0di03.MuiChip-colorWarning.MuiChip-outlinedWarning > .css-cxrmjv.MuiChip-labelSmall.MuiChip-label"
            ],
            "failureSummary": "Fix any of the following:\n  Element has insufficient color contrast of 1.87 (foreground color: #e9b54c, background color: #ffffff, font size: 7.8pt (10.4px), font weight: normal). Expected contrast ratio of 4.5:1"
          },
          {
            "any": [
              {
                "id": "color-contrast",
                "data": {
                  "fgColor": "#e9b54c",
                  "bgColor": "#ffffff",
                  "contrastRatio": 1.87,
                  "fontSize": "7.8pt (10.4px)",
                  "fontWeight": "normal",
                  "messageKey": null,
                  "expectedContrastRatio": "4.5:1"
                },
                "relatedNodes": [
                  {
                    "html": "<div class=\"MuiPaper-root MuiPaper-elevation MuiPaper-rounded MuiPaper-elevation0 MuiCard-root css-1av528k\" id=\"article-karsten-hypergeometric-intro\">",
                    "target": [
                      "#article-karsten-hypergeometric-intro"
                    ]
                  }
                ],
                "impact": "serious",
                "message": "Element has insufficient color contrast of 1.87 (foreground color: #e9b54c, background color: #ffffff, font size: 7.8pt (10.4px), font weight: normal). Expected contrast ratio of 4.5:1"
              }
            ],
            "all": [],
            "none": [],
            "impact": "serious",
            "html": "<span class=\"MuiChip-label MuiChip-labelSmall css-cxrmjv\">Archived</span>",
            "target": [
              "#article-karsten-hypergeometric-intro > .MuiCardContent-root.css-1edln9e > .css-1js5bby.MuiStack-root > .css-r0di03.MuiChip-colorWarning.MuiChip-outlinedWarning > .css-cxrmjv.MuiChip-labelSmall.MuiChip-label"
            ],
            "failureSummary": "Fix any of the following:\n  Element has insufficient color contrast of 1.87 (foreground color: #e9b54c, background color: #ffffff, font size: 7.8pt (10.4px), font weight: normal). Expected contrast ratio of 4.5:1"
          },
          {
            "any": [
              {
                "id": "color-contrast",
                "data": {
                  "fgColor": "#e9b54c",
                  "bgColor": "#ffffff",
                  "contrastRatio": 1.87,
                  "fontSize": "7.8pt (10.4px)",
                  "fontWeight": "normal",
                  "messageKey": null,
                  "expectedContrastRatio": "4.5:1"
                },
                "relatedNodes": [
                  {
                    "html": "<div class=\"MuiPaper-root MuiPaper-elevation MuiPaper-rounded MuiPaper-elevation0 MuiCard-root css-1av528k\" id=\"article-saito-part-1-concentration\">",
                    "target": [
                      "#article-saito-part-1-concentration"
                    ]
                  }
                ],
                "impact": "serious",
                "message": "Element has insufficient color contrast of 1.87 (foreground color: #e9b54c, background color: #ffffff, font size: 7.8pt (10.4px), font weight: normal). Expected contrast ratio of 4.5:1"
              }
            ],
            "all": [],
            "none": [],
            "impact": "serious",
            "html": "<span class=\"MuiChip-label MuiChip-labelSmall css-cxrmjv\">Archived</span>",
            "target": [
              "#article-saito-part-1-concentration > .MuiCardContent-root.css-1edln9e > .css-1js5bby.MuiStack-root > .css-r0di03.MuiChip-colorWarning.MuiChip-outlinedWarning > .css-cxrmjv.MuiChip-labelSmall.MuiChip-label"
            ],
            "failureSummary": "Fix any of the following:\n  Element has insufficient color contrast of 1.87 (foreground color: #e9b54c, background color: #ffffff, font size: 7.8pt (10.4px), font weight: normal). Expected contrast ratio of 4.5:1"
          },
          {
            "any": [
              {
                "id": "color-contrast",
                "data": {
                  "fgColor": "#e9b54c",
                  "bgColor": "#ffffff",
                  "contrastRatio": 1.87,
                  "fontSize": "7.8pt (10.4px)",
                  "fontWeight": "normal",
                  "messageKey": null,
                  "expectedContrastRatio": "4.5:1"
                },
                "relatedNodes": [
                  {
                    "html": "<div class=\"MuiPaper-root MuiPaper-elevation MuiPaper-rounded MuiPaper-elevation0 MuiCard-root css-1av528k\" id=\"article-karsten-commander-manabase\">",
                    "target": [
                      "#article-karsten-commander-manabase"
                    ]
                  }
                ],
                "impact": "serious",
                "message": "Element has insufficient color contrast of 1.87 (foreground color: #e9b54c, background color: #ffffff, font size: 7.8pt (10.4px), font weight: normal). Expected contrast ratio of 4.5:1"
              }
            ],
            "all": [],
            "none": [],
            "impact": "serious",
            "html": "<span class=\"MuiChip-label MuiChip-labelSmall css-cxrmjv\">Archived</span>",
            "target": [
              "#article-karsten-commander-manabase > .MuiCardContent-root.css-1edln9e > .css-1js5bby.MuiStack-root > .css-r0di03.MuiChip-colorWarning.MuiChip-outlinedWarning > .css-cxrmjv.MuiChip-labelSmall.MuiChip-label"
            ],
            "failureSummary": "Fix any of the following:\n  Element has insufficient color contrast of 1.87 (foreground color: #e9b54c, background color: #ffffff, font size: 7.8pt (10.4px), font weight: normal). Expected contrast ratio of 4.5:1"
          },
          {
            "any": [
              {
                "id": "color-contrast",
                "data": {
                  "fgColor": "#e9b54c",
                  "bgColor": "#ffffff",
                  "contrastRatio": 1.87,
                  "fontSize": "7.8pt (10.4px)",
                  "fontWeight": "normal",
                  "messageKey": null,
                  "expectedContrastRatio": "4.5:1"
                },
                "relatedNodes": [
                  {
                    "html": "<div class=\"MuiPaper-root MuiPaper-elevation MuiPaper-rounded MuiPaper-elevation0 MuiCard-root css-1av528k\" id=\"article-lsv-draft-signals-classic\">",
                    "target": [
                      "#article-lsv-draft-signals-classic"
                    ]
                  }
                ],
                "impact": "serious",
                "message": "Element has insufficient color contrast of 1.87 (foreground color: #e9b54c, background color: #ffffff, font size: 7.8pt (10.4px), font weight: normal). Expected contrast ratio of 4.5:1"
              }
            ],
            "all": [],
            "none": [],
            "impact": "serious",
            "html": "<span class=\"MuiChip-label MuiChip-labelSmall css-cxrmjv\">Archived</span>",
            "target": [
              "#article-lsv-draft-signals-classic > .MuiCardContent-root.css-1edln9e > .css-1js5bby.MuiStack-root > .css-r0di03.MuiChip-colorWarning.MuiChip-outlinedWarning > .css-cxrmjv.MuiChip-labelSmall.MuiChip-label"
            ],
            "failureSummary": "Fix any of the following:\n  Element has insufficient color contrast of 1.87 (foreground color: #e9b54c, background color: #ffffff, font size: 7.8pt (10.4px), font weight: normal). Expected contrast ratio of 4.5:1"
          },
          {
            "any": [
              {
                "id": "color-contrast",
                "data": {
                  "fgColor": "#e9b54c",
                  "bgColor": "#ffffff",
                  "contrastRatio": 1.87,
                  "fontSize": "7.8pt (10.4px)",
                  "fontWeight": "normal",
                  "messageKey": null,
                  "expectedContrastRatio": "4.5:1"
                },
                "relatedNodes": [
                  {
                    "html": "<div class=\"MuiPaper-root MuiPaper-elevation MuiPaper-rounded MuiPaper-elevation0 MuiCard-root css-1av528k\" id=\"article-zvi-whos-the-beatdown-2-multitasking\">",
                    "target": [
                      ".css-10ib5jr.MuiBox-root:nth-child(4) > .MuiGrid-spacing-xs-2\\.5.css-es6bie.MuiGrid-container > .css-1twzmnh.MuiGrid-grid-sm-6.MuiGrid-grid-md-4:nth-child(5) > .css-1av528k.MuiCard-root.MuiPaper-rounded"
                    ]
                  }
                ],
                "impact": "serious",
                "message": "Element has insufficient color contrast of 1.87 (foreground color: #e9b54c, background color: #ffffff, font size: 7.8pt (10.4px), font weight: normal). Expected contrast ratio of 4.5:1"
              }
            ],
            "all": [],
            "none": [],
            "impact": "serious",
            "html": "<span class=\"MuiChip-label MuiChip-labelSmall css-cxrmjv\">Archived</span>",
            "target": [
              ".css-1twzmnh.MuiGrid-grid-sm-6.MuiGrid-grid-md-4:nth-child(5) > .css-1av528k.MuiCard-root.MuiPaper-rounded > .MuiCardContent-root.css-1edln9e > .css-1js5bby.MuiStack-root > .css-r0di03.MuiChip-colorWarning.MuiChip-outlinedWarning > .css-cxrmjv.MuiChip-labelSmall.MuiChip-label"
            ],
            "failureSummary": "Fix any of the following:\n  Element has insufficient color contrast of 1.87 (foreground color: #e9b54c, background color: #ffffff, font size: 7.8pt (10.4px), font weight: normal). Expected contrast ratio of 4.5:1"
          },
          {
            "any": [
              {
                "id": "color-contrast",
                "data": {
                  "fgColor": "#e9b54c",
                  "bgColor": "#ffffff",
                  "contrastRatio": 1.87,
                  "fontSize": "7.8pt (10.4px)",
                  "fontWeight": "normal",
                  "messageKey": null,
                  "expectedContrastRatio": "4.5:1"
                },
                "relatedNodes": [
                  {
                    "html": "<div class=\"MuiPaper-root MuiPaper-elevation MuiPaper-rounded MuiPaper-elevation0 MuiCard-root css-1av528k\" id=\"article-flores-whos-the-beatdown\">",
                    "target": [
                      "#article-flores-whos-the-beatdown"
                    ]
                  }
                ],
                "impact": "serious",
                "message": "Element has insufficient color contrast of 1.87 (foreground color: #e9b54c, background color: #ffffff, font size: 7.8pt (10.4px), font weight: normal). Expected contrast ratio of 4.5:1"
              }
            ],
            "all": [],
            "none": [],
            "impact": "serious",
            "html": "<span class=\"MuiChip-label MuiChip-labelSmall css-cxrmjv\">Archived</span>",
            "target": [
              "#article-flores-whos-the-beatdown > .MuiCardContent-root.css-1edln9e > .css-1js5bby.MuiStack-root > .css-r0di03.MuiChip-colorWarning.MuiChip-outlinedWarning > .css-cxrmjv.MuiChip-labelSmall.MuiChip-label"
            ],
            "failureSummary": "Fix any of the following:\n  Element has insufficient color contrast of 1.87 (foreground color: #e9b54c, background color: #ffffff, font size: 7.8pt (10.4px), font weight: normal). Expected contrast ratio of 4.5:1"
          },
          {
            "any": [
              {
                "id": "color-contrast",
                "data": {
                  "fgColor": "#e9b54c",
                  "bgColor": "#ffffff",
                  "contrastRatio": 1.87,
                  "fontSize": "7.8pt (10.4px)",
                  "fontWeight": "normal",
                  "messageKey": null,
                  "expectedContrastRatio": "4.5:1"
                },
                "relatedNodes": [
                  {
                    "html": "<div class=\"MuiPaper-root MuiPaper-elevation MuiPaper-rounded MuiPaper-elevation0 MuiCard-root css-1av528k\" id=\"article-karsten-colored-sources-2018-archive\">",
                    "target": [
                      "#article-karsten-colored-sources-2018-archive"
                    ]
                  }
                ],
                "impact": "serious",
                "message": "Element has insufficient color contrast of 1.87 (foreground color: #e9b54c, background color: #ffffff, font size: 7.8pt (10.4px), font weight: normal). Expected contrast ratio of 4.5:1"
              }
            ],
            "all": [],
            "none": [],
            "impact": "serious",
            "html": "<span class=\"MuiChip-label MuiChip-labelSmall css-cxrmjv\">Archived</span>",
            "target": [
              "#article-karsten-colored-sources-2018-archive > .MuiCardContent-root.css-1edln9e > .css-1js5bby.MuiStack-root > .css-r0di03.MuiChip-colorWarning.MuiChip-outlinedWarning > .css-cxrmjv.MuiChip-labelSmall.MuiChip-label"
            ],
            "failureSummary": "Fix any of the following:\n  Element has insufficient color contrast of 1.87 (foreground color: #e9b54c, background color: #ffffff, font size: 7.8pt (10.4px), font weight: normal). Expected contrast ratio of 4.5:1"
          },
          {
            "any": [
              {
                "id": "color-contrast",
                "data": {
                  "fgColor": "#e9b54c",
                  "bgColor": "#ffffff",
                  "contrastRatio": 1.87,
                  "fontSize": "7.8pt (10.4px)",
                  "fontWeight": "normal",
                  "messageKey": null,
                  "expectedContrastRatio": "4.5:1"
                },
                "relatedNodes": [
                  {
                    "html": "<div class=\"MuiPaper-root MuiPaper-elevation MuiPaper-rounded MuiPaper-elevation0 MuiCard-root css-1av528k\" id=\"article-saito-part-4-metagame\">",
                    "target": [
                      ".css-10ib5jr.MuiBox-root:nth-child(9) > .MuiGrid-spacing-xs-2\\.5.css-es6bie.MuiGrid-container > .css-1twzmnh.MuiGrid-grid-sm-6.MuiGrid-grid-md-4:nth-child(1) > .css-1av528k.MuiCard-root.MuiPaper-rounded"
                    ]
                  }
                ],
                "impact": "serious",
                "message": "Element has insufficient color contrast of 1.87 (foreground color: #e9b54c, background color: #ffffff, font size: 7.8pt (10.4px), font weight: normal). Expected contrast ratio of 4.5:1"
              }
            ],
            "all": [],
            "none": [],
            "impact": "serious",
            "html": "<span class=\"MuiChip-label MuiChip-labelSmall css-cxrmjv\">Archived</span>",
            "target": [
              ".css-10ib5jr.MuiBox-root:nth-child(9) > .MuiGrid-spacing-xs-2\\.5.css-es6bie.MuiGrid-container > .css-1twzmnh.MuiGrid-grid-sm-6.MuiGrid-grid-md-4:nth-child(1) > .css-1av528k.MuiCard-root.MuiPaper-rounded > .MuiCardContent-root.css-1edln9e > .css-1js5bby.MuiStack-root > .css-r0di03.MuiChip-colorWarning.MuiChip-outlinedWarning > .css-cxrmjv.MuiChip-labelSmall.MuiChip-label"
            ],
            "failureSummary": "Fix any of the following:\n  Element has insufficient color contrast of 1.87 (foreground color: #e9b54c, background color: #ffffff, font size: 7.8pt (10.4px), font weight: normal). Expected contrast ratio of 4.5:1"
          },
          {
            "any": [
              {
                "id": "color-contrast",
                "data": {
                  "fgColor": "#e9b54c",
                  "bgColor": "#ffffff",
                  "contrastRatio": 1.87,
                  "fontSize": "7.8pt (10.4px)",
                  "fontWeight": "normal",
                  "messageKey": null,
                  "expectedContrastRatio": "4.5:1"
                },
                "relatedNodes": [
                  {
                    "html": "<div class=\"MuiPaper-root MuiPaper-elevation MuiPaper-rounded MuiPaper-elevation0 MuiCard-root css-1av528k\" id=\"article-saito-part-3-environment\">",
                    "target": [
                      "#article-saito-part-3-environment"
                    ]
                  }
                ],
                "impact": "serious",
                "message": "Element has insufficient color contrast of 1.87 (foreground color: #e9b54c, background color: #ffffff, font size: 7.8pt (10.4px), font weight: normal). Expected contrast ratio of 4.5:1"
              }
            ],
            "all": [],
            "none": [],
            "impact": "serious",
            "html": "<span class=\"MuiChip-label MuiChip-labelSmall css-cxrmjv\">Archived</span>",
            "target": [
              "#article-saito-part-3-environment > .MuiCardContent-root.css-1edln9e > .css-1js5bby.MuiStack-root > .css-r0di03.MuiChip-colorWarning.MuiChip-outlinedWarning > .css-cxrmjv.MuiChip-labelSmall.MuiChip-label"
            ],
            "failureSummary": "Fix any of the following:\n  Element has insufficient color contrast of 1.87 (foreground color: #e9b54c, background color: #ffffff, font size: 7.8pt (10.4px), font weight: normal). Expected contrast ratio of 4.5:1"
          },
          {
            "any": [
              {
                "id": "color-contrast",
                "data": {
                  "fgColor": "#e9b54c",
                  "bgColor": "#ffffff",
                  "contrastRatio": 1.87,
                  "fontSize": "7.8pt (10.4px)",
                  "fontWeight": "normal",
                  "messageKey": null,
                  "expectedContrastRatio": "4.5:1"
                },
                "relatedNodes": [
                  {
                    "html": "<div class=\"MuiPaper-root MuiPaper-elevation MuiPaper-rounded MuiPaper-elevation0 MuiCard-root css-1av528k\" id=\"article-saito-part-4-metagame\">",
                    "target": [
                      ".css-10ib5jr.MuiBox-root:nth-child(10) > .MuiGrid-spacing-xs-2\\.5.css-es6bie.MuiGrid-container > .css-1twzmnh.MuiGrid-grid-sm-6.MuiGrid-grid-md-4:nth-child(2) > .css-1av528k.MuiCard-root.MuiPaper-rounded"
                    ]
                  }
                ],
                "impact": "serious",
                "message": "Element has insufficient color contrast of 1.87 (foreground color: #e9b54c, background color: #ffffff, font size: 7.8pt (10.4px), font weight: normal). Expected contrast ratio of 4.5:1"
              }
            ],
            "all": [],
            "none": [],
            "impact": "serious",
            "html": "<span class=\"MuiChip-label MuiChip-labelSmall css-cxrmjv\">Archived</span>",
            "target": [
              ".css-1twzmnh.MuiGrid-grid-sm-6.MuiGrid-grid-md-4:nth-child(2) > .css-1av528k.MuiCard-root.MuiPaper-rounded > .MuiCardContent-root.css-1edln9e > .css-1js5bby.MuiStack-root > .css-r0di03.MuiChip-colorWarning.MuiChip-outlinedWarning > .css-cxrmjv.MuiChip-labelSmall.MuiChip-label"
            ],
            "failureSummary": "Fix any of the following:\n  Element has insufficient color contrast of 1.87 (foreground color: #e9b54c, background color: #ffffff, font size: 7.8pt (10.4px), font weight: normal). Expected contrast ratio of 4.5:1"
          },
          {
            "any": [
              {
                "id": "color-contrast",
                "data": {
                  "fgColor": "#e9b54c",
                  "bgColor": "#ffffff",
                  "contrastRatio": 1.87,
                  "fontSize": "7.8pt (10.4px)",
                  "fontWeight": "normal",
                  "messageKey": null,
                  "expectedContrastRatio": "4.5:1"
                },
                "relatedNodes": [
                  {
                    "html": "<div class=\"MuiPaper-root MuiPaper-elevation MuiPaper-rounded MuiPaper-elevation0 MuiCard-root css-1av528k\" id=\"article-saito-part-5-connections\">",
                    "target": [
                      "#article-saito-part-5-connections"
                    ]
                  }
                ],
                "impact": "serious",
                "message": "Element has insufficient color contrast of 1.87 (foreground color: #e9b54c, background color: #ffffff, font size: 7.8pt (10.4px), font weight: normal). Expected contrast ratio of 4.5:1"
              }
            ],
            "all": [],
            "none": [],
            "impact": "serious",
            "html": "<span class=\"MuiChip-label MuiChip-labelSmall css-cxrmjv\">Archived</span>",
            "target": [
              "#article-saito-part-5-connections > .MuiCardContent-root.css-1edln9e > .css-1js5bby.MuiStack-root > .css-r0di03.MuiChip-colorWarning.MuiChip-outlinedWarning > .css-cxrmjv.MuiChip-labelSmall.MuiChip-label"
            ],
            "failureSummary": "Fix any of the following:\n  Element has insufficient color contrast of 1.87 (foreground color: #e9b54c, background color: #ffffff, font size: 7.8pt (10.4px), font weight: normal). Expected contrast ratio of 4.5:1"
          },
          {
            "any": [
              {
                "id": "color-contrast",
                "data": {
                  "fgColor": "#e9b54c",
                  "bgColor": "#ffffff",
                  "contrastRatio": 1.87,
                  "fontSize": "7.8pt (10.4px)",
                  "fontWeight": "normal",
                  "messageKey": null,
                  "expectedContrastRatio": "4.5:1"
                },
                "relatedNodes": [
                  {
                    "html": "<div class=\"MuiPaper-root MuiPaper-elevation MuiPaper-rounded MuiPaper-elevation0 MuiCard-root css-1av528k\" id=\"article-saito-part-7-other-lessons\">",
                    "target": [
                      "#article-saito-part-7-other-lessons"
                    ]
                  }
                ],
                "impact": "serious",
                "message": "Element has insufficient color contrast of 1.87 (foreground color: #e9b54c, background color: #ffffff, font size: 7.8pt (10.4px), font weight: normal). Expected contrast ratio of 4.5:1"
              }
            ],
            "all": [],
            "none": [],
            "impact": "serious",
            "html": "<span class=\"MuiChip-label MuiChip-labelSmall css-cxrmjv\">Archived</span>",
            "target": [
              "#article-saito-part-7-other-lessons > .MuiCardContent-root.css-1edln9e > .css-1js5bby.MuiStack-root > .css-r0di03.MuiChip-colorWarning.MuiChip-outlinedWarning > .css-cxrmjv.MuiChip-labelSmall.MuiChip-label"
            ],
            "failureSummary": "Fix any of the following:\n  Element has insufficient color contrast of 1.87 (foreground color: #e9b54c, background color: #ffffff, font size: 7.8pt (10.4px), font weight: normal). Expected contrast ratio of 4.5:1"
          },
          {
            "any": [
              {
                "id": "color-contrast",
                "data": {
                  "fgColor": "#e9b54c",
                  "bgColor": "#ffffff",
                  "contrastRatio": 1.87,
                  "fontSize": "7.8pt (10.4px)",
                  "fontWeight": "normal",
                  "messageKey": null,
                  "expectedContrastRatio": "4.5:1"
                },
                "relatedNodes": [
                  {
                    "html": "<div class=\"MuiPaper-root MuiPaper-elevation MuiPaper-rounded MuiPaper-elevation0 MuiCard-root css-1av528k\" id=\"article-zvi-whos-the-beatdown-2-multitasking\">",
                    "target": [
                      ".css-10ib5jr.MuiBox-root:nth-child(11) > .MuiGrid-spacing-xs-2\\.5.css-es6bie.MuiGrid-container > .css-1twzmnh.MuiGrid-grid-sm-6.MuiGrid-grid-md-4:nth-child(3) > .css-1av528k.MuiCard-root.MuiPaper-rounded"
                    ]
                  }
                ],
                "impact": "serious",
                "message": "Element has insufficient color contrast of 1.87 (foreground color: #e9b54c, background color: #ffffff, font size: 7.8pt (10.4px), font weight: normal). Expected contrast ratio of 4.5:1"
              }
            ],
            "all": [],
            "none": [],
            "impact": "serious",
            "html": "<span class=\"MuiChip-label MuiChip-labelSmall css-cxrmjv\">Archived</span>",
            "target": [
              ".css-10ib5jr.MuiBox-root:nth-child(11) > .MuiGrid-spacing-xs-2\\.5.css-es6bie.MuiGrid-container > .css-1twzmnh.MuiGrid-grid-sm-6.MuiGrid-grid-md-4:nth-child(3) > .css-1av528k.MuiCard-root.MuiPaper-rounded > .MuiCardContent-root.css-1edln9e > .css-1js5bby.MuiStack-root > .css-r0di03.MuiChip-colorWarning.MuiChip-outlinedWarning > .css-cxrmjv.MuiChip-labelSmall.MuiChip-label"
            ],
            "failureSummary": "Fix any of the following:\n  Element has insufficient color contrast of 1.87 (foreground color: #e9b54c, background color: #ffffff, font size: 7.8pt (10.4px), font weight: normal). Expected contrast ratio of 4.5:1"
          }
        ]
      }
    ]

    expect(received).toEqual(expected) // deep equality

    - Expected  -   1
    + Received  + 548

    - Array []
    + Array [
    +   Object {
    +     "description": "Ensure the contrast between foreground and background colors meets WCAG 2 AA minimum contrast ratio thresholds",
    +     "help": "Elements must meet minimum color contrast ratio thresholds",
    +     "helpUrl": "https://dequeuniversity.com/rules/axe/4.11/color-contrast?application=playwright",
    +     "id": "color-contrast",
    +     "impact": "serious",
    +     "nodes": Array [
    +       Object {
    +         "all": Array [],
    +         "any": Array [
    +           Object {
    +             "data": Object {
    +               "bgColor": "#ffffff",
    +               "contrastRatio": 1.87,
    +               "expectedContrastRatio": "4.5:1",
    +               "fgColor": "#e9b54c",
    +               "fontSize": "7.8pt (10.4px)",
    +               "fontWeight": "normal",
    +               "messageKey": null,
    +             },
    +             "id": "color-contrast",
    +             "impact": "serious",
    +             "message": "Element has insufficient color contrast of 1.87 (foreground color: #e9b54c, background color: #ffffff, font size: 7.8pt (10.4px), font weight: normal). Expected contrast ratio of 4.5:1",
    +             "relatedNodes": Array [
    +               Object {
    +                 "html": "<div class=\"MuiPaper-root MuiPaper-elevation MuiPaper-rounded MuiPaper-elevation0 MuiCard-root css-1av528k\" id=\"article-saito-part-2-having-fun\">",
    +                 "target": Array [
    +                   "#article-saito-part-2-having-fun",
    +                 ],
    +               },
    +             ],
    +           },
    +         ],
    +         "failureSummary": "Fix any of the following:
    +   Element has insufficient color contrast of 1.87 (foreground color: #e9b54c, background color: #ffffff, font size: 7.8pt (10.4px), font weight: normal). Expected contrast ratio of 4.5:1",
    +         "html": "<span class=\"MuiChip-label MuiChip-labelSmall css-cxrmjv\">Archived</span>",
    +         "impact": "serious",
    +         "none": Array [],
    +         "target": Array [
    +           "#article-saito-part-2-having-fun > .MuiCardContent-root.css-1edln9e > .css-1js5bby.MuiStack-root > .css-r0di03.MuiChip-colorWarning.MuiChip-outlinedWarning > .css-cxrmjv.MuiChip-labelSmall.MuiChip-label",
    +         ],
    +       },
    +       Object {
    +         "all": Array [],
    +         "any": Array [
    +           Object {
    +             "data": Object {
    +               "bgColor": "#ffffff",
    +               "contrastRatio": 1.87,
    +               "expectedContrastRatio": "4.5:1",
    +               "fgColor": "#e9b54c",
    +               "fontSize": "7.8pt (10.4px)",
    +               "fontWeight": "normal",
    +               "messageKey": null,
    +             },
    +             "id": "color-contrast",
    +             "impact": "serious",
    +             "message": "Element has insufficient color contrast of 1.87 (foreground color: #e9b54c, background color: #ffffff, font size: 7.8pt (10.4px), font weight: normal). Expected contrast ratio of 4.5:1",
    +             "relatedNodes": Array [
    +               Object {
    +                 "html": "<div class=\"MuiPaper-root MuiPaper-elevation MuiPaper-rounded MuiPaper-elevation0 MuiCard-root css-1av528k\" id=\"article-pvddr-one-mistake-archive\">",
    +                 "target": Array [
    +                   "#article-pvddr-one-mistake-archive",
    +                 ],
    +               },
    +             ],
    +           },
    +         ],
    +         "failureSummary": "Fix any of the following:
    +   Element has insufficient color contrast of 1.87 (foreground color: #e9b54c, background color: #ffffff, font size: 7.8pt (10.4px), font weight: normal). Expected contrast ratio of 4.5:1",
    +         "html": "<span class=\"MuiChip-label MuiChip-labelSmall css-cxrmjv\">Archived</span>",
    +         "impact": "serious",
    +         "none": Array [],
    +         "target": Array [
    +           "#article-pvddr-one-mistake-archive > .MuiCardContent-root.css-1edln9e > .css-1js5bby.MuiStack-root > .css-r0di03.MuiChip-colorWarning.MuiChip-outlinedWarning > .css-cxrmjv.MuiChip-labelSmall.MuiChip-label",
    +         ],
    +       },
    +       Object {
    +         "all": Array [],
    +         "any": Array [
    +           Object {
    +             "data": Object {
    +               "bgColor": "#ffffff",
    +               "contrastRatio": 1.87,
    +               "expectedContrastRatio": "4.5:1",
    +               "fgColor": "#e9b54c",
    +               "fontSize": "7.8pt (10.4px)",
    +               "fontWeight": "normal",
    +               "messageKey": null,
    +             },
    +             "id": "color-contrast",
    +             "impact": "serious",
    +             "message": "Element has insufficient color contrast of 1.87 (foreground color: #e9b54c, background color: #ffffff, font size: 7.8pt (10.4px), font weight: normal). Expected contrast ratio of 4.5:1",
    +             "relatedNodes": Array [
    +               Object {
    +                 "html": "<div class=\"MuiPaper-root MuiPaper-elevation MuiPaper-rounded MuiPaper-elevation0 MuiCard-root css-1av528k\" id=\"article-karsten-hypergeometric-intro\">",
    +                 "target": Array [
    +                   "#article-karsten-hypergeometric-intro",
    +                 ],
    +               },
    +             ],
    +           },
    +         ],
    +         "failureSummary": "Fix any of the following:
    +   Element has insufficient color contrast of 1.87 (foreground color: #e9b54c, background color: #ffffff, font size: 7.8pt (10.4px), font weight: normal). Expected contrast ratio of 4.5:1",
    +         "html": "<span class=\"MuiChip-label MuiChip-labelSmall css-cxrmjv\">Archived</span>",
    +         "impact": "serious",
    +         "none": Array [],
    +         "target": Array [
    +           "#article-karsten-hypergeometric-intro > .MuiCardContent-root.css-1edln9e > .css-1js5bby.MuiStack-root > .css-r0di03.MuiChip-colorWarning.MuiChip-outlinedWarning > .css-cxrmjv.MuiChip-labelSmall.MuiChip-label",
    +         ],
    +       },
    +       Object {
    +         "all": Array [],
    +         "any": Array [
    +           Object {
    +             "data": Object {
    +               "bgColor": "#ffffff",
    +               "contrastRatio": 1.87,
    +               "expectedContrastRatio": "4.5:1",
    +               "fgColor": "#e9b54c",
    +               "fontSize": "7.8pt (10.4px)",
    +               "fontWeight": "normal",
    +               "messageKey": null,
    +             },
    +             "id": "color-contrast",
    +             "impact": "serious",
    +             "message": "Element has insufficient color contrast of 1.87 (foreground color: #e9b54c, background color: #ffffff, font size: 7.8pt (10.4px), font weight: normal). Expected contrast ratio of 4.5:1",
    +             "relatedNodes": Array [
    +               Object {
    +                 "html": "<div class=\"MuiPaper-root MuiPaper-elevation MuiPaper-rounded MuiPaper-elevation0 MuiCard-root css-1av528k\" id=\"article-saito-part-1-concentration\">",
    +                 "target": Array [
    +                   "#article-saito-part-1-concentration",
    +                 ],
    +               },
    +             ],
    +           },
    +         ],
    +         "failureSummary": "Fix any of the following:
    +   Element has insufficient color contrast of 1.87 (foreground color: #e9b54c, background color: #ffffff, font size: 7.8pt (10.4px), font weight: normal). Expected contrast ratio of 4.5:1",
    +         "html": "<span class=\"MuiChip-label MuiChip-labelSmall css-cxrmjv\">Archived</span>",
    +         "impact": "serious",
    +         "none": Array [],
    +         "target": Array [
    +           "#article-saito-part-1-concentration > .MuiCardContent-root.css-1edln9e > .css-1js5bby.MuiStack-root > .css-r0di03.MuiChip-colorWarning.MuiChip-outlinedWarning > .css-cxrmjv.MuiChip-labelSmall.MuiChip-label",
    +         ],
    +       },
    +       Object {
    +         "all": Array [],
    +         "any": Array [
    +           Object {
    +             "data": Object {
    +               "bgColor": "#ffffff",
    +               "contrastRatio": 1.87,
    +               "expectedContrastRatio": "4.5:1",
    +               "fgColor": "#e9b54c",
    +               "fontSize": "7.8pt (10.4px)",
    +               "fontWeight": "normal",
    +               "messageKey": null,
    +             },
    +             "id": "color-contrast",
    +             "impact": "serious",
    +             "message": "Element has insufficient color contrast of 1.87 (foreground color: #e9b54c, background color: #ffffff, font size: 7.8pt (10.4px), font weight: normal). Expected contrast ratio of 4.5:1",
    +             "relatedNodes": Array [
    +               Object {
    +                 "html": "<div class=\"MuiPaper-root MuiPaper-elevation MuiPaper-rounded MuiPaper-elevation0 MuiCard-root css-1av528k\" id=\"article-karsten-commander-manabase\">",
    +                 "target": Array [
    +                   "#article-karsten-commander-manabase",
    +                 ],
    +               },
    +             ],
    +           },
    +         ],
    +         "failureSummary": "Fix any of the following:
    +   Element has insufficient color contrast of 1.87 (foreground color: #e9b54c, background color: #ffffff, font size: 7.8pt (10.4px), font weight: normal). Expected contrast ratio of 4.5:1",
    +         "html": "<span class=\"MuiChip-label MuiChip-labelSmall css-cxrmjv\">Archived</span>",
    +         "impact": "serious",
    +         "none": Array [],
    +         "target": Array [
    +           "#article-karsten-commander-manabase > .MuiCardContent-root.css-1edln9e > .css-1js5bby.MuiStack-root > .css-r0di03.MuiChip-colorWarning.MuiChip-outlinedWarning > .css-cxrmjv.MuiChip-labelSmall.MuiChip-label",
    +         ],
    +       },
    +       Object {
    +         "all": Array [],
    +         "any": Array [
    +           Object {
    +             "data": Object {
    +               "bgColor": "#ffffff",
    +               "contrastRatio": 1.87,
    +               "expectedContrastRatio": "4.5:1",
    +               "fgColor": "#e9b54c",
    +               "fontSize": "7.8pt (10.4px)",
    +               "fontWeight": "normal",
    +               "messageKey": null,
    +             },
    +             "id": "color-contrast",
    +             "impact": "serious",
    +             "message": "Element has insufficient color contrast of 1.87 (foreground color: #e9b54c, background color: #ffffff, font size: 7.8pt (10.4px), font weight: normal). Expected contrast ratio of 4.5:1",
    +             "relatedNodes": Array [
    +               Object {
    +                 "html": "<div class=\"MuiPaper-root MuiPaper-elevation MuiPaper-rounded MuiPaper-elevation0 MuiCard-root css-1av528k\" id=\"article-lsv-draft-signals-classic\">",
    +                 "target": Array [
    +                   "#article-lsv-draft-signals-classic",
    +                 ],
    +               },
    +             ],
    +           },
    +         ],
    +         "failureSummary": "Fix any of the following:
    +   Element has insufficient color contrast of 1.87 (foreground color: #e9b54c, background color: #ffffff, font size: 7.8pt (10.4px), font weight: normal). Expected contrast ratio of 4.5:1",
    +         "html": "<span class=\"MuiChip-label MuiChip-labelSmall css-cxrmjv\">Archived</span>",
    +         "impact": "serious",
    +         "none": Array [],
    +         "target": Array [
    +           "#article-lsv-draft-signals-classic > .MuiCardContent-root.css-1edln9e > .css-1js5bby.MuiStack-root > .css-r0di03.MuiChip-colorWarning.MuiChip-outlinedWarning > .css-cxrmjv.MuiChip-labelSmall.MuiChip-label",
    +         ],
    +       },
    +       Object {
    +         "all": Array [],
    +         "any": Array [
    +           Object {
    +             "data": Object {
    +               "bgColor": "#ffffff",
    +               "contrastRatio": 1.87,
    +               "expectedContrastRatio": "4.5:1",
    +               "fgColor": "#e9b54c",
    +               "fontSize": "7.8pt (10.4px)",
    +               "fontWeight": "normal",
    +               "messageKey": null,
    +             },
    +             "id": "color-contrast",
    +             "impact": "serious",
    +             "message": "Element has insufficient color contrast of 1.87 (foreground color: #e9b54c, background color: #ffffff, font size: 7.8pt (10.4px), font weight: normal). Expected contrast ratio of 4.5:1",
    +             "relatedNodes": Array [
    +               Object {
    +                 "html": "<div class=\"MuiPaper-root MuiPaper-elevation MuiPaper-rounded MuiPaper-elevation0 MuiCard-root css-1av528k\" id=\"article-zvi-whos-the-beatdown-2-multitasking\">",
    +                 "target": Array [
    +                   ".css-10ib5jr.MuiBox-root:nth-child(4) > .MuiGrid-spacing-xs-2\\.5.css-es6bie.MuiGrid-container > .css-1twzmnh.MuiGrid-grid-sm-6.MuiGrid-grid-md-4:nth-child(5) > .css-1av528k.MuiCard-root.MuiPaper-rounded",
    +                 ],
    +               },
    +             ],
    +           },
    +         ],
    +         "failureSummary": "Fix any of the following:
    +   Element has insufficient color contrast of 1.87 (foreground color: #e9b54c, background color: #ffffff, font size: 7.8pt (10.4px), font weight: normal). Expected contrast ratio of 4.5:1",
    +         "html": "<span class=\"MuiChip-label MuiChip-labelSmall css-cxrmjv\">Archived</span>",
    +         "impact": "serious",
    +         "none": Array [],
    +         "target": Array [
    +           ".css-1twzmnh.MuiGrid-grid-sm-6.MuiGrid-grid-md-4:nth-child(5) > .css-1av528k.MuiCard-root.MuiPaper-rounded > .MuiCardContent-root.css-1edln9e > .css-1js5bby.MuiStack-root > .css-r0di03.MuiChip-colorWarning.MuiChip-outlinedWarning > .css-cxrmjv.MuiChip-labelSmall.MuiChip-label",
    +         ],
    +       },
    +       Object {
    +         "all": Array [],
    +         "any": Array [
    +           Object {
    +             "data": Object {
    +               "bgColor": "#ffffff",
    +               "contrastRatio": 1.87,
    +               "expectedContrastRatio": "4.5:1",
    +               "fgColor": "#e9b54c",
    +               "fontSize": "7.8pt (10.4px)",
    +               "fontWeight": "normal",
    +               "messageKey": null,
    +             },
    +             "id": "color-contrast",
    +             "impact": "serious",
    +             "message": "Element has insufficient color contrast of 1.87 (foreground color: #e9b54c, background color: #ffffff, font size: 7.8pt (10.4px), font weight: normal). Expected contrast ratio of 4.5:1",
    +             "relatedNodes": Array [
    +               Object {
    +                 "html": "<div class=\"MuiPaper-root MuiPaper-elevation MuiPaper-rounded MuiPaper-elevation0 MuiCard-root css-1av528k\" id=\"article-flores-whos-the-beatdown\">",
    +                 "target": Array [
    +                   "#article-flores-whos-the-beatdown",
    +                 ],
    +               },
    +             ],
    +           },
    +         ],
    +         "failureSummary": "Fix any of the following:
    +   Element has insufficient color contrast of 1.87 (foreground color: #e9b54c, background color: #ffffff, font size: 7.8pt (10.4px), font weight: normal). Expected contrast ratio of 4.5:1",
    +         "html": "<span class=\"MuiChip-label MuiChip-labelSmall css-cxrmjv\">Archived</span>",
    +         "impact": "serious",
    +         "none": Array [],
    +         "target": Array [
    +           "#article-flores-whos-the-beatdown > .MuiCardContent-root.css-1edln9e > .css-1js5bby.MuiStack-root > .css-r0di03.MuiChip-colorWarning.MuiChip-outlinedWarning > .css-cxrmjv.MuiChip-labelSmall.MuiChip-label",
    +         ],
    +       },
    +       Object {
    +         "all": Array [],
    +         "any": Array [
    +           Object {
    +             "data": Object {
    +               "bgColor": "#ffffff",
    +               "contrastRatio": 1.87,
    +               "expectedContrastRatio": "4.5:1",
    +               "fgColor": "#e9b54c",
    +               "fontSize": "7.8pt (10.4px)",
    +               "fontWeight": "normal",
    +               "messageKey": null,
    +             },
    +             "id": "color-contrast",
    +             "impact": "serious",
    +             "message": "Element has insufficient color contrast of 1.87 (foreground color: #e9b54c, background color: #ffffff, font size: 7.8pt (10.4px), font weight: normal). Expected contrast ratio of 4.5:1",
    +             "relatedNodes": Array [
    +               Object {
    +                 "html": "<div class=\"MuiPaper-root MuiPaper-elevation MuiPaper-rounded MuiPaper-elevation0 MuiCard-root css-1av528k\" id=\"article-karsten-colored-sources-2018-archive\">",
    +                 "target": Array [
    +                   "#article-karsten-colored-sources-2018-archive",
    +                 ],
    +               },
    +             ],
    +           },
    +         ],
    +         "failureSummary": "Fix any of the following:
    +   Element has insufficient color contrast of 1.87 (foreground color: #e9b54c, background color: #ffffff, font size: 7.8pt (10.4px), font weight: normal). Expected contrast ratio of 4.5:1",
    +         "html": "<span class=\"MuiChip-label MuiChip-labelSmall css-cxrmjv\">Archived</span>",
    +         "impact": "serious",
    +         "none": Array [],
    +         "target": Array [
    +           "#article-karsten-colored-sources-2018-archive > .MuiCardContent-root.css-1edln9e > .css-1js5bby.MuiStack-root > .css-r0di03.MuiChip-colorWarning.MuiChip-outlinedWarning > .css-cxrmjv.MuiChip-labelSmall.MuiChip-label",
    +         ],
    +       },
    +       Object {
    +         "all": Array [],
    +         "any": Array [
    +           Object {
    +             "data": Object {
    +               "bgColor": "#ffffff",
    +               "contrastRatio": 1.87,
    +               "expectedContrastRatio": "4.5:1",
    +               "fgColor": "#e9b54c",
    +               "fontSize": "7.8pt (10.4px)",
    +               "fontWeight": "normal",
    +               "messageKey": null,
    +             },
    +             "id": "color-contrast",
    +             "impact": "serious",
    +             "message": "Element has insufficient color contrast of 1.87 (foreground color: #e9b54c, background color: #ffffff, font size: 7.8pt (10.4px), font weight: normal). Expected contrast ratio of 4.5:1",
    +             "relatedNodes": Array [
    +               Object {
    +                 "html": "<div class=\"MuiPaper-root MuiPaper-elevation MuiPaper-rounded MuiPaper-elevation0 MuiCard-root css-1av528k\" id=\"article-saito-part-4-metagame\">",
    +                 "target": Array [
    +                   ".css-10ib5jr.MuiBox-root:nth-child(9) > .MuiGrid-spacing-xs-2\\.5.css-es6bie.MuiGrid-container > .css-1twzmnh.MuiGrid-grid-sm-6.MuiGrid-grid-md-4:nth-child(1) > .css-1av528k.MuiCard-root.MuiPaper-rounded",
    +                 ],
    +               },
    +             ],
    +           },
    +         ],
    +         "failureSummary": "Fix any of the following:
    +   Element has insufficient color contrast of 1.87 (foreground color: #e9b54c, background color: #ffffff, font size: 7.8pt (10.4px), font weight: normal). Expected contrast ratio of 4.5:1",
    +         "html": "<span class=\"MuiChip-label MuiChip-labelSmall css-cxrmjv\">Archived</span>",
    +         "impact": "serious",
    +         "none": Array [],
    +         "target": Array [
    +           ".css-10ib5jr.MuiBox-root:nth-child(9) > .MuiGrid-spacing-xs-2\\.5.css-es6bie.MuiGrid-container > .css-1twzmnh.MuiGrid-grid-sm-6.MuiGrid-grid-md-4:nth-child(1) > .css-1av528k.MuiCard-root.MuiPaper-rounded > .MuiCardContent-root.css-1edln9e > .css-1js5bby.MuiStack-root > .css-r0di03.MuiChip-colorWarning.MuiChip-outlinedWarning > .css-cxrmjv.MuiChip-labelSmall.MuiChip-label",
    +         ],
    +       },
    +       Object {
    +         "all": Array [],
    +         "any": Array [
    +           Object {
    +             "data": Object {
    +               "bgColor": "#ffffff",
    +               "contrastRatio": 1.87,
    +               "expectedContrastRatio": "4.5:1",
    +               "fgColor": "#e9b54c",
    +               "fontSize": "7.8pt (10.4px)",
    +               "fontWeight": "normal",
    +               "messageKey": null,
    +             },
    +             "id": "color-contrast",
    +             "impact": "serious",
    +             "message": "Element has insufficient color contrast of 1.87 (foreground color: #e9b54c, background color: #ffffff, font size: 7.8pt (10.4px), font weight: normal). Expected contrast ratio of 4.5:1",
    +             "relatedNodes": Array [
    +               Object {
    +                 "html": "<div class=\"MuiPaper-root MuiPaper-elevation MuiPaper-rounded MuiPaper-elevation0 MuiCard-root css-1av528k\" id=\"article-saito-part-3-environment\">",
    +                 "target": Array [
    +                   "#article-saito-part-3-environment",
    +                 ],
    +               },
    +             ],
    +           },
    +         ],
    +         "failureSummary": "Fix any of the following:
    +   Element has insufficient color contrast of 1.87 (foreground color: #e9b54c, background color: #ffffff, font size: 7.8pt (10.4px), font weight: normal). Expected contrast ratio of 4.5:1",
    +         "html": "<span class=\"MuiChip-label MuiChip-labelSmall css-cxrmjv\">Archived</span>",
    +         "impact": "serious",
    +         "none": Array [],
    +         "target": Array [
    +           "#article-saito-part-3-environment > .MuiCardContent-root.css-1edln9e > .css-1js5bby.MuiStack-root > .css-r0di03.MuiChip-colorWarning.MuiChip-outlinedWarning > .css-cxrmjv.MuiChip-labelSmall.MuiChip-label",
    +         ],
    +       },
    +       Object {
    +         "all": Array [],
    +         "any": Array [
    +           Object {
    +             "data": Object {
    +               "bgColor": "#ffffff",
    +               "contrastRatio": 1.87,
    +               "expectedContrastRatio": "4.5:1",
    +               "fgColor": "#e9b54c",
    +               "fontSize": "7.8pt (10.4px)",
    +               "fontWeight": "normal",
    +               "messageKey": null,
    +             },
    +             "id": "color-contrast",
    +             "impact": "serious",
    +             "message": "Element has insufficient color contrast of 1.87 (foreground color: #e9b54c, background color: #ffffff, font size: 7.8pt (10.4px), font weight: normal). Expected contrast ratio of 4.5:1",
    +             "relatedNodes": Array [
    +               Object {
    +                 "html": "<div class=\"MuiPaper-root MuiPaper-elevation MuiPaper-rounded MuiPaper-elevation0 MuiCard-root css-1av528k\" id=\"article-saito-part-4-metagame\">",
    +                 "target": Array [
    +                   ".css-10ib5jr.MuiBox-root:nth-child(10) > .MuiGrid-spacing-xs-2\\.5.css-es6bie.MuiGrid-container > .css-1twzmnh.MuiGrid-grid-sm-6.MuiGrid-grid-md-4:nth-child(2) > .css-1av528k.MuiCard-root.MuiPaper-rounded",
    +                 ],
    +               },
    +             ],
    +           },
    +         ],
    +         "failureSummary": "Fix any of the following:
    +   Element has insufficient color contrast of 1.87 (foreground color: #e9b54c, background color: #ffffff, font size: 7.8pt (10.4px), font weight: normal). Expected contrast ratio of 4.5:1",
    +         "html": "<span class=\"MuiChip-label MuiChip-labelSmall css-cxrmjv\">Archived</span>",
    +         "impact": "serious",
    +         "none": Array [],
    +         "target": Array [
    +           ".css-1twzmnh.MuiGrid-grid-sm-6.MuiGrid-grid-md-4:nth-child(2) > .css-1av528k.MuiCard-root.MuiPaper-rounded > .MuiCardContent-root.css-1edln9e > .css-1js5bby.MuiStack-root > .css-r0di03.MuiChip-colorWarning.MuiChip-outlinedWarning > .css-cxrmjv.MuiChip-labelSmall.MuiChip-label",
    +         ],
    +       },
    +       Object {
    +         "all": Array [],
    +         "any": Array [
    +           Object {
    +             "data": Object {
    +               "bgColor": "#ffffff",
    +               "contrastRatio": 1.87,
    +               "expectedContrastRatio": "4.5:1",
    +               "fgColor": "#e9b54c",
    +               "fontSize": "7.8pt (10.4px)",
    +               "fontWeight": "normal",
    +               "messageKey": null,
    +             },
    +             "id": "color-contrast",
    +             "impact": "serious",
    +             "message": "Element has insufficient color contrast of 1.87 (foreground color: #e9b54c, background color: #ffffff, font size: 7.8pt (10.4px), font weight: normal). Expected contrast ratio of 4.5:1",
    +             "relatedNodes": Array [
    +               Object {
    +                 "html": "<div class=\"MuiPaper-root MuiPaper-elevation MuiPaper-rounded MuiPaper-elevation0 MuiCard-root css-1av528k\" id=\"article-saito-part-5-connections\">",
    +                 "target": Array [
    +                   "#article-saito-part-5-connections",
    +                 ],
    +               },
    +             ],
    +           },
    +         ],
    +         "failureSummary": "Fix any of the following:
    +   Element has insufficient color contrast of 1.87 (foreground color: #e9b54c, background color: #ffffff, font size: 7.8pt (10.4px), font weight: normal). Expected contrast ratio of 4.5:1",
    +         "html": "<span class=\"MuiChip-label MuiChip-labelSmall css-cxrmjv\">Archived</span>",
    +         "impact": "serious",
    +         "none": Array [],
    +         "target": Array [
    +           "#article-saito-part-5-connections > .MuiCardContent-root.css-1edln9e > .css-1js5bby.MuiStack-root > .css-r0di03.MuiChip-colorWarning.MuiChip-outlinedWarning > .css-cxrmjv.MuiChip-labelSmall.MuiChip-label",
    +         ],
    +       },
    +       Object {
    +         "all": Array [],
    +         "any": Array [
    +           Object {
    +             "data": Object {
    +               "bgColor": "#ffffff",
    +               "contrastRatio": 1.87,
    +               "expectedContrastRatio": "4.5:1",
    +               "fgColor": "#e9b54c",
    +               "fontSize": "7.8pt (10.4px)",
    +               "fontWeight": "normal",
    +               "messageKey": null,
    +             },
    +             "id": "color-contrast",
    +             "impact": "serious",
    +             "message": "Element has insufficient color contrast of 1.87 (foreground color: #e9b54c, background color: #ffffff, font size: 7.8pt (10.4px), font weight: normal). Expected contrast ratio of 4.5:1",
    +             "relatedNodes": Array [
    +               Object {
    +                 "html": "<div class=\"MuiPaper-root MuiPaper-elevation MuiPaper-rounded MuiPaper-elevation0 MuiCard-root css-1av528k\" id=\"article-saito-part-7-other-lessons\">",
    +                 "target": Array [
    +                   "#article-saito-part-7-other-lessons",
    +                 ],
    +               },
    +             ],
    +           },
    +         ],
    +         "failureSummary": "Fix any of the following:
    +   Element has insufficient color contrast of 1.87 (foreground color: #e9b54c, background color: #ffffff, font size: 7.8pt (10.4px), font weight: normal). Expected contrast ratio of 4.5:1",
    +         "html": "<span class=\"MuiChip-label MuiChip-labelSmall css-cxrmjv\">Archived</span>",
    +         "impact": "serious",
    +         "none": Array [],
    +         "target": Array [
    +           "#article-saito-part-7-other-lessons > .MuiCardContent-root.css-1edln9e > .css-1js5bby.MuiStack-root > .css-r0di03.MuiChip-colorWarning.MuiChip-outlinedWarning > .css-cxrmjv.MuiChip-labelSmall.MuiChip-label",
    +         ],
    +       },
    +       Object {
    +         "all": Array [],
    +         "any": Array [
    +           Object {
    +             "data": Object {
    +               "bgColor": "#ffffff",
    +               "contrastRatio": 1.87,
    +               "expectedContrastRatio": "4.5:1",
    +               "fgColor": "#e9b54c",
    +               "fontSize": "7.8pt (10.4px)",
    +               "fontWeight": "normal",
    +               "messageKey": null,
    +             },
    +             "id": "color-contrast",
    +             "impact": "serious",
    +             "message": "Element has insufficient color contrast of 1.87 (foreground color: #e9b54c, background color: #ffffff, font size: 7.8pt (10.4px), font weight: normal). Expected contrast ratio of 4.5:1",
    +             "relatedNodes": Array [
    +               Object {
    +                 "html": "<div class=\"MuiPaper-root MuiPaper-elevation MuiPaper-rounded MuiPaper-elevation0 MuiCard-root css-1av528k\" id=\"article-zvi-whos-the-beatdown-2-multitasking\">",
    +                 "target": Array [
    +                   ".css-10ib5jr.MuiBox-root:nth-child(11) > .MuiGrid-spacing-xs-2\\.5.css-es6bie.MuiGrid-container > .css-1twzmnh.MuiGrid-grid-sm-6.MuiGrid-grid-md-4:nth-child(3) > .css-1av528k.MuiCard-root.MuiPaper-rounded",
    +                 ],
    +               },
    +             ],
    +           },
    +         ],
    +         "failureSummary": "Fix any of the following:
    +   Element has insufficient color contrast of 1.87 (foreground color: #e9b54c, background color: #ffffff, font size: 7.8pt (10.4px), font weight: normal). Expected contrast ratio of 4.5:1",
    +         "html": "<span class=\"MuiChip-label MuiChip-labelSmall css-cxrmjv\">Archived</span>",
    +         "impact": "serious",
    +         "none": Array [],
    +         "target": Array [
    +           ".css-10ib5jr.MuiBox-root:nth-child(11) > .MuiGrid-spacing-xs-2\\.5.css-es6bie.MuiGrid-container > .css-1twzmnh.MuiGrid-grid-sm-6.MuiGrid-grid-md-4:nth-child(3) > .css-1av528k.MuiCard-root.MuiPaper-rounded > .MuiCardContent-root.css-1edln9e > .css-1js5bby.MuiStack-root > .css-r0di03.MuiChip-colorWarning.MuiChip-outlinedWarning > .css-cxrmjv.MuiChip-labelSmall.MuiChip-label",
    +         ],
    +       },
    +     ],
    +     "tags": Array [
    +       "cat.color",
    +       "wcag2aa",
    +       "wcag143",
    +       "TTv5",
    +       "TT13.c",
    +       "EN-301-549",
    +       "EN-9.1.4.3",
    +       "ACT",
    +       "RGAAv4",
    +       "RGAA-3.2.1",
    +     ],
    +   },
    + ]

      515 |         const contrast = await new AxeBuilder({ page }).include('main').withRules(['color-contrast']).analyze()
      516 |         await testInfo.attach(`${route.slice(1)}-${width}-${colorScheme}-contrast`, { body: JSON.stringify(contrast), contentType: 'application/json' })
    > 517 |         expect(contrast.violations, JSON.stringify(contrast.violations, null, 2)).toEqual([])
          |                                                                                   ^
      518 |       }
      519 |     })
      520 |   }
        at /Volumes/DataDisk/_Projects/Project Mana base V2/tests/e2e/core-flows/persona-followup.spec.js:517:83

    attachment #2: screenshot (image/png) ──────────────────────────────────────────────────────────
    docs/engineering/reaudit-fixes-szrp1r9w/persona-03/persona-followup-R01–R07-l-b2e10-st-themes-and-viewport-1440-chromium/test-failed-1.png
    ────────────────────────────────────────────────────────────────────────────────────────────────

    Error Context: docs/engineering/reaudit-fixes-szrp1r9w/persona-03/persona-followup-R01–R07-l-b2e10-st-themes-and-viewport-1440-chromium/error-context.md

    attachment #4: trace (application/zip) ─────────────────────────────────────────────────────────
    docs/engineering/reaudit-fixes-szrp1r9w/persona-03/persona-followup-R01–R07-l-b2e10-st-themes-and-viewport-1440-chromium/trace.zip
    Usage:

        npx playwright show-trace docs/engineering/reaudit-fixes-szrp1r9w/persona-03/persona-followup-R01–R07-l-b2e10-st-themes-and-viewport-1440-chromium/trace.zip

    ────────────────────────────────────────────────────────────────────────────────────────────────


(node:90196) Warning: The 'NO_COLOR' env is ignored due to the 'FORCE_COLOR' env being set.
(Use `node --trace-warnings ...` to show where the warning was created)


[23/23] [chromium] › tests/e2e/core-flows/persona-followup.spec.js:475:9 › R01–R07 /my-analyses keyboard, contrast, themes and viewport 1440
  6 failed
    [chromium] › tests/e2e/core-flows/persona-followup.spec.js:475:9 › R01–R07 /mathematics keyboard, contrast, themes and viewport 390
    [chromium] › tests/e2e/core-flows/persona-followup.spec.js:475:9 › R01–R07 /guide keyboard, contrast, themes and viewport 390
    [chromium] › tests/e2e/core-flows/persona-followup.spec.js:475:9 › R01–R07 /library keyboard, contrast, themes and viewport 390
    [chromium] › tests/e2e/core-flows/persona-followup.spec.js:475:9 › R01–R07 /mathematics keyboard, contrast, themes and viewport 1440
    [chromium] › tests/e2e/core-flows/persona-followup.spec.js:475:9 › R01–R07 /guide keyboard, contrast, themes and viewport 1440
    [chromium] › tests/e2e/core-flows/persona-followup.spec.js:475:9 › R01–R07 /library keyboard, contrast, themes and viewport 1440
  17 passed (1.2m)
