E2E core flows (chromium)	UNKNOWN STEP	﻿2026-09-13T08:33:40.7230146Z Current runner version: '2.337.0'
E2E core flows (chromium)	UNKNOWN STEP	2026-09-13T08:33:40.7258867Z ##[group]Runner Image Provisioner
E2E core flows (chromium)	UNKNOWN STEP	2026-09-13T08:33:40.7259711Z Hosted Compute Agent
E2E core flows (chromium)	UNKNOWN STEP	2026-09-13T08:33:40.7260451Z Version: 20260828.587
E2E core flows (chromium)	UNKNOWN STEP	2026-09-13T08:33:40.7261146Z Commit: abac92662cab4cc7352de4f9f9d2e2419aad9c29
E2E core flows (chromium)	UNKNOWN STEP	2026-09-13T08:33:40.7262554Z Build Date: 2026-08-28T16:44:25Z
E2E core flows (chromium)	UNKNOWN STEP	2026-09-13T08:33:40.7263293Z Worker ID: {1db6674d-8b7e-455a-9bcc-d006e4210c61}
E2E core flows (chromium)	UNKNOWN STEP	2026-09-13T08:33:40.7264016Z Azure Region: eastus
E2E core flows (chromium)	UNKNOWN STEP	2026-09-13T08:33:40.7264706Z ##[endgroup]
E2E core flows (chromium)	UNKNOWN STEP	2026-09-13T08:33:40.7266263Z ##[group]Operating System
E2E core flows (chromium)	UNKNOWN STEP	2026-09-13T08:33:40.7267111Z Ubuntu
E2E core flows (chromium)	UNKNOWN STEP	2026-09-13T08:33:40.7267673Z 24.04.5
E2E core flows (chromium)	UNKNOWN STEP	2026-09-13T08:33:40.7268189Z LTS
E2E core flows (chromium)	UNKNOWN STEP	2026-09-13T08:33:40.7268797Z ##[endgroup]
E2E core flows (chromium)	UNKNOWN STEP	2026-09-13T08:33:40.7269345Z ##[group]Runner Image
E2E core flows (chromium)	UNKNOWN STEP	2026-09-13T08:33:40.7269935Z Image: ubuntu-24.04
E2E core flows (chromium)	UNKNOWN STEP	2026-09-13T08:33:40.7270566Z Version: 20260907.300.1
E2E core flows (chromium)	UNKNOWN STEP	2026-09-13T08:33:40.7272062Z Included Software: https://github.com/actions/runner-images/blob/ubuntu24/20260907.300/images/ubuntu/Ubuntu2404-Readme.md
E2E core flows (chromium)	UNKNOWN STEP	2026-09-13T08:33:40.7273799Z Image Release: https://github.com/actions/runner-images/releases/tag/ubuntu24%2F20260907.300
E2E core flows (chromium)	UNKNOWN STEP	2026-09-13T08:33:40.7274776Z ##[endgroup]
E2E core flows (chromium)	UNKNOWN STEP	2026-09-13T08:33:40.7276098Z ##[group]GITHUB_TOKEN Permissions
E2E core flows (chromium)	UNKNOWN STEP	2026-09-13T08:33:40.7278233Z Contents: read
E2E core flows (chromium)	UNKNOWN STEP	2026-09-13T08:33:40.7279014Z Metadata: read
E2E core flows (chromium)	UNKNOWN STEP	2026-09-13T08:33:40.7279583Z Packages: read
E2E core flows (chromium)	UNKNOWN STEP	2026-09-13T08:33:40.7280185Z ##[endgroup]
E2E core flows (chromium)	UNKNOWN STEP	2026-09-13T08:33:40.7282584Z Secret source: Actions
E2E core flows (chromium)	UNKNOWN STEP	2026-09-13T08:33:40.7283682Z Cache mode: write
E2E core flows (chromium)	UNKNOWN STEP	2026-09-13T08:33:40.7284447Z Prepare workflow directory
E2E core flows (chromium)	UNKNOWN STEP	2026-09-13T08:33:40.7692977Z Prepare all required actions
E2E core flows (chromium)	UNKNOWN STEP	2026-09-13T08:33:40.7743683Z Getting action download info
E2E core flows (chromium)	UNKNOWN STEP	2026-09-13T08:33:40.9970008Z Download action repository 'actions/checkout@v4' (SHA:11d5960a326750d5838078e36cf38b85af677262)
E2E core flows (chromium)	UNKNOWN STEP	2026-09-13T08:33:41.0984971Z Download action repository 'actions/setup-node@v4' (SHA:49933ea5288caeca8642d1e84afbd3f7d6820020)
E2E core flows (chromium)	UNKNOWN STEP	2026-09-13T08:33:41.2863232Z Complete job name: E2E core flows (chromium)
E2E core flows (chromium)	UNKNOWN STEP	2026-09-13T08:33:41.3644933Z Node 20 is being deprecated. This workflow is running with Node 24 by default. If you need to temporarily use Node 20, you can set the ACTIONS_ALLOW_USE_UNSECURE_NODE_VERSION=true environment variable. For more information see: https://github.blog/changelog/2025-09-19-deprecation-of-node-20-on-github-actions-runners/
E2E core flows (chromium)	UNKNOWN STEP	2026-09-13T08:33:41.3654022Z ##[group]Run actions/checkout@v4
E2E core flows (chromium)	UNKNOWN STEP	2026-09-13T08:33:41.3654828Z with:
E2E core flows (chromium)	UNKNOWN STEP	2026-09-13T08:33:41.3655296Z   repository: gbordes77/manatuner
E2E core flows (chromium)	UNKNOWN STEP	2026-09-13T08:33:41.3659230Z   token: ***
E2E core flows (chromium)	UNKNOWN STEP	2026-09-13T08:33:41.3659672Z   ssh-strict: true
E2E core flows (chromium)	UNKNOWN STEP	2026-09-13T08:33:41.3660124Z   ssh-user: git
E2E core flows (chromium)	UNKNOWN STEP	2026-09-13T08:33:41.3660572Z   persist-credentials: true
E2E core flows (chromium)	UNKNOWN STEP	2026-09-13T08:33:41.3661070Z   clean: true
E2E core flows (chromium)	UNKNOWN STEP	2026-09-13T08:33:41.3661766Z   sparse-checkout-cone-mode: true
E2E core flows (chromium)	UNKNOWN STEP	2026-09-13T08:33:41.3662289Z   fetch-depth: 1
E2E core flows (chromium)	UNKNOWN STEP	2026-09-13T08:33:41.3662733Z   fetch-tags: false
E2E core flows (chromium)	UNKNOWN STEP	2026-09-13T08:33:41.3663191Z   show-progress: true
E2E core flows (chromium)	UNKNOWN STEP	2026-09-13T08:33:41.3663647Z   lfs: false
E2E core flows (chromium)	UNKNOWN STEP	2026-09-13T08:33:41.3664106Z   submodules: false
E2E core flows (chromium)	UNKNOWN STEP	2026-09-13T08:33:41.3664567Z   set-safe-directory: true
E2E core flows (chromium)	UNKNOWN STEP	2026-09-13T08:33:41.3665081Z   allow-unsafe-pr-checkout: false
E2E core flows (chromium)	UNKNOWN STEP	2026-09-13T08:33:41.3665862Z env:
E2E core flows (chromium)	UNKNOWN STEP	2026-09-13T08:33:41.3666308Z   NODE_VERSION: 22
E2E core flows (chromium)	UNKNOWN STEP	2026-09-13T08:33:41.3666765Z ##[endgroup]
E2E core flows (chromium)	UNKNOWN STEP	2026-09-13T08:33:41.4667665Z Syncing repository: gbordes77/manatuner
E2E core flows (chromium)	UNKNOWN STEP	2026-09-13T08:33:41.4670446Z ##[group]Getting Git version info
E2E core flows (chromium)	UNKNOWN STEP	2026-09-13T08:33:41.4671929Z Working directory is '/home/runner/work/manatuner/manatuner'
E2E core flows (chromium)	UNKNOWN STEP	2026-09-13T08:33:41.4673758Z [command]/usr/bin/git version
E2E core flows (chromium)	UNKNOWN STEP	2026-09-13T08:33:41.4727772Z git version 2.55.0
E2E core flows (chromium)	UNKNOWN STEP	2026-09-13T08:33:41.4751443Z ##[endgroup]
E2E core flows (chromium)	UNKNOWN STEP	2026-09-13T08:33:41.4767028Z Temporarily overriding HOME='/home/runner/work/_temp/aa61910e-be4f-451b-9fe4-3d0121c32ab7' before making global git config changes
E2E core flows (chromium)	UNKNOWN STEP	2026-09-13T08:33:41.4769309Z Adding repository directory to the temporary git global config as a safe directory
E2E core flows (chromium)	UNKNOWN STEP	2026-09-13T08:33:41.4773375Z [command]/usr/bin/git config --global --add safe.directory /home/runner/work/manatuner/manatuner
E2E core flows (chromium)	UNKNOWN STEP	2026-09-13T08:33:41.4827908Z Deleting the contents of '/home/runner/work/manatuner/manatuner'
E2E core flows (chromium)	UNKNOWN STEP	2026-09-13T08:33:41.4832911Z ##[group]Initializing the repository
E2E core flows (chromium)	UNKNOWN STEP	2026-09-13T08:33:41.4837018Z [command]/usr/bin/git init /home/runner/work/manatuner/manatuner
E2E core flows (chromium)	UNKNOWN STEP	2026-09-13T08:33:41.4950084Z hint: Using 'master' as the name for the initial branch. This default branch name
E2E core flows (chromium)	UNKNOWN STEP	2026-09-13T08:33:41.4952103Z hint: will change to "main" in Git 3.0. To configure the initial branch name
E2E core flows (chromium)	UNKNOWN STEP	2026-09-13T08:33:41.4954118Z hint: to use in all of your new repositories, which will suppress this warning,
E2E core flows (chromium)	UNKNOWN STEP	2026-09-13T08:33:41.4955329Z hint: call:
E2E core flows (chromium)	UNKNOWN STEP	2026-09-13T08:33:41.4955957Z hint:
E2E core flows (chromium)	UNKNOWN STEP	2026-09-13T08:33:41.4956740Z hint: 	git config --global init.defaultBranch <name>
E2E core flows (chromium)	UNKNOWN STEP	2026-09-13T08:33:41.4957780Z hint:
E2E core flows (chromium)	UNKNOWN STEP	2026-09-13T08:33:41.4958758Z hint: Names commonly chosen instead of 'master' are 'main', 'trunk' and
E2E core flows (chromium)	UNKNOWN STEP	2026-09-13T08:33:41.4960265Z hint: 'development'. The just-created branch can be renamed via this command:
E2E core flows (chromium)	UNKNOWN STEP	2026-09-13T08:33:41.4961691Z hint:
E2E core flows (chromium)	UNKNOWN STEP	2026-09-13T08:33:41.4962447Z hint: 	git branch -m <name>
E2E core flows (chromium)	UNKNOWN STEP	2026-09-13T08:33:41.4963276Z hint:
E2E core flows (chromium)	UNKNOWN STEP	2026-09-13T08:33:41.4964313Z hint: Disable this message with "git config set advice.defaultBranchName false"
E2E core flows (chromium)	UNKNOWN STEP	2026-09-13T08:33:41.4965982Z Initialized empty Git repository in /home/runner/work/manatuner/manatuner/.git/
E2E core flows (chromium)	UNKNOWN STEP	2026-09-13T08:33:41.4968729Z [command]/usr/bin/git remote add origin https://github.com/gbordes77/manatuner
E2E core flows (chromium)	UNKNOWN STEP	2026-09-13T08:33:41.5062586Z ##[endgroup]
E2E core flows (chromium)	UNKNOWN STEP	2026-09-13T08:33:41.5063840Z ##[group]Disabling automatic garbage collection
E2E core flows (chromium)	UNKNOWN STEP	2026-09-13T08:33:41.5065325Z [command]/usr/bin/git config --local gc.auto 0
E2E core flows (chromium)	UNKNOWN STEP	2026-09-13T08:33:41.5098932Z ##[endgroup]
E2E core flows (chromium)	UNKNOWN STEP	2026-09-13T08:33:41.5100172Z ##[group]Setting up auth
E2E core flows (chromium)	UNKNOWN STEP	2026-09-13T08:33:41.5106826Z [command]/usr/bin/git config --local --name-only --get-regexp core\.sshCommand
E2E core flows (chromium)	UNKNOWN STEP	2026-09-13T08:33:41.5146539Z [command]/usr/bin/git submodule foreach --recursive sh -c "git config --local --name-only --get-regexp 'core\.sshCommand' && git config --local --unset-all 'core.sshCommand' || :"
E2E core flows (chromium)	UNKNOWN STEP	2026-09-13T08:33:41.5511444Z [command]/usr/bin/git config --local --name-only --get-regexp http\.https\:\/\/github\.com\/\.extraheader
E2E core flows (chromium)	UNKNOWN STEP	2026-09-13T08:33:41.5555274Z [command]/usr/bin/git submodule foreach --recursive sh -c "git config --local --name-only --get-regexp 'http\.https\:\/\/github\.com\/\.extraheader' && git config --local --unset-all 'http.https://github.com/.extraheader' || :"
E2E core flows (chromium)	UNKNOWN STEP	2026-09-13T08:33:41.5810090Z [command]/usr/bin/git config --local --name-only --get-regexp ^includeIf\.gitdir:
E2E core flows (chromium)	UNKNOWN STEP	2026-09-13T08:33:41.5849946Z [command]/usr/bin/git submodule foreach --recursive git config --local --show-origin --name-only --get-regexp remote.origin.url
E2E core flows (chromium)	UNKNOWN STEP	2026-09-13T08:33:41.6082020Z [command]/usr/bin/git config --local http.https://github.com/.extraheader AUTHORIZATION: basic ***
E2E core flows (chromium)	UNKNOWN STEP	2026-09-13T08:33:41.6121806Z ##[endgroup]
E2E core flows (chromium)	UNKNOWN STEP	2026-09-13T08:33:41.6123301Z ##[group]Fetching the repository
E2E core flows (chromium)	UNKNOWN STEP	2026-09-13T08:33:41.6133554Z [command]/usr/bin/git -c protocol.version=2 fetch --no-tags --prune --no-recurse-submodules --depth=1 origin +a0a23519253751b9c98d6b93f73822f21e8191c0:refs/remotes/origin/main
E2E core flows (chromium)	UNKNOWN STEP	2026-09-13T08:33:43.7100679Z From https://github.com/gbordes77/manatuner
E2E core flows (chromium)	UNKNOWN STEP	2026-09-13T08:33:43.7104098Z  * [new ref]         a0a23519253751b9c98d6b93f73822f21e8191c0 -> origin/main
E2E core flows (chromium)	UNKNOWN STEP	2026-09-13T08:33:43.7110183Z ##[endgroup]
E2E core flows (chromium)	UNKNOWN STEP	2026-09-13T08:33:43.7112902Z ##[group]Determining the checkout info
E2E core flows (chromium)	UNKNOWN STEP	2026-09-13T08:33:43.7115649Z ##[endgroup]
E2E core flows (chromium)	UNKNOWN STEP	2026-09-13T08:33:43.7117526Z [command]/usr/bin/git sparse-checkout disable
E2E core flows (chromium)	UNKNOWN STEP	2026-09-13T08:33:43.7174617Z [command]/usr/bin/git config --local --unset-all extensions.worktreeConfig
E2E core flows (chromium)	UNKNOWN STEP	2026-09-13T08:33:43.7210816Z ##[group]Checking out the ref
E2E core flows (chromium)	UNKNOWN STEP	2026-09-13T08:33:43.7216279Z [command]/usr/bin/git checkout --progress --force -B main refs/remotes/origin/main
E2E core flows (chromium)	UNKNOWN STEP	2026-09-13T08:33:44.0080085Z Switched to a new branch 'main'
E2E core flows (chromium)	UNKNOWN STEP	2026-09-13T08:33:44.0086041Z branch 'main' set up to track 'origin/main'.
E2E core flows (chromium)	UNKNOWN STEP	2026-09-13T08:33:44.0103188Z ##[endgroup]
E2E core flows (chromium)	UNKNOWN STEP	2026-09-13T08:33:44.0150264Z [command]/usr/bin/git log -1 --format=%H
E2E core flows (chromium)	UNKNOWN STEP	2026-09-13T08:33:44.0176594Z a0a23519253751b9c98d6b93f73822f21e8191c0
E2E core flows (chromium)	UNKNOWN STEP	2026-09-13T08:33:44.0441990Z Node 20 is being deprecated. This workflow is running with Node 24 by default. If you need to temporarily use Node 20, you can set the ACTIONS_ALLOW_USE_UNSECURE_NODE_VERSION=true environment variable. For more information see: https://github.blog/changelog/2025-09-19-deprecation-of-node-20-on-github-actions-runners/
E2E core flows (chromium)	UNKNOWN STEP	2026-09-13T08:33:44.0443886Z ##[group]Run actions/setup-node@v4
E2E core flows (chromium)	UNKNOWN STEP	2026-09-13T08:33:44.0444192Z with:
E2E core flows (chromium)	UNKNOWN STEP	2026-09-13T08:33:44.0444426Z   node-version: 22
E2E core flows (chromium)	UNKNOWN STEP	2026-09-13T08:33:44.0444672Z   cache: npm
E2E core flows (chromium)	UNKNOWN STEP	2026-09-13T08:33:44.0444915Z   always-auth: false
E2E core flows (chromium)	UNKNOWN STEP	2026-09-13T08:33:44.0445174Z   check-latest: false
E2E core flows (chromium)	UNKNOWN STEP	2026-09-13T08:33:44.0447847Z   token: ***
E2E core flows (chromium)	UNKNOWN STEP	2026-09-13T08:33:44.0448089Z env:
E2E core flows (chromium)	UNKNOWN STEP	2026-09-13T08:33:44.0448316Z   NODE_VERSION: 22
E2E core flows (chromium)	UNKNOWN STEP	2026-09-13T08:33:44.0448561Z ##[endgroup]
E2E core flows (chromium)	UNKNOWN STEP	2026-09-13T08:33:44.1900106Z Found in cache @ /opt/hostedtoolcache/node/22.23.2/x64
E2E core flows (chromium)	UNKNOWN STEP	2026-09-13T08:33:44.1904940Z (node:2315) [DEP0040] DeprecationWarning: The `punycode` module is deprecated. Please use a userland alternative instead.
E2E core flows (chromium)	UNKNOWN STEP	2026-09-13T08:33:44.1906353Z (Use `node --trace-deprecation ...` to show where the warning was created)
E2E core flows (chromium)	UNKNOWN STEP	2026-09-13T08:33:44.1908558Z ##[group]Environment details
E2E core flows (chromium)	UNKNOWN STEP	2026-09-13T08:33:44.5937516Z node: v22.23.2
E2E core flows (chromium)	UNKNOWN STEP	2026-09-13T08:33:44.5938450Z npm: 10.9.8
E2E core flows (chromium)	UNKNOWN STEP	2026-09-13T08:33:44.5938794Z yarn: 1.22.22
E2E core flows (chromium)	UNKNOWN STEP	2026-09-13T08:33:44.5939834Z ##[endgroup]
E2E core flows (chromium)	UNKNOWN STEP	2026-09-13T08:33:44.6008786Z [command]/opt/hostedtoolcache/node/22.23.2/x64/bin/npm config get cache
E2E core flows (chromium)	UNKNOWN STEP	2026-09-13T08:33:44.7189965Z /home/runner/.npm
E2E core flows (chromium)	UNKNOWN STEP	2026-09-13T08:33:44.8444478Z Cache hit for: node-cache-Linux-x64-npm-c5ce46f83a64df37ac9239688e04260de0409beadf674c4140eb72832256b373
E2E core flows (chromium)	UNKNOWN STEP	2026-09-13T08:33:44.8554540Z (node:2315) [DEP0169] DeprecationWarning: `url.parse()` behavior is not standardized and prone to errors that have security implications. Use the WHATWG URL API instead. CVEs are not issued for `url.parse()` vulnerabilities.
E2E core flows (chromium)	UNKNOWN STEP	2026-09-13T08:33:45.3748398Z Received 73219644 of 73219644 (100.0%), 148.6 MBs/sec
E2E core flows (chromium)	UNKNOWN STEP	2026-09-13T08:33:45.3749630Z Cache Size: ~70 MB (73219644 B)
E2E core flows (chromium)	UNKNOWN STEP	2026-09-13T08:33:45.3819041Z [command]/usr/bin/tar -xf /home/runner/work/_temp/bd5e97cb-ea27-4d6b-9d35-8a09a09f3433/cache.tzst -P -C /home/runner/work/manatuner/manatuner --use-compress-program unzstd
E2E core flows (chromium)	UNKNOWN STEP	2026-09-13T08:33:45.5776738Z Cache restored successfully
E2E core flows (chromium)	UNKNOWN STEP	2026-09-13T08:33:45.5823719Z Cache restored from key: node-cache-Linux-x64-npm-c5ce46f83a64df37ac9239688e04260de0409beadf674c4140eb72832256b373
E2E core flows (chromium)	UNKNOWN STEP	2026-09-13T08:33:45.6074807Z ##[group]Run npm ci
E2E core flows (chromium)	UNKNOWN STEP	2026-09-13T08:33:45.6075160Z ^[[36;1mnpm ci^[[0m
E2E core flows (chromium)	UNKNOWN STEP	2026-09-13T08:33:45.6123308Z shell: /usr/bin/bash -e {0}
E2E core flows (chromium)	UNKNOWN STEP	2026-09-13T08:33:45.6123599Z env:
E2E core flows (chromium)	UNKNOWN STEP	2026-09-13T08:33:45.6123805Z   NODE_VERSION: 22
E2E core flows (chromium)	UNKNOWN STEP	2026-09-13T08:33:45.6124032Z ##[endgroup]
E2E core flows (chromium)	UNKNOWN STEP	2026-09-13T08:33:48.7025020Z npm warn deprecated inflight@1.0.6: This module is not supported, and leaks memory. Do not use it. Check out lru-cache if you want a good and tested way to coalesce async requests by a key value, which is much more comprehensive and powerful.
E2E core flows (chromium)	UNKNOWN STEP	2026-09-13T08:33:48.7950435Z npm warn deprecated @humanwhocodes/config-array@0.13.0: Use @eslint/config-array instead
E2E core flows (chromium)	UNKNOWN STEP	2026-09-13T08:33:48.8033154Z npm warn deprecated rimraf@3.0.2: Rimraf versions prior to v4 are no longer supported
E2E core flows (chromium)	UNKNOWN STEP	2026-09-13T08:33:48.8775238Z npm warn deprecated glob@7.2.3: Glob versions prior to v9 are no longer supported
E2E core flows (chromium)	UNKNOWN STEP	2026-09-13T08:33:48.9907236Z npm warn deprecated @humanwhocodes/object-schema@2.0.3: Use @eslint/object-schema instead
E2E core flows (chromium)	UNKNOWN STEP	2026-09-13T08:33:50.2955893Z npm warn deprecated glob@10.5.0: Old versions of glob are not supported, and contain widely publicized security vulnerabilities, which have been fixed in the current version. Please update. Support for old versions may be purchased (at exorbitant rates) by contacting i@izs.me
E2E core flows (chromium)	UNKNOWN STEP	2026-09-13T08:33:50.6013278Z npm warn deprecated popper.js@1.16.1: You can find the new Popper v2 at @popperjs/core, this package is dedicated to the legacy v1
E2E core flows (chromium)	UNKNOWN STEP	2026-09-13T08:33:52.1584077Z npm warn deprecated eslint@8.57.1: This version is no longer supported. Please see https://eslint.org/version-support for other options.
E2E core flows (chromium)	UNKNOWN STEP	2026-09-13T08:33:58.8108334Z 
E2E core flows (chromium)	UNKNOWN STEP	2026-09-13T08:33:58.8109025Z > manatuner@2.7.9 prepare
E2E core flows (chromium)	UNKNOWN STEP	2026-09-13T08:33:58.8109577Z > husky
E2E core flows (chromium)	UNKNOWN STEP	2026-09-13T08:33:58.8109800Z 
E2E core flows (chromium)	UNKNOWN STEP	2026-09-13T08:33:58.8729537Z 
E2E core flows (chromium)	UNKNOWN STEP	2026-09-13T08:33:58.8730632Z added 548 packages, and audited 549 packages in 13s
E2E core flows (chromium)	UNKNOWN STEP	2026-09-13T08:33:58.8731128Z 
E2E core flows (chromium)	UNKNOWN STEP	2026-09-13T08:33:58.8731724Z 123 packages are looking for funding
E2E core flows (chromium)	UNKNOWN STEP	2026-09-13T08:33:58.8732295Z   run `npm fund` for details
E2E core flows (chromium)	UNKNOWN STEP	2026-09-13T08:33:58.8893005Z 
E2E core flows (chromium)	UNKNOWN STEP	2026-09-13T08:33:58.8894268Z 4 moderate severity vulnerabilities
E2E core flows (chromium)	UNKNOWN STEP	2026-09-13T08:33:58.8894660Z 
E2E core flows (chromium)	UNKNOWN STEP	2026-09-13T08:33:58.8894977Z To address all issues, run:
E2E core flows (chromium)	UNKNOWN STEP	2026-09-13T08:33:58.8895402Z   npm audit fix
E2E core flows (chromium)	UNKNOWN STEP	2026-09-13T08:33:58.8895624Z 
E2E core flows (chromium)	UNKNOWN STEP	2026-09-13T08:33:58.8895828Z Run `npm audit` for details.
E2E core flows (chromium)	UNKNOWN STEP	2026-09-13T08:33:58.9858957Z ##[group]Run npx playwright install --with-deps chromium
E2E core flows (chromium)	UNKNOWN STEP	2026-09-13T08:33:58.9859415Z ^[[36;1mnpx playwright install --with-deps chromium^[[0m
E2E core flows (chromium)	UNKNOWN STEP	2026-09-13T08:33:58.9906724Z shell: /usr/bin/bash -e {0}
E2E core flows (chromium)	UNKNOWN STEP	2026-09-13T08:33:58.9906974Z env:
E2E core flows (chromium)	UNKNOWN STEP	2026-09-13T08:33:58.9907178Z   NODE_VERSION: 22
E2E core flows (chromium)	UNKNOWN STEP	2026-09-13T08:33:58.9907388Z ##[endgroup]
E2E core flows (chromium)	UNKNOWN STEP	2026-09-13T08:33:59.8643653Z Installing dependencies...
E2E core flows (chromium)	UNKNOWN STEP	2026-09-13T08:33:59.8708467Z Switching to root user to install dependencies...
E2E core flows (chromium)	UNKNOWN STEP	2026-09-13T08:34:00.0193408Z Get:1 file:/etc/apt/apt-mirrors.txt Mirrorlist [144 B]
E2E core flows (chromium)	UNKNOWN STEP	2026-09-13T08:34:00.0824079Z Get:3 https://packages.microsoft.com/ubuntu/24.04/prod noble InRelease [3600 B]
E2E core flows (chromium)	UNKNOWN STEP	2026-09-13T08:34:00.0973747Z Get:7 https://dl.google.com/linux/chrome-stable/deb stable InRelease [2548 B]
E2E core flows (chromium)	UNKNOWN STEP	2026-09-13T08:34:00.1075733Z Hit:2 http://azure.archive.ubuntu.com/ubuntu noble InRelease
E2E core flows (chromium)	UNKNOWN STEP	2026-09-13T08:34:00.1132577Z Get:4 http://azure.archive.ubuntu.com/ubuntu noble-updates InRelease [126 kB]
E2E core flows (chromium)	UNKNOWN STEP	2026-09-13T08:34:00.1152945Z Get:5 http://azure.archive.ubuntu.com/ubuntu noble-backports InRelease [126 kB]
E2E core flows (chromium)	UNKNOWN STEP	2026-09-13T08:34:00.1176450Z Get:6 http://azure.archive.ubuntu.com/ubuntu noble-security InRelease [126 kB]
E2E core flows (chromium)	UNKNOWN STEP	2026-09-13T08:34:00.1664052Z Get:8 https://packages.microsoft.com/ubuntu/24.04/prod noble/main arm64 Packages [414 kB]
E2E core flows (chromium)	UNKNOWN STEP	2026-09-13T08:34:00.1850513Z Get:9 https://packages.microsoft.com/ubuntu/24.04/prod noble/main amd64 Packages [463 kB]
E2E core flows (chromium)	UNKNOWN STEP	2026-09-13T08:34:00.2382997Z Get:10 https://dl.google.com/linux/chrome-stable/deb stable/main amd64 Packages [1409 B]
E2E core flows (chromium)	UNKNOWN STEP	2026-09-13T08:34:00.3269996Z Get:11 http://azure.archive.ubuntu.com/ubuntu noble-updates/main amd64 Packages [1263 kB]
E2E core flows (chromium)	UNKNOWN STEP	2026-09-13T08:34:00.3372582Z Get:12 http://azure.archive.ubuntu.com/ubuntu noble-updates/main Translation-en [292 kB]
E2E core flows (chromium)	UNKNOWN STEP	2026-09-13T08:34:00.3382841Z Get:13 http://azure.archive.ubuntu.com/ubuntu noble-updates/main amd64 Components [180 kB]
E2E core flows (chromium)	UNKNOWN STEP	2026-09-13T08:34:00.3423174Z Get:14 http://azure.archive.ubuntu.com/ubuntu noble-updates/universe amd64 Packages [1690 kB]
E2E core flows (chromium)	UNKNOWN STEP	2026-09-13T08:34:00.3533658Z Get:15 http://azure.archive.ubuntu.com/ubuntu noble-updates/universe amd64 Components [388 kB]
E2E core flows (chromium)	UNKNOWN STEP	2026-09-13T08:34:00.3551684Z Get:16 http://azure.archive.ubuntu.com/ubuntu noble-updates/restricted amd64 Packages [1544 kB]
E2E core flows (chromium)	UNKNOWN STEP	2026-09-13T08:34:00.3685240Z Get:17 http://azure.archive.ubuntu.com/ubuntu noble-updates/restricted Translation-en [354 kB]
E2E core flows (chromium)	UNKNOWN STEP	2026-09-13T08:34:00.3723885Z Get:18 http://azure.archive.ubuntu.com/ubuntu noble-updates/multiverse amd64 Components [940 B]
E2E core flows (chromium)	UNKNOWN STEP	2026-09-13T08:34:00.3910546Z Get:19 http://azure.archive.ubuntu.com/ubuntu noble-backports/main amd64 Components [5748 B]
E2E core flows (chromium)	UNKNOWN STEP	2026-09-13T08:34:00.3939181Z Get:20 http://azure.archive.ubuntu.com/ubuntu noble-backports/universe amd64 Components [12.6 kB]
E2E core flows (chromium)	UNKNOWN STEP	2026-09-13T08:34:00.4967081Z Get:21 http://azure.archive.ubuntu.com/ubuntu noble-security/main amd64 Packages [1006 kB]
E2E core flows (chromium)	UNKNOWN STEP	2026-09-13T08:34:00.5048026Z Get:22 http://azure.archive.ubuntu.com/ubuntu noble-security/main Translation-en [213 kB]
E2E core flows (chromium)	UNKNOWN STEP	2026-09-13T08:34:00.5076608Z Get:23 http://azure.archive.ubuntu.com/ubuntu noble-security/main amd64 Components [46.4 kB]
E2E core flows (chromium)	UNKNOWN STEP	2026-09-13T08:34:00.5092705Z Get:24 http://azure.archive.ubuntu.com/ubuntu noble-security/universe amd64 Packages [1206 kB]
E2E core flows (chromium)	UNKNOWN STEP	2026-09-13T08:34:00.5159571Z Get:25 http://azure.archive.ubuntu.com/ubuntu noble-security/universe amd64 Components [76.3 kB]
E2E core flows (chromium)	UNKNOWN STEP	2026-09-13T08:34:00.5178026Z Get:26 http://azure.archive.ubuntu.com/ubuntu noble-security/restricted amd64 Packages [1445 kB]
E2E core flows (chromium)	UNKNOWN STEP	2026-09-13T08:34:00.5257513Z Get:27 http://azure.archive.ubuntu.com/ubuntu noble-security/restricted Translation-en [336 kB]
E2E core flows (chromium)	UNKNOWN STEP	2026-09-13T08:34:04.7572243Z Fetched 11.3 MB in 1s (7877 kB/s)
E2E core flows (chromium)	UNKNOWN STEP	2026-09-13T08:34:05.5872111Z Reading package lists...
E2E core flows (chromium)	UNKNOWN STEP	2026-09-13T08:34:05.6119615Z Reading package lists...
E2E core flows (chromium)	UNKNOWN STEP	2026-09-13T08:34:05.7963751Z Building dependency tree...
E2E core flows (chromium)	UNKNOWN STEP	2026-09-13T08:34:05.7971130Z Reading state information...
E2E core flows (chromium)	UNKNOWN STEP	2026-09-13T08:34:05.9490792Z libasound2t64 is already the newest version (1.2.11-1ubuntu0.3).
E2E core flows (chromium)	UNKNOWN STEP	2026-09-13T08:34:05.9491946Z libasound2t64 set to manually installed.
E2E core flows (chromium)	UNKNOWN STEP	2026-09-13T08:34:05.9493645Z libatk-bridge2.0-0t64 is already the newest version (2.52.0-1build1).
E2E core flows (chromium)	UNKNOWN STEP	2026-09-13T08:34:05.9494673Z libatk-bridge2.0-0t64 set to manually installed.
E2E core flows (chromium)	UNKNOWN STEP	2026-09-13T08:34:05.9495457Z libatk1.0-0t64 is already the newest version (2.52.0-1build1).
E2E core flows (chromium)	UNKNOWN STEP	2026-09-13T08:34:05.9496356Z libatk1.0-0t64 set to manually installed.
E2E core flows (chromium)	UNKNOWN STEP	2026-09-13T08:34:05.9497119Z libatspi2.0-0t64 is already the newest version (2.52.0-1build1).
E2E core flows (chromium)	UNKNOWN STEP	2026-09-13T08:34:05.9497822Z libatspi2.0-0t64 set to manually installed.
E2E core flows (chromium)	UNKNOWN STEP	2026-09-13T08:34:05.9498429Z libcairo2 is already the newest version (1.18.0-3build1).
E2E core flows (chromium)	UNKNOWN STEP	2026-09-13T08:34:05.9498838Z libcairo2 set to manually installed.
E2E core flows (chromium)	UNKNOWN STEP	2026-09-13T08:34:05.9499273Z libcups2t64 is already the newest version (2.4.7-1.2ubuntu7.14).
E2E core flows (chromium)	UNKNOWN STEP	2026-09-13T08:34:05.9499910Z libcups2t64 set to manually installed.
E2E core flows (chromium)	UNKNOWN STEP	2026-09-13T08:34:05.9500704Z libdbus-1-3 is already the newest version (1.14.10-4ubuntu4.1).
E2E core flows (chromium)	UNKNOWN STEP	2026-09-13T08:34:05.9501640Z libdbus-1-3 set to manually installed.
E2E core flows (chromium)	UNKNOWN STEP	2026-09-13T08:34:05.9502254Z libdrm2 is already the newest version (2.4.125-1ubuntu0.1~24.04.2).
E2E core flows (chromium)	UNKNOWN STEP	2026-09-13T08:34:05.9502686Z libdrm2 set to manually installed.
E2E core flows (chromium)	UNKNOWN STEP	2026-09-13T08:34:05.9503115Z libgbm1 is already the newest version (25.2.8-0ubuntu0.24.04.2).
E2E core flows (chromium)	UNKNOWN STEP	2026-09-13T08:34:05.9503518Z libgbm1 set to manually installed.
E2E core flows (chromium)	UNKNOWN STEP	2026-09-13T08:34:05.9503945Z libglib2.0-0t64 is already the newest version (2.80.0-6ubuntu3.8).
E2E core flows (chromium)	UNKNOWN STEP	2026-09-13T08:34:05.9504364Z libglib2.0-0t64 set to manually installed.
E2E core flows (chromium)	UNKNOWN STEP	2026-09-13T08:34:05.9504965Z libnspr4 is already the newest version (2:4.35-1.1build1).
E2E core flows (chromium)	UNKNOWN STEP	2026-09-13T08:34:05.9505369Z libnspr4 set to manually installed.
E2E core flows (chromium)	UNKNOWN STEP	2026-09-13T08:34:05.9505765Z libnss3 is already the newest version (2:3.98-1ubuntu0.2).
E2E core flows (chromium)	UNKNOWN STEP	2026-09-13T08:34:05.9506137Z libnss3 set to manually installed.
E2E core flows (chromium)	UNKNOWN STEP	2026-09-13T08:34:05.9506558Z libpango-1.0-0 is already the newest version (1.52.1+ds-1build1).
E2E core flows (chromium)	UNKNOWN STEP	2026-09-13T08:34:05.9506982Z libpango-1.0-0 set to manually installed.
E2E core flows (chromium)	UNKNOWN STEP	2026-09-13T08:34:05.9507390Z libx11-6 is already the newest version (2:1.8.7-1build1).
E2E core flows (chromium)	UNKNOWN STEP	2026-09-13T08:34:05.9508039Z libx11-6 set to manually installed.
E2E core flows (chromium)	UNKNOWN STEP	2026-09-13T08:34:05.9508677Z libxcb1 is already the newest version (1.15-1ubuntu2).
E2E core flows (chromium)	UNKNOWN STEP	2026-09-13T08:34:05.9509324Z libxcb1 set to manually installed.
E2E core flows (chromium)	UNKNOWN STEP	2026-09-13T08:34:05.9510041Z libxcomposite1 is already the newest version (1:0.4.5-1build3).
E2E core flows (chromium)	UNKNOWN STEP	2026-09-13T08:34:05.9510659Z libxcomposite1 set to manually installed.
E2E core flows (chromium)	UNKNOWN STEP	2026-09-13T08:34:05.9511098Z libxdamage1 is already the newest version (1:1.1.6-1build1).
E2E core flows (chromium)	UNKNOWN STEP	2026-09-13T08:34:05.9511790Z libxdamage1 set to manually installed.
E2E core flows (chromium)	UNKNOWN STEP	2026-09-13T08:34:05.9512200Z libxext6 is already the newest version (2:1.3.4-1build2).
E2E core flows (chromium)	UNKNOWN STEP	2026-09-13T08:34:05.9512599Z libxext6 set to manually installed.
E2E core flows (chromium)	UNKNOWN STEP	2026-09-13T08:34:05.9513016Z libxfixes3 is already the newest version (1:6.0.0-2build1).
E2E core flows (chromium)	UNKNOWN STEP	2026-09-13T08:34:05.9513414Z libxfixes3 set to manually installed.
E2E core flows (chromium)	UNKNOWN STEP	2026-09-13T08:34:05.9513850Z libxkbcommon0 is already the newest version (1.6.0-1build1).
E2E core flows (chromium)	UNKNOWN STEP	2026-09-13T08:34:05.9514293Z libxkbcommon0 set to manually installed.
E2E core flows (chromium)	UNKNOWN STEP	2026-09-13T08:34:05.9515061Z libxrandr2 is already the newest version (2:1.5.2-2build1).
E2E core flows (chromium)	UNKNOWN STEP	2026-09-13T08:34:05.9515779Z libxrandr2 set to manually installed.
E2E core flows (chromium)	UNKNOWN STEP	2026-09-13T08:34:05.9516505Z xvfb is already the newest version (2:21.1.12-1ubuntu1.6).
E2E core flows (chromium)	UNKNOWN STEP	2026-09-13T08:34:05.9517080Z fonts-noto-color-emoji is already the newest version (2.047-0ubuntu0.24.04.1).
E2E core flows (chromium)	UNKNOWN STEP	2026-09-13T08:34:05.9517879Z libfontconfig1 is already the newest version (2.15.0-1.1ubuntu2).
E2E core flows (chromium)	UNKNOWN STEP	2026-09-13T08:34:05.9518311Z libfontconfig1 set to manually installed.
E2E core flows (chromium)	UNKNOWN STEP	2026-09-13T08:34:05.9518771Z libfreetype6 is already the newest version (2.13.2+dfsg-1ubuntu0.1).
E2E core flows (chromium)	UNKNOWN STEP	2026-09-13T08:34:05.9519603Z libfreetype6 set to manually installed.
E2E core flows (chromium)	UNKNOWN STEP	2026-09-13T08:34:05.9520425Z fonts-liberation is already the newest version (1:2.1.5-3).
E2E core flows (chromium)	UNKNOWN STEP	2026-09-13T08:34:05.9521449Z fonts-liberation set to manually installed.
E2E core flows (chromium)	UNKNOWN STEP	2026-09-13T08:34:05.9522257Z The following additional packages will be installed:
E2E core flows (chromium)	UNKNOWN STEP	2026-09-13T08:34:05.9522925Z   xfonts-encodings xfonts-utils
E2E core flows (chromium)	UNKNOWN STEP	2026-09-13T08:34:05.9523421Z Recommended packages:
E2E core flows (chromium)	UNKNOWN STEP	2026-09-13T08:34:05.9524112Z   fonts-ipafont-mincho fonts-tlwg-loma
E2E core flows (chromium)	UNKNOWN STEP	2026-09-13T08:34:05.9696365Z The following NEW packages will be installed:
E2E core flows (chromium)	UNKNOWN STEP	2026-09-13T08:34:05.9697370Z   fonts-freefont-ttf fonts-ipafont-gothic fonts-tlwg-loma-otf fonts-unifont
E2E core flows (chromium)	UNKNOWN STEP	2026-09-13T08:34:05.9703946Z   fonts-wqy-zenhei xfonts-cyrillic xfonts-encodings xfonts-scalable
E2E core flows (chromium)	UNKNOWN STEP	2026-09-13T08:34:05.9704669Z   xfonts-utils
E2E core flows (chromium)	UNKNOWN STEP	2026-09-13T08:34:05.9887802Z 0 upgraded, 9 newly installed, 0 to remove and 50 not upgraded.
E2E core flows (chromium)	UNKNOWN STEP	2026-09-13T08:34:05.9888567Z Need to get 21.1 MB of archives.
E2E core flows (chromium)	UNKNOWN STEP	2026-09-13T08:34:05.9889347Z After this operation, 79.5 MB of additional disk space will be used.
E2E core flows (chromium)	UNKNOWN STEP	2026-09-13T08:34:05.9890224Z Get:1 file:/etc/apt/apt-mirrors.txt Mirrorlist [144 B]
E2E core flows (chromium)	UNKNOWN STEP	2026-09-13T08:34:06.0158799Z Get:2 http://azure.archive.ubuntu.com/ubuntu noble/universe amd64 fonts-ipafont-gothic all 00303-21ubuntu1 [3513 kB]
E2E core flows (chromium)	UNKNOWN STEP	2026-09-13T08:34:06.0493054Z Get:3 http://azure.archive.ubuntu.com/ubuntu noble/main amd64 fonts-freefont-ttf all 20211204+svn4273-2 [5641 kB]
E2E core flows (chromium)	UNKNOWN STEP	2026-09-13T08:34:06.1005197Z Get:4 http://azure.archive.ubuntu.com/ubuntu noble/universe amd64 fonts-tlwg-loma-otf all 1:0.7.3-1 [107 kB]
E2E core flows (chromium)	UNKNOWN STEP	2026-09-13T08:34:06.1084078Z Get:5 http://azure.archive.ubuntu.com/ubuntu noble/universe amd64 fonts-unifont all 1:15.1.01-1build1 [2993 kB]
E2E core flows (chromium)	UNKNOWN STEP	2026-09-13T08:34:06.1369035Z Get:6 http://azure.archive.ubuntu.com/ubuntu noble/universe amd64 fonts-wqy-zenhei all 0.9.45-8 [7472 kB]
E2E core flows (chromium)	UNKNOWN STEP	2026-09-13T08:34:06.2025277Z Get:7 http://azure.archive.ubuntu.com/ubuntu noble/main amd64 xfonts-encodings all 1:1.0.5-0ubuntu2 [578 kB]
E2E core flows (chromium)	UNKNOWN STEP	2026-09-13T08:34:06.2136648Z Get:8 http://azure.archive.ubuntu.com/ubuntu noble/main amd64 xfonts-utils amd64 1:7.7+6build3 [94.4 kB]
E2E core flows (chromium)	UNKNOWN STEP	2026-09-13T08:34:06.2228800Z Get:9 http://azure.archive.ubuntu.com/ubuntu noble/universe amd64 xfonts-cyrillic all 1:1.0.5+nmu1 [384 kB]
E2E core flows (chromium)	UNKNOWN STEP	2026-09-13T08:34:06.2326618Z Get:10 http://azure.archive.ubuntu.com/ubuntu noble/main amd64 xfonts-scalable all 1:1.0.3-1.3 [304 kB]
E2E core flows (chromium)	UNKNOWN STEP	2026-09-13T08:34:06.4869618Z Fetched 21.1 MB in 0s (81.7 MB/s)
E2E core flows (chromium)	UNKNOWN STEP	2026-09-13T08:34:06.5101682Z Selecting previously unselected package fonts-ipafont-gothic.
E2E core flows (chromium)	UNKNOWN STEP	2026-09-13T08:34:06.5416322Z (Reading database ... 
E2E core flows (chromium)	UNKNOWN STEP	2026-09-13T08:34:06.5416726Z (Reading database ... 5%
E2E core flows (chromium)	UNKNOWN STEP	2026-09-13T08:34:06.5417073Z (Reading database ... 10%
E2E core flows (chromium)	UNKNOWN STEP	2026-09-13T08:34:06.5417408Z (Reading database ... 15%
E2E core flows (chromium)	UNKNOWN STEP	2026-09-13T08:34:06.5417752Z (Reading database ... 20%
E2E core flows (chromium)	UNKNOWN STEP	2026-09-13T08:34:06.5418067Z (Reading database ... 25%
E2E core flows (chromium)	UNKNOWN STEP	2026-09-13T08:34:06.5418371Z (Reading database ... 30%
E2E core flows (chromium)	UNKNOWN STEP	2026-09-13T08:34:06.5418668Z (Reading database ... 35%
E2E core flows (chromium)	UNKNOWN STEP	2026-09-13T08:34:06.5418971Z (Reading database ... 40%
E2E core flows (chromium)	UNKNOWN STEP	2026-09-13T08:34:06.5419270Z (Reading database ... 45%
E2E core flows (chromium)	UNKNOWN STEP	2026-09-13T08:34:06.5419565Z (Reading database ... 50%
E2E core flows (chromium)	UNKNOWN STEP	2026-09-13T08:34:06.5451738Z (Reading database ... 55%
E2E core flows (chromium)	UNKNOWN STEP	2026-09-13T08:34:06.7113052Z (Reading database ... 60%
E2E core flows (chromium)	UNKNOWN STEP	2026-09-13T08:34:06.8649605Z (Reading database ... 65%
E2E core flows (chromium)	UNKNOWN STEP	2026-09-13T08:34:07.0485507Z (Reading database ... 70%
E2E core flows (chromium)	UNKNOWN STEP	2026-09-13T08:34:07.2090193Z (Reading database ... 75%
E2E core flows (chromium)	UNKNOWN STEP	2026-09-13T08:34:07.3740182Z (Reading database ... 80%
E2E core flows (chromium)	UNKNOWN STEP	2026-09-13T08:34:07.6001535Z (Reading database ... 85%
E2E core flows (chromium)	UNKNOWN STEP	2026-09-13T08:34:07.7687769Z (Reading database ... 90%
E2E core flows (chromium)	UNKNOWN STEP	2026-09-13T08:34:07.9720693Z (Reading database ... 95%
E2E core flows (chromium)	UNKNOWN STEP	2026-09-13T08:34:07.9721457Z (Reading database ... 100%
E2E core flows (chromium)	UNKNOWN STEP	2026-09-13T08:34:07.9721951Z (Reading database ... 201818 files and directories currently installed.)
E2E core flows (chromium)	UNKNOWN STEP	2026-09-13T08:34:07.9820026Z Preparing to unpack .../0-fonts-ipafont-gothic_00303-21ubuntu1_all.deb ...
E2E core flows (chromium)	UNKNOWN STEP	2026-09-13T08:34:07.9909651Z Unpacking fonts-ipafont-gothic (00303-21ubuntu1) ...
E2E core flows (chromium)	UNKNOWN STEP	2026-09-13T08:34:08.2197470Z Selecting previously unselected package fonts-freefont-ttf.
E2E core flows (chromium)	UNKNOWN STEP	2026-09-13T08:34:08.2322233Z Preparing to unpack .../1-fonts-freefont-ttf_20211204+svn4273-2_all.deb ...
E2E core flows (chromium)	UNKNOWN STEP	2026-09-13T08:34:08.2331773Z Unpacking fonts-freefont-ttf (20211204+svn4273-2) ...
E2E core flows (chromium)	UNKNOWN STEP	2026-09-13T08:34:08.3174457Z Selecting previously unselected package fonts-tlwg-loma-otf.
E2E core flows (chromium)	UNKNOWN STEP	2026-09-13T08:34:08.3297490Z Preparing to unpack .../2-fonts-tlwg-loma-otf_1%3a0.7.3-1_all.deb ...
E2E core flows (chromium)	UNKNOWN STEP	2026-09-13T08:34:08.3306529Z Unpacking fonts-tlwg-loma-otf (1:0.7.3-1) ...
E2E core flows (chromium)	UNKNOWN STEP	2026-09-13T08:34:08.3517701Z Selecting previously unselected package fonts-unifont.
E2E core flows (chromium)	UNKNOWN STEP	2026-09-13T08:34:08.3642839Z Preparing to unpack .../3-fonts-unifont_1%3a15.1.01-1build1_all.deb ...
E2E core flows (chromium)	UNKNOWN STEP	2026-09-13T08:34:08.3651482Z Unpacking fonts-unifont (1:15.1.01-1build1) ...
E2E core flows (chromium)	UNKNOWN STEP	2026-09-13T08:34:08.4677603Z Selecting previously unselected package fonts-wqy-zenhei.
E2E core flows (chromium)	UNKNOWN STEP	2026-09-13T08:34:08.4799437Z Preparing to unpack .../4-fonts-wqy-zenhei_0.9.45-8_all.deb ...
E2E core flows (chromium)	UNKNOWN STEP	2026-09-13T08:34:08.4903082Z Unpacking fonts-wqy-zenhei (0.9.45-8) ...
E2E core flows (chromium)	UNKNOWN STEP	2026-09-13T08:34:08.9575330Z Selecting previously unselected package xfonts-encodings.
E2E core flows (chromium)	UNKNOWN STEP	2026-09-13T08:34:08.9700310Z Preparing to unpack .../5-xfonts-encodings_1%3a1.0.5-0ubuntu2_all.deb ...
E2E core flows (chromium)	UNKNOWN STEP	2026-09-13T08:34:08.9708413Z Unpacking xfonts-encodings (1:1.0.5-0ubuntu2) ...
E2E core flows (chromium)	UNKNOWN STEP	2026-09-13T08:34:09.0015191Z Selecting previously unselected package xfonts-utils.
E2E core flows (chromium)	UNKNOWN STEP	2026-09-13T08:34:09.0140668Z Preparing to unpack .../6-xfonts-utils_1%3a7.7+6build3_amd64.deb ...
E2E core flows (chromium)	UNKNOWN STEP	2026-09-13T08:34:09.0149124Z Unpacking xfonts-utils (1:7.7+6build3) ...
E2E core flows (chromium)	UNKNOWN STEP	2026-09-13T08:34:09.0505450Z Selecting previously unselected package xfonts-cyrillic.
E2E core flows (chromium)	UNKNOWN STEP	2026-09-13T08:34:09.0628931Z Preparing to unpack .../7-xfonts-cyrillic_1%3a1.0.5+nmu1_all.deb ...
E2E core flows (chromium)	UNKNOWN STEP	2026-09-13T08:34:09.0644807Z Unpacking xfonts-cyrillic (1:1.0.5+nmu1) ...
E2E core flows (chromium)	UNKNOWN STEP	2026-09-13T08:34:09.0988333Z Selecting previously unselected package xfonts-scalable.
E2E core flows (chromium)	UNKNOWN STEP	2026-09-13T08:34:09.1111770Z Preparing to unpack .../8-xfonts-scalable_1%3a1.0.3-1.3_all.deb ...
E2E core flows (chromium)	UNKNOWN STEP	2026-09-13T08:34:09.1121824Z Unpacking xfonts-scalable (1:1.0.3-1.3) ...
E2E core flows (chromium)	UNKNOWN STEP	2026-09-13T08:34:09.1547347Z Setting up fonts-wqy-zenhei (0.9.45-8) ...
E2E core flows (chromium)	UNKNOWN STEP	2026-09-13T08:34:09.1675286Z Setting up fonts-freefont-ttf (20211204+svn4273-2) ...
E2E core flows (chromium)	UNKNOWN STEP	2026-09-13T08:34:09.1698550Z Setting up fonts-tlwg-loma-otf (1:0.7.3-1) ...
E2E core flows (chromium)	UNKNOWN STEP	2026-09-13T08:34:09.1719843Z Setting up xfonts-encodings (1:1.0.5-0ubuntu2) ...
E2E core flows (chromium)	UNKNOWN STEP	2026-09-13T08:34:09.1740901Z Setting up fonts-ipafont-gothic (00303-21ubuntu1) ...
E2E core flows (chromium)	UNKNOWN STEP	2026-09-13T08:34:09.1813408Z update-alternatives: using /usr/share/fonts/opentype/ipafont-gothic/ipag.ttf to provide /usr/share/fonts/truetype/fonts-japanese-gothic.ttf (fonts-japanese-gothic.ttf) in auto mode
E2E core flows (chromium)	UNKNOWN STEP	2026-09-13T08:34:09.1835733Z Setting up fonts-unifont (1:15.1.01-1build1) ...
E2E core flows (chromium)	UNKNOWN STEP	2026-09-13T08:34:09.1867389Z Setting up xfonts-utils (1:7.7+6build3) ...
E2E core flows (chromium)	UNKNOWN STEP	2026-09-13T08:34:09.1910621Z Setting up xfonts-cyrillic (1:1.0.5+nmu1) ...
E2E core flows (chromium)	UNKNOWN STEP	2026-09-13T08:34:09.2213077Z Setting up xfonts-scalable (1:1.0.3-1.3) ...
E2E core flows (chromium)	UNKNOWN STEP	2026-09-13T08:34:09.2499070Z Processing triggers for man-db (2.12.0-4build2) ...
E2E core flows (chromium)	UNKNOWN STEP	2026-09-13T08:34:09.2520624Z Not building database; man-db/auto-update is not 'true'.
E2E core flows (chromium)	UNKNOWN STEP	2026-09-13T08:34:09.2534201Z Processing triggers for fontconfig (2.15.0-1.1ubuntu2) ...
E2E core flows (chromium)	UNKNOWN STEP	2026-09-13T08:34:09.9667152Z 
E2E core flows (chromium)	UNKNOWN STEP	2026-09-13T08:34:09.9668324Z Running kernel seems to be up-to-date.
E2E core flows (chromium)	UNKNOWN STEP	2026-09-13T08:34:09.9668643Z 
E2E core flows (chromium)	UNKNOWN STEP	2026-09-13T08:34:09.9668832Z No services need to be restarted.
E2E core flows (chromium)	UNKNOWN STEP	2026-09-13T08:34:09.9669060Z 
E2E core flows (chromium)	UNKNOWN STEP	2026-09-13T08:34:09.9669242Z No containers need to be restarted.
E2E core flows (chromium)	UNKNOWN STEP	2026-09-13T08:34:09.9669475Z 
E2E core flows (chromium)	UNKNOWN STEP	2026-09-13T08:34:09.9669758Z No user sessions are running outdated binaries.
E2E core flows (chromium)	UNKNOWN STEP	2026-09-13T08:34:09.9670029Z 
E2E core flows (chromium)	UNKNOWN STEP	2026-09-13T08:34:09.9670391Z No VM guests are running outdated hypervisor (qemu) binaries on this host.
E2E core flows (chromium)	UNKNOWN STEP	2026-09-13T08:34:10.9117751Z Downloading Chrome for Testing 153.0.8010.12 (playwright chromium v1243) from https://cdn.playwright.dev/builds/cft/153.0.8010.12/linux64/chrome-linux64.zip
E2E core flows (chromium)	UNKNOWN STEP	2026-09-13T08:34:11.3086407Z |                                                                                |   0% of 186.8 MiB
E2E core flows (chromium)	UNKNOWN STEP	2026-09-13T08:34:11.5377201Z |■■■■■■■■                                                                        |  10% of 186.8 MiB
E2E core flows (chromium)	UNKNOWN STEP	2026-09-13T08:34:11.6296079Z |■■■■■■■■■■■■■■■■                                                                |  20% of 186.8 MiB
E2E core flows (chromium)	UNKNOWN STEP	2026-09-13T08:34:11.7058588Z |■■■■■■■■■■■■■■■■■■■■■■■■                                                        |  30% of 186.8 MiB
E2E core flows (chromium)	UNKNOWN STEP	2026-09-13T08:34:11.7809514Z |■■■■■■■■■■■■■■■■■■■■■■■■■■■■■■■■                                                |  40% of 186.8 MiB
E2E core flows (chromium)	UNKNOWN STEP	2026-09-13T08:34:11.8521744Z |■■■■■■■■■■■■■■■■■■■■■■■■■■■■■■■■■■■■■■■■                                        |  50% of 186.8 MiB
E2E core flows (chromium)	UNKNOWN STEP	2026-09-13T08:34:11.9193863Z |■■■■■■■■■■■■■■■■■■■■■■■■■■■■■■■■■■■■■■■■■■■■■■■■                                |  60% of 186.8 MiB
E2E core flows (chromium)	UNKNOWN STEP	2026-09-13T08:34:11.9909353Z |■■■■■■■■■■■■■■■■■■■■■■■■■■■■■■■■■■■■■■■■■■■■■■■■■■■■■■■■                        |  70% of 186.8 MiB
E2E core flows (chromium)	UNKNOWN STEP	2026-09-13T08:34:12.0557144Z |■■■■■■■■■■■■■■■■■■■■■■■■■■■■■■■■■■■■■■■■■■■■■■■■■■■■■■■■■■■■■■■■                |  80% of 186.8 MiB
E2E core flows (chromium)	UNKNOWN STEP	2026-09-13T08:34:12.1230717Z |■■■■■■■■■■■■■■■■■■■■■■■■■■■■■■■■■■■■■■■■■■■■■■■■■■■■■■■■■■■■■■■■■■■■■■■■        |  90% of 186.8 MiB
E2E core flows (chromium)	UNKNOWN STEP	2026-09-13T08:34:12.1958573Z |■■■■■■■■■■■■■■■■■■■■■■■■■■■■■■■■■■■■■■■■■■■■■■■■■■■■■■■■■■■■■■■■■■■■■■■■■■■■■■■■| 100% of 186.8 MiB
E2E core flows (chromium)	UNKNOWN STEP	2026-09-13T08:34:15.0129044Z Chrome for Testing 153.0.8010.12 (playwright chromium v1243) downloaded to /home/runner/.cache/ms-playwright/chromium-1243
E2E core flows (chromium)	UNKNOWN STEP	2026-09-13T08:34:15.0132930Z Downloading FFmpeg (playwright ffmpeg v1011) from https://cdn.playwright.dev/dbazure/download/playwright/builds/ffmpeg/1011/ffmpeg-linux.zip
E2E core flows (chromium)	UNKNOWN STEP	2026-09-13T08:34:15.3892591Z |                                                                                |   0% of 2.3 MiB
E2E core flows (chromium)	UNKNOWN STEP	2026-09-13T08:34:15.3938198Z |■■■■■■■■                                                                        |  10% of 2.3 MiB
E2E core flows (chromium)	UNKNOWN STEP	2026-09-13T08:34:15.3967703Z |■■■■■■■■■■■■■■■■                                                                |  20% of 2.3 MiB
E2E core flows (chromium)	UNKNOWN STEP	2026-09-13T08:34:15.3997066Z |■■■■■■■■■■■■■■■■■■■■■■■■                                                        |  30% of 2.3 MiB
E2E core flows (chromium)	UNKNOWN STEP	2026-09-13T08:34:15.4006006Z |■■■■■■■■■■■■■■■■■■■■■■■■■■■■■■■■                                                |  40% of 2.3 MiB
E2E core flows (chromium)	UNKNOWN STEP	2026-09-13T08:34:15.4032793Z |■■■■■■■■■■■■■■■■■■■■■■■■■■■■■■■■■■■■■■■■                                        |  50% of 2.3 MiB
E2E core flows (chromium)	UNKNOWN STEP	2026-09-13T08:34:15.4069591Z |■■■■■■■■■■■■■■■■■■■■■■■■■■■■■■■■■■■■■■■■■■■■■■■■                                |  60% of 2.3 MiB
E2E core flows (chromium)	UNKNOWN STEP	2026-09-13T08:34:15.4085020Z |■■■■■■■■■■■■■■■■■■■■■■■■■■■■■■■■■■■■■■■■■■■■■■■■■■■■■■■■                        |  70% of 2.3 MiB
E2E core flows (chromium)	UNKNOWN STEP	2026-09-13T08:34:15.4104728Z |■■■■■■■■■■■■■■■■■■■■■■■■■■■■■■■■■■■■■■■■■■■■■■■■■■■■■■■■■■■■■■■■                |  80% of 2.3 MiB
E2E core flows (chromium)	UNKNOWN STEP	2026-09-13T08:34:15.4132614Z |■■■■■■■■■■■■■■■■■■■■■■■■■■■■■■■■■■■■■■■■■■■■■■■■■■■■■■■■■■■■■■■■■■■■■■■■        |  90% of 2.3 MiB
E2E core flows (chromium)	UNKNOWN STEP	2026-09-13T08:34:15.4143009Z |■■■■■■■■■■■■■■■■■■■■■■■■■■■■■■■■■■■■■■■■■■■■■■■■■■■■■■■■■■■■■■■■■■■■■■■■■■■■■■■■| 100% of 2.3 MiB
E2E core flows (chromium)	UNKNOWN STEP	2026-09-13T08:34:15.4812044Z FFmpeg (playwright ffmpeg v1011) downloaded to /home/runner/.cache/ms-playwright/ffmpeg-1011
E2E core flows (chromium)	UNKNOWN STEP	2026-09-13T08:34:15.4816742Z Downloading Chrome Headless Shell 153.0.8010.12 (playwright chromium-headless-shell v1243) from https://cdn.playwright.dev/builds/cft/153.0.8010.12/linux64/chrome-headless-shell-linux64.zip
E2E core flows (chromium)	UNKNOWN STEP	2026-09-13T08:34:15.8673325Z |                                                                                |   0% of 114.3 MiB
E2E core flows (chromium)	UNKNOWN STEP	2026-09-13T08:34:15.9832254Z |■■■■■■■■                                                                        |  10% of 114.3 MiB
E2E core flows (chromium)	UNKNOWN STEP	2026-09-13T08:34:16.0442581Z |■■■■■■■■■■■■■■■■                                                                |  20% of 114.3 MiB
E2E core flows (chromium)	UNKNOWN STEP	2026-09-13T08:34:16.1003436Z |■■■■■■■■■■■■■■■■■■■■■■■■                                                        |  30% of 114.3 MiB
E2E core flows (chromium)	UNKNOWN STEP	2026-09-13T08:34:16.1513013Z |■■■■■■■■■■■■■■■■■■■■■■■■■■■■■■■■                                                |  40% of 114.3 MiB
E2E core flows (chromium)	UNKNOWN STEP	2026-09-13T08:34:16.2086712Z |■■■■■■■■■■■■■■■■■■■■■■■■■■■■■■■■■■■■■■■■                                        |  50% of 114.3 MiB
E2E core flows (chromium)	UNKNOWN STEP	2026-09-13T08:34:16.2535776Z |■■■■■■■■■■■■■■■■■■■■■■■■■■■■■■■■■■■■■■■■■■■■■■■■                                |  60% of 114.3 MiB
E2E core flows (chromium)	UNKNOWN STEP	2026-09-13T08:34:16.2995564Z |■■■■■■■■■■■■■■■■■■■■■■■■■■■■■■■■■■■■■■■■■■■■■■■■■■■■■■■■                        |  70% of 114.3 MiB
E2E core flows (chromium)	UNKNOWN STEP	2026-09-13T08:34:16.3440844Z |■■■■■■■■■■■■■■■■■■■■■■■■■■■■■■■■■■■■■■■■■■■■■■■■■■■■■■■■■■■■■■■■                |  80% of 114.3 MiB
E2E core flows (chromium)	UNKNOWN STEP	2026-09-13T08:34:16.3869211Z |■■■■■■■■■■■■■■■■■■■■■■■■■■■■■■■■■■■■■■■■■■■■■■■■■■■■■■■■■■■■■■■■■■■■■■■■        |  90% of 114.3 MiB
E2E core flows (chromium)	UNKNOWN STEP	2026-09-13T08:34:16.4255248Z |■■■■■■■■■■■■■■■■■■■■■■■■■■■■■■■■■■■■■■■■■■■■■■■■■■■■■■■■■■■■■■■■■■■■■■■■■■■■■■■■| 100% of 114.3 MiB
E2E core flows (chromium)	UNKNOWN STEP	2026-09-13T08:34:18.4446307Z Chrome Headless Shell 153.0.8010.12 (playwright chromium-headless-shell v1243) downloaded to /home/runner/.cache/ms-playwright/chromium_headless_shell-1243
E2E core flows (chromium)	UNKNOWN STEP	2026-09-13T08:34:18.4786105Z ##[group]Run npx playwright test tests/e2e/core-flows/ --project=chromium
E2E core flows (chromium)	UNKNOWN STEP	2026-09-13T08:34:18.4786695Z ^[[36;1mnpx playwright test tests/e2e/core-flows/ --project=chromium^[[0m
E2E core flows (chromium)	UNKNOWN STEP	2026-09-13T08:34:18.4823981Z shell: /usr/bin/bash -e {0}
E2E core flows (chromium)	UNKNOWN STEP	2026-09-13T08:34:18.4824232Z env:
E2E core flows (chromium)	UNKNOWN STEP	2026-09-13T08:34:18.4824418Z   NODE_VERSION: 22
E2E core flows (chromium)	UNKNOWN STEP	2026-09-13T08:34:18.4824635Z ##[endgroup]
E2E core flows (chromium)	UNKNOWN STEP	2026-09-13T08:34:20.9601149Z 
E2E core flows (chromium)	UNKNOWN STEP	2026-09-13T08:34:20.9601872Z Running 74 tests using 1 worker
E2E core flows (chromium)	UNKNOWN STEP	2026-09-13T08:34:32.7678126Z ××F
E2E core flows (chromium)	UNKNOWN STEP	2026-09-13T08:34:32.7744641Z ##[error]  1) [chromium] › tests/e2e/core-flows/analyzer-happy-path.spec.js:10:7 › Analyzer happy path (P0) › Try Example → Analyze → all 5 result tabs without crash 
E2E core flows (chromium)	UNKNOWN STEP	    Error: expect(locator).toBeVisible() failed
E2E core flows (chromium)	UNKNOWN STEP	
E2E core flows (chromium)	UNKNOWN STEP	    Locator: getByText(/Health Score/i)
E2E core flows (chromium)	UNKNOWN STEP	    Expected: visible
E2E core flows (chromium)	UNKNOWN STEP	    Error: strict mode violation: getByText(/Health Score/i) resolved to 2 elements:
E2E core flows (chromium)	UNKNOWN STEP	        1) <span id="health-score-label" class="MuiTypography-root MuiTypography-caption css-17d5nws-MuiTypography-root">…</span> aka getByText('Health Score 91% · Excellent')
E2E core flows (chromium)	UNKNOWN STEP	        2) <span class="MuiTypography-root MuiTypography-caption css-1f8m3md-MuiTypography-root">Health Score averages turn-two access to each req…</span> aka getByText('Health Score averages turn-')
E2E core flows (chromium)	UNKNOWN STEP	
E2E core flows (chromium)	UNKNOWN STEP	    Call log:
E2E core flows (chromium)	UNKNOWN STEP	      - Expect "toBeVisible" getByText(/Health Score/i) with timeout 5000ms
E2E core flows (chromium)	UNKNOWN STEP	      - waiting for getByText(/Health Score/i)
E2E core flows (chromium)	UNKNOWN STEP	
E2E core flows (chromium)	UNKNOWN STEP	
E2E core flows (chromium)	UNKNOWN STEP	      38 |     await expect(page.getByTestId('analysis-results')).toBeVisible({ timeout: 90000 })
E2E core flows (chromium)	UNKNOWN STEP	      39 |     await expect(page.getByTestId('quick-verdict')).toBeVisible({ timeout: 15000 })
E2E core flows (chromium)	UNKNOWN STEP	    > 40 |     await expect(page.getByText(/Health Score/i)).toBeVisible()
E2E core flows (chromium)	UNKNOWN STEP	         |                                                   ^
E2E core flows (chromium)	UNKNOWN STEP	      41 |
E2E core flows (chromium)	UNKNOWN STEP	      42 |     // No fatal error UI on Castability (default tab)
E2E core flows (chromium)	UNKNOWN STEP	      43 |     await expect(page.getByText(/Something went wrong|could not be cloned|DataCloneError/i)).toHaveCount(
E2E core flows (chromium)	UNKNOWN STEP	        at /home/runner/work/manatuner/manatuner/tests/e2e/core-flows/analyzer-happy-path.spec.js:40:51
E2E core flows (chromium)	UNKNOWN STEP	2026-09-13T08:34:32.7779170Z ##[error]  1) [chromium] › tests/e2e/core-flows/analyzer-happy-path.spec.js:10:7 › Analyzer happy path (P0) › Try Example → Analyze → all 5 result tabs without crash 
E2E core flows (chromium)	UNKNOWN STEP	
E2E core flows (chromium)	UNKNOWN STEP	    Retry #1 ───────────────────────────────────────────────────────────────────────────────────────
E2E core flows (chromium)	UNKNOWN STEP	    Error: expect(locator).toBeVisible() failed
E2E core flows (chromium)	UNKNOWN STEP	
E2E core flows (chromium)	UNKNOWN STEP	    Locator: getByText(/Health Score/i)
E2E core flows (chromium)	UNKNOWN STEP	    Expected: visible
E2E core flows (chromium)	UNKNOWN STEP	    Error: strict mode violation: getByText(/Health Score/i) resolved to 2 elements:
E2E core flows (chromium)	UNKNOWN STEP	        1) <span id="health-score-label" class="MuiTypography-root MuiTypography-caption css-17d5nws-MuiTypography-root">…</span> aka getByText('Health Score 91% · Excellent')
E2E core flows (chromium)	UNKNOWN STEP	        2) <span class="MuiTypography-root MuiTypography-caption css-1f8m3md-MuiTypography-root">Health Score averages turn-two access to each req…</span> aka getByText('Health Score averages turn-')
E2E core flows (chromium)	UNKNOWN STEP	
E2E core flows (chromium)	UNKNOWN STEP	    Call log:
E2E core flows (chromium)	UNKNOWN STEP	      - Expect "toBeVisible" getByText(/Health Score/i) with timeout 5000ms
E2E core flows (chromium)	UNKNOWN STEP	      - waiting for getByText(/Health Score/i)
E2E core flows (chromium)	UNKNOWN STEP	
E2E core flows (chromium)	UNKNOWN STEP	
E2E core flows (chromium)	UNKNOWN STEP	      38 |     await expect(page.getByTestId('analysis-results')).toBeVisible({ timeout: 90000 })
E2E core flows (chromium)	UNKNOWN STEP	      39 |     await expect(page.getByTestId('quick-verdict')).toBeVisible({ timeout: 15000 })
E2E core flows (chromium)	UNKNOWN STEP	    > 40 |     await expect(page.getByText(/Health Score/i)).toBeVisible()
E2E core flows (chromium)	UNKNOWN STEP	         |                                                   ^
E2E core flows (chromium)	UNKNOWN STEP	      41 |
E2E core flows (chromium)	UNKNOWN STEP	      42 |     // No fatal error UI on Castability (default tab)
E2E core flows (chromium)	UNKNOWN STEP	      43 |     await expect(page.getByText(/Something went wrong|could not be cloned|DataCloneError/i)).toHaveCount(
E2E core flows (chromium)	UNKNOWN STEP	        at /home/runner/work/manatuner/manatuner/tests/e2e/core-flows/analyzer-happy-path.spec.js:40:51
E2E core flows (chromium)	UNKNOWN STEP	2026-09-13T08:34:32.7806543Z ##[error]  1) [chromium] › tests/e2e/core-flows/analyzer-happy-path.spec.js:10:7 › Analyzer happy path (P0) › Try Example → Analyze → all 5 result tabs without crash 
E2E core flows (chromium)	UNKNOWN STEP	
E2E core flows (chromium)	UNKNOWN STEP	    Retry #2 ───────────────────────────────────────────────────────────────────────────────────────
E2E core flows (chromium)	UNKNOWN STEP	    Error: expect(locator).toBeVisible() failed
E2E core flows (chromium)	UNKNOWN STEP	
E2E core flows (chromium)	UNKNOWN STEP	    Locator: getByText(/Health Score/i)
E2E core flows (chromium)	UNKNOWN STEP	    Expected: visible
E2E core flows (chromium)	UNKNOWN STEP	    Error: strict mode violation: getByText(/Health Score/i) resolved to 2 elements:
E2E core flows (chromium)	UNKNOWN STEP	        1) <span id="health-score-label" class="MuiTypography-root MuiTypography-caption css-17d5nws-MuiTypography-root">…</span> aka getByText('Health Score 91% · Excellent')
E2E core flows (chromium)	UNKNOWN STEP	        2) <span class="MuiTypography-root MuiTypography-caption css-1f8m3md-MuiTypography-root">Health Score averages turn-two access to each req…</span> aka getByText('Health Score averages turn-')
E2E core flows (chromium)	UNKNOWN STEP	
E2E core flows (chromium)	UNKNOWN STEP	    Call log:
E2E core flows (chromium)	UNKNOWN STEP	      - Expect "toBeVisible" getByText(/Health Score/i) with timeout 5000ms
E2E core flows (chromium)	UNKNOWN STEP	      - waiting for getByText(/Health Score/i)
E2E core flows (chromium)	UNKNOWN STEP	
E2E core flows (chromium)	UNKNOWN STEP	
E2E core flows (chromium)	UNKNOWN STEP	      38 |     await expect(page.getByTestId('analysis-results')).toBeVisible({ timeout: 90000 })
E2E core flows (chromium)	UNKNOWN STEP	      39 |     await expect(page.getByTestId('quick-verdict')).toBeVisible({ timeout: 15000 })
E2E core flows (chromium)	UNKNOWN STEP	    > 40 |     await expect(page.getByText(/Health Score/i)).toBeVisible()
E2E core flows (chromium)	UNKNOWN STEP	         |                                                   ^
E2E core flows (chromium)	UNKNOWN STEP	      41 |
E2E core flows (chromium)	UNKNOWN STEP	      42 |     // No fatal error UI on Castability (default tab)
E2E core flows (chromium)	UNKNOWN STEP	      43 |     await expect(page.getByText(/Something went wrong|could not be cloned|DataCloneError/i)).toHaveCount(
E2E core flows (chromium)	UNKNOWN STEP	        at /home/runner/work/manatuner/manatuner/tests/e2e/core-flows/analyzer-happy-path.spec.js:40:51
E2E core flows (chromium)	UNKNOWN STEP	2026-09-13T08:34:55.6447533Z ···××F
E2E core flows (chromium)	UNKNOWN STEP	2026-09-13T08:34:55.6466055Z ##[error]  2) [chromium] › tests/e2e/core-flows/audit-wave-c-verify.spec.js:45:7 › Audit verification (automated) › analyzer happy path + format controls + health score 
E2E core flows (chromium)	UNKNOWN STEP	    Error: expect(locator).toBeVisible() failed
E2E core flows (chromium)	UNKNOWN STEP	
E2E core flows (chromium)	UNKNOWN STEP	    Locator: getByText(/Health Score/i)
E2E core flows (chromium)	UNKNOWN STEP	    Expected: visible
E2E core flows (chromium)	UNKNOWN STEP	    Error: strict mode violation: getByText(/Health Score/i) resolved to 2 elements:
E2E core flows (chromium)	UNKNOWN STEP	        1) <span id="health-score-label" class="MuiTypography-root MuiTypography-caption css-17d5nws-MuiTypography-root">…</span> aka getByText('Health Score 91% · Excellent')
E2E core flows (chromium)	UNKNOWN STEP	        2) <span class="MuiTypography-root MuiTypography-caption css-1f8m3md-MuiTypography-root">Health Score averages turn-two access to each req…</span> aka getByText('Health Score averages turn-')
E2E core flows (chromium)	UNKNOWN STEP	
E2E core flows (chromium)	UNKNOWN STEP	    Call log:
E2E core flows (chromium)	UNKNOWN STEP	      - Expect "toBeVisible" getByText(/Health Score/i) with timeout 5000ms
E2E core flows (chromium)	UNKNOWN STEP	      - waiting for getByText(/Health Score/i)
E2E core flows (chromium)	UNKNOWN STEP	
E2E core flows (chromium)	UNKNOWN STEP	
E2E core flows (chromium)	UNKNOWN STEP	      51 |     await expect(page.getByTestId('analysis-results')).toBeVisible({ timeout: 60000 })
E2E core flows (chromium)	UNKNOWN STEP	      52 |     await expect(page.getByTestId('quick-verdict')).toBeVisible()
E2E core flows (chromium)	UNKNOWN STEP	    > 53 |     await expect(page.getByText(/Health Score/i)).toBeVisible()
E2E core flows (chromium)	UNKNOWN STEP	         |                                                   ^
E2E core flows (chromium)	UNKNOWN STEP	      54 |     await expect(page.getByTestId('engine-stamp')).toContainText(/Engine v2\.7/)
E2E core flows (chromium)	UNKNOWN STEP	      55 |
E2E core flows (chromium)	UNKNOWN STEP	      56 |     await expect(page.getByTestId('analysis-settings')).toBeVisible({ timeout: 20000 })
E2E core flows (chromium)	UNKNOWN STEP	        at /home/runner/work/manatuner/manatuner/tests/e2e/core-flows/audit-wave-c-verify.spec.js:53:51
E2E core flows (chromium)	UNKNOWN STEP	2026-09-13T08:34:55.6494862Z ##[error]  2) [chromium] › tests/e2e/core-flows/audit-wave-c-verify.spec.js:45:7 › Audit verification (automated) › analyzer happy path + format controls + health score 
E2E core flows (chromium)	UNKNOWN STEP	
E2E core flows (chromium)	UNKNOWN STEP	    Retry #1 ───────────────────────────────────────────────────────────────────────────────────────
E2E core flows (chromium)	UNKNOWN STEP	    Error: expect(locator).toBeVisible() failed
E2E core flows (chromium)	UNKNOWN STEP	
E2E core flows (chromium)	UNKNOWN STEP	    Locator: getByText(/Health Score/i)
E2E core flows (chromium)	UNKNOWN STEP	    Expected: visible
E2E core flows (chromium)	UNKNOWN STEP	    Error: strict mode violation: getByText(/Health Score/i) resolved to 2 elements:
E2E core flows (chromium)	UNKNOWN STEP	        1) <span id="health-score-label" class="MuiTypography-root MuiTypography-caption css-17d5nws-MuiTypography-root">…</span> aka getByText('Health Score 85% · Excellent')
E2E core flows (chromium)	UNKNOWN STEP	        2) <span class="MuiTypography-root MuiTypography-caption css-1f8m3md-MuiTypography-root">Health Score averages turn-two access to each req…</span> aka getByText('Health Score averages turn-')
E2E core flows (chromium)	UNKNOWN STEP	
E2E core flows (chromium)	UNKNOWN STEP	    Call log:
E2E core flows (chromium)	UNKNOWN STEP	      - Expect "toBeVisible" getByText(/Health Score/i) with timeout 5000ms
E2E core flows (chromium)	UNKNOWN STEP	      - waiting for getByText(/Health Score/i)
E2E core flows (chromium)	UNKNOWN STEP	
E2E core flows (chromium)	UNKNOWN STEP	
E2E core flows (chromium)	UNKNOWN STEP	      51 |     await expect(page.getByTestId('analysis-results')).toBeVisible({ timeout: 60000 })
E2E core flows (chromium)	UNKNOWN STEP	      52 |     await expect(page.getByTestId('quick-verdict')).toBeVisible()
E2E core flows (chromium)	UNKNOWN STEP	    > 53 |     await expect(page.getByText(/Health Score/i)).toBeVisible()
E2E core flows (chromium)	UNKNOWN STEP	         |                                                   ^
E2E core flows (chromium)	UNKNOWN STEP	      54 |     await expect(page.getByTestId('engine-stamp')).toContainText(/Engine v2\.7/)
E2E core flows (chromium)	UNKNOWN STEP	      55 |
E2E core flows (chromium)	UNKNOWN STEP	      56 |     await expect(page.getByTestId('analysis-settings')).toBeVisible({ timeout: 20000 })
E2E core flows (chromium)	UNKNOWN STEP	        at /home/runner/work/manatuner/manatuner/tests/e2e/core-flows/audit-wave-c-verify.spec.js:53:51
E2E core flows (chromium)	UNKNOWN STEP	2026-09-13T08:34:55.6513052Z ##[error]  2) [chromium] › tests/e2e/core-flows/audit-wave-c-verify.spec.js:45:7 › Audit verification (automated) › analyzer happy path + format controls + health score 
E2E core flows (chromium)	UNKNOWN STEP	
E2E core flows (chromium)	UNKNOWN STEP	    Retry #2 ───────────────────────────────────────────────────────────────────────────────────────
E2E core flows (chromium)	UNKNOWN STEP	    Error: expect(locator).toBeVisible() failed
E2E core flows (chromium)	UNKNOWN STEP	
E2E core flows (chromium)	UNKNOWN STEP	    Locator: getByText(/Health Score/i)
E2E core flows (chromium)	UNKNOWN STEP	    Expected: visible
E2E core flows (chromium)	UNKNOWN STEP	    Error: strict mode violation: getByText(/Health Score/i) resolved to 2 elements:
E2E core flows (chromium)	UNKNOWN STEP	        1) <span id="health-score-label" class="MuiTypography-root MuiTypography-caption css-17d5nws-MuiTypography-root">…</span> aka getByText('Health Score 85% · Excellent')
E2E core flows (chromium)	UNKNOWN STEP	        2) <span class="MuiTypography-root MuiTypography-caption css-1f8m3md-MuiTypography-root">Health Score averages turn-two access to each req…</span> aka getByText('Health Score averages turn-')
E2E core flows (chromium)	UNKNOWN STEP	
E2E core flows (chromium)	UNKNOWN STEP	    Call log:
E2E core flows (chromium)	UNKNOWN STEP	      - Expect "toBeVisible" getByText(/Health Score/i) with timeout 5000ms
E2E core flows (chromium)	UNKNOWN STEP	      - waiting for getByText(/Health Score/i)
E2E core flows (chromium)	UNKNOWN STEP	
E2E core flows (chromium)	UNKNOWN STEP	
E2E core flows (chromium)	UNKNOWN STEP	      51 |     await expect(page.getByTestId('analysis-results')).toBeVisible({ timeout: 60000 })
E2E core flows (chromium)	UNKNOWN STEP	      52 |     await expect(page.getByTestId('quick-verdict')).toBeVisible()
E2E core flows (chromium)	UNKNOWN STEP	    > 53 |     await expect(page.getByText(/Health Score/i)).toBeVisible()
E2E core flows (chromium)	UNKNOWN STEP	         |                                                   ^
E2E core flows (chromium)	UNKNOWN STEP	      54 |     await expect(page.getByTestId('engine-stamp')).toContainText(/Engine v2\.7/)
E2E core flows (chromium)	UNKNOWN STEP	      55 |
E2E core flows (chromium)	UNKNOWN STEP	      56 |     await expect(page.getByTestId('analysis-settings')).toBeVisible({ timeout: 20000 })
E2E core flows (chromium)	UNKNOWN STEP	        at /home/runner/work/manatuner/manatuner/tests/e2e/core-flows/audit-wave-c-verify.spec.js:53:51
E2E core flows (chromium)	UNKNOWN STEP	2026-09-13T08:37:37.4258700Z ·································××F
E2E core flows (chromium)	UNKNOWN STEP	2026-09-13T08:37:37.4291796Z ##[error]  3) [chromium] › tests/e2e/core-flows/mulligan-worker-recovery.spec.js:3:5 › F13 failed worker asset is recoverable; real worker runs again at 50k precision 
E2E core flows (chromium)	UNKNOWN STEP	    Error: expect(locator).toBeVisible() failed
E2E core flows (chromium)	UNKNOWN STEP	
E2E core flows (chromium)	UNKNOWN STEP	    Locator: getByRole('alert').filter({ hasText: /worker stopped|worker did not respond/i })
E2E core flows (chromium)	UNKNOWN STEP	    Expected: visible
E2E core flows (chromium)	UNKNOWN STEP	    Timeout: 20000ms
E2E core flows (chromium)	UNKNOWN STEP	    Error: element(s) not found
E2E core flows (chromium)	UNKNOWN STEP	
E2E core flows (chromium)	UNKNOWN STEP	    Call log:
E2E core flows (chromium)	UNKNOWN STEP	      - Expect "toBeVisible" getByRole('alert').filter({ hasText: /worker stopped|worker did not respond/i }) with timeout 20000ms
E2E core flows (chromium)	UNKNOWN STEP	      - waiting for getByRole('alert').filter({ hasText: /worker stopped|worker did not respond/i })
E2E core flows (chromium)	UNKNOWN STEP	
E2E core flows (chromium)	UNKNOWN STEP	
E2E core flows (chromium)	UNKNOWN STEP	      20 |   await expect(page.getByTestId('analysis-results')).toBeVisible()
E2E core flows (chromium)	UNKNOWN STEP	      21 |   await page.getByTestId('tab-mulligan').click()
E2E core flows (chromium)	UNKNOWN STEP	    > 22 |   await expect(page.getByRole('alert').filter({ hasText: /worker stopped|worker did not respond/i })).toBeVisible({ timeout: 20000 })
E2E core flows (chromium)	UNKNOWN STEP	         |                                                                                                       ^
E2E core flows (chromium)	UNKNOWN STEP	      23 |   await expect(page.getByRole('button', { name: 'Re-run Analysis', exact: true })).toBeEnabled()
E2E core flows (chromium)	UNKNOWN STEP	      24 |   // A new precision selection triggers a fresh worker after the platform failure.
E2E core flows (chromium)	UNKNOWN STEP	      25 |   await page.getByText('Precise (50k)', { exact: true }).click()
E2E core flows (chromium)	UNKNOWN STEP	        at /home/runner/work/manatuner/manatuner/tests/e2e/core-flows/mulligan-worker-recovery.spec.js:22:103
E2E core flows (chromium)	UNKNOWN STEP	2026-09-13T08:37:37.4315823Z ##[error]  3) [chromium] › tests/e2e/core-flows/mulligan-worker-recovery.spec.js:3:5 › F13 failed worker asset is recoverable; real worker runs again at 50k precision 
E2E core flows (chromium)	UNKNOWN STEP	
E2E core flows (chromium)	UNKNOWN STEP	    Retry #1 ───────────────────────────────────────────────────────────────────────────────────────
E2E core flows (chromium)	UNKNOWN STEP	    Error: expect(locator).toBeVisible() failed
E2E core flows (chromium)	UNKNOWN STEP	
E2E core flows (chromium)	UNKNOWN STEP	    Locator: getByRole('alert').filter({ hasText: /worker stopped|worker did not respond/i })
E2E core flows (chromium)	UNKNOWN STEP	    Expected: visible
E2E core flows (chromium)	UNKNOWN STEP	    Timeout: 20000ms
E2E core flows (chromium)	UNKNOWN STEP	    Error: element(s) not found
E2E core flows (chromium)	UNKNOWN STEP	
E2E core flows (chromium)	UNKNOWN STEP	    Call log:
E2E core flows (chromium)	UNKNOWN STEP	      - Expect "toBeVisible" getByRole('alert').filter({ hasText: /worker stopped|worker did not respond/i }) with timeout 20000ms
E2E core flows (chromium)	UNKNOWN STEP	      - waiting for getByRole('alert').filter({ hasText: /worker stopped|worker did not respond/i })
E2E core flows (chromium)	UNKNOWN STEP	
E2E core flows (chromium)	UNKNOWN STEP	
E2E core flows (chromium)	UNKNOWN STEP	      20 |   await expect(page.getByTestId('analysis-results')).toBeVisible()
E2E core flows (chromium)	UNKNOWN STEP	      21 |   await page.getByTestId('tab-mulligan').click()
E2E core flows (chromium)	UNKNOWN STEP	    > 22 |   await expect(page.getByRole('alert').filter({ hasText: /worker stopped|worker did not respond/i })).toBeVisible({ timeout: 20000 })
E2E core flows (chromium)	UNKNOWN STEP	         |                                                                                                       ^
E2E core flows (chromium)	UNKNOWN STEP	      23 |   await expect(page.getByRole('button', { name: 'Re-run Analysis', exact: true })).toBeEnabled()
E2E core flows (chromium)	UNKNOWN STEP	      24 |   // A new precision selection triggers a fresh worker after the platform failure.
E2E core flows (chromium)	UNKNOWN STEP	      25 |   await page.getByText('Precise (50k)', { exact: true }).click()
E2E core flows (chromium)	UNKNOWN STEP	        at /home/runner/work/manatuner/manatuner/tests/e2e/core-flows/mulligan-worker-recovery.spec.js:22:103
E2E core flows (chromium)	UNKNOWN STEP	2026-09-13T08:37:37.4332128Z ##[error]  3) [chromium] › tests/e2e/core-flows/mulligan-worker-recovery.spec.js:3:5 › F13 failed worker asset is recoverable; real worker runs again at 50k precision 
E2E core flows (chromium)	UNKNOWN STEP	
E2E core flows (chromium)	UNKNOWN STEP	    Retry #2 ───────────────────────────────────────────────────────────────────────────────────────
E2E core flows (chromium)	UNKNOWN STEP	    Error: expect(locator).toBeVisible() failed
E2E core flows (chromium)	UNKNOWN STEP	
E2E core flows (chromium)	UNKNOWN STEP	    Locator: getByRole('alert').filter({ hasText: /worker stopped|worker did not respond/i })
E2E core flows (chromium)	UNKNOWN STEP	    Expected: visible
E2E core flows (chromium)	UNKNOWN STEP	    Timeout: 20000ms
E2E core flows (chromium)	UNKNOWN STEP	    Error: element(s) not found
E2E core flows (chromium)	UNKNOWN STEP	
E2E core flows (chromium)	UNKNOWN STEP	    Call log:
E2E core flows (chromium)	UNKNOWN STEP	      - Expect "toBeVisible" getByRole('alert').filter({ hasText: /worker stopped|worker did not respond/i }) with timeout 20000ms
E2E core flows (chromium)	UNKNOWN STEP	      - waiting for getByRole('alert').filter({ hasText: /worker stopped|worker did not respond/i })
E2E core flows (chromium)	UNKNOWN STEP	
E2E core flows (chromium)	UNKNOWN STEP	
E2E core flows (chromium)	UNKNOWN STEP	      20 |   await expect(page.getByTestId('analysis-results')).toBeVisible()
E2E core flows (chromium)	UNKNOWN STEP	      21 |   await page.getByTestId('tab-mulligan').click()
E2E core flows (chromium)	UNKNOWN STEP	    > 22 |   await expect(page.getByRole('alert').filter({ hasText: /worker stopped|worker did not respond/i })).toBeVisible({ timeout: 20000 })
E2E core flows (chromium)	UNKNOWN STEP	         |                                                                                                       ^
E2E core flows (chromium)	UNKNOWN STEP	      23 |   await expect(page.getByRole('button', { name: 'Re-run Analysis', exact: true })).toBeEnabled()
E2E core flows (chromium)	UNKNOWN STEP	      24 |   // A new precision selection triggers a fresh worker after the platform failure.
E2E core flows (chromium)	UNKNOWN STEP	      25 |   await page.getByText('Precise (50k)', { exact: true }).click()
E2E core flows (chromium)	UNKNOWN STEP	        at /home/runner/work/manatuner/manatuner/tests/e2e/core-flows/mulligan-worker-recovery.spec.js:22:103
E2E core flows (chromium)	UNKNOWN STEP	2026-09-13T08:39:09.3364150Z ··················×±
E2E core flows (chromium)	UNKNOWN STEP	2026-09-13T08:39:09.3670010Z ##[error]  4) [chromium] › tests/e2e/core-flows/persona-followup.spec.js:475:9 › R01–R07 /mathematics keyboard, contrast, themes and viewport 390 
E2E core flows (chromium)	UNKNOWN STEP	    Error: [
E2E core flows (chromium)	UNKNOWN STEP	      {
E2E core flows (chromium)	UNKNOWN STEP	        "id": "color-contrast",
E2E core flows (chromium)	UNKNOWN STEP	        "impact": "serious",
E2E core flows (chromium)	UNKNOWN STEP	        "tags": [
E2E core flows (chromium)	UNKNOWN STEP	          "cat.color",
E2E core flows (chromium)	UNKNOWN STEP	          "wcag2aa",
E2E core flows (chromium)	UNKNOWN STEP	          "wcag143",
E2E core flows (chromium)	UNKNOWN STEP	          "TTv5",
E2E core flows (chromium)	UNKNOWN STEP	          "TT13.c",
E2E core flows (chromium)	UNKNOWN STEP	          "EN-301-549",
E2E core flows (chromium)	UNKNOWN STEP	          "EN-9.1.4.3",
E2E core flows (chromium)	UNKNOWN STEP	          "ACT",
E2E core flows (chromium)	UNKNOWN STEP	          "RGAAv4",
E2E core flows (chromium)	UNKNOWN STEP	          "RGAA-3.2.1"
E2E core flows (chromium)	UNKNOWN STEP	        ],
E2E core flows (chromium)	UNKNOWN STEP	        "description": "Ensure the contrast between foreground and background colors meets WCAG 2 AA minimum contrast ratio thresholds",
E2E core flows (chromium)	UNKNOWN STEP	        "help": "Elements must meet minimum color contrast ratio thresholds",
E2E core flows (chromium)	UNKNOWN STEP	        "helpUrl": "https://dequeuniversity.com/rules/axe/4.11/color-contrast?application=playwright",
E2E core flows (chromium)	UNKNOWN STEP	        "nodes": [
E2E core flows (chromium)	UNKNOWN STEP	          {
E2E core flows (chromium)	UNKNOWN STEP	            "any": [
E2E core flows (chromium)	UNKNOWN STEP	              {
E2E core flows (chromium)	UNKNOWN STEP	                "id": "color-contrast",
E2E core flows (chromium)	UNKNOWN STEP	                "data": {
E2E core flows (chromium)	UNKNOWN STEP	                  "fgColor": "#84aede",
E2E core flows (chromium)	UNKNOWN STEP	                  "bgColor": "#f0f8fe",
E2E core flows (chromium)	UNKNOWN STEP	                  "contrastRatio": 2.15,
E2E core flows (chromium)	UNKNOWN STEP	                  "fontSize": "9.8pt (13px)",
E2E core flows (chromium)	UNKNOWN STEP	                  "fontWeight": "normal",
E2E core flows (chromium)	UNKNOWN STEP	                  "messageKey": null,
E2E core flows (chromium)	UNKNOWN STEP	                  "expectedContrastRatio": "4.5:1"
E2E core flows (chromium)	UNKNOWN STEP	                },
E2E core flows (chromium)	UNKNOWN STEP	                "relatedNodes": [
E2E core flows (chromium)	UNKNOWN STEP	                  {
E2E core flows (chromium)	UNKNOWN STEP	                    "html": "<div class=\"MuiChip-root MuiChip-filled MuiChip-sizeMedium MuiChip-colorDefault MuiChip-filledDefault css-an60gf-MuiChip-root\">",
E2E core flows (chromium)	UNKNOWN STEP	                    "target": [
E2E core flows (chromium)	UNKNOWN STEP	                      ".css-an60gf-MuiChip-root"
E2E core flows (chromium)	UNKNOWN STEP	                    ]
E2E core flows (chromium)	UNKNOWN STEP	                  }
E2E core flows (chromium)	UNKNOWN STEP	                ],
E2E core flows (chromium)	UNKNOWN STEP	                "impact": "serious",
E2E core flows (chromium)	UNKNOWN STEP	                "message": "Element has insufficient color contrast of 2.15 (foreground color: #84aede, background color: #f0f8fe, font size: 9.8pt (13px), font weight: normal). Expected contrast ratio of 4.5:1"
E2E core flows (chromium)	UNKNOWN STEP	              }
E2E core flows (chromium)	UNKNOWN STEP	            ],
E2E core flows (chromium)	UNKNOWN STEP	            "all": [],
E2E core flows (chromium)	UNKNOWN STEP	            "none": [],
E2E core flows (chromium)	UNKNOWN STEP	            "impact": "serious",
E2E core flows (chromium)	UNKNOWN STEP	            "html": "<span class=\"MuiChip-label MuiChip-labelMedium css-1dybbl5-MuiChip-label\">Exact Draw Probabilities</span>",
E2E core flows (chromium)	UNKNOWN STEP	            "target": [
E2E core flows (chromium)	UNKNOWN STEP	              ".css-an60gf-MuiChip-root > .MuiChip-labelMedium.css-1dybbl5-MuiChip-label.MuiChip-label"
E2E core flows (chromium)	UNKNOWN STEP	            ],
E2E core flows (chromium)	UNKNOWN STEP	            "failureSummary": "Fix any of the following:\n  Element has insufficient color contrast of 2.15 (foreground color: #84aede, background color: #f0f8fe, font size: 9.8pt (13px), font weight: normal). Expected contrast ratio of 4.5:1"
E2E core flows (chromium)	UNKNOWN STEP	          },
E2E core flows (chromium)	UNKNOWN STEP	          {
E2E core flows (chromium)	UNKNOWN STEP	            "any": [
E2E core flows (chromium)	UNKNOWN STEP	              {
E2E core flows (chromium)	UNKNOWN STEP	                "id": "color-contrast",
E2E core flows (chromium)	UNKNOWN STEP	                "data": {
E2E core flows (chromium)	UNKNOWN STEP	                  "fgColor": "#866593",
E2E core flows (chromium)	UNKNOWN STEP	                  "bgColor": "#c6cebf",
E2E core flows (chromium)	UNKNOWN STEP	                  "contrastRatio": 3.02,
E2E core flows (chromium)	UNKNOWN STEP	                  "fontSize": "9.8pt (13px)",
E2E core flows (chromium)	UNKNOWN STEP	                  "fontWeight": "normal",
E2E core flows (chromium)	UNKNOWN STEP	                  "messageKey": null,
E2E core flows (chromium)	UNKNOWN STEP	                  "expectedContrastRatio": "4.5:1"
E2E core flows (chromium)	UNKNOWN STEP	                },
E2E core flows (chromium)	UNKNOWN STEP	                "relatedNodes": [
E2E core flows (chromium)	UNKNOWN STEP	                  {
E2E core flows (chromium)	UNKNOWN STEP	                    "html": "<div class=\"MuiChip-root MuiChip-filled MuiChip-sizeMedium MuiChip-colorDefault MuiChip-filledDefault css-1356ida-MuiChip-root\">",
E2E core flows (chromium)	UNKNOWN STEP	                    "target": [
E2E core flows (chromium)	UNKNOWN STEP	                      ".css-1356ida-MuiChip-root"
E2E core flows (chromium)	UNKNOWN STEP	                    ]
E2E core flows (chromium)	UNKNOWN STEP	                  }
E2E core flows (chromium)	UNKNOWN STEP	                ],
E2E core flows (chromium)	UNKNOWN STEP	                "impact": "serious",
E2E core flows (chromium)	UNKNOWN STEP	                "message": "Element has insufficient color contrast of 3.02 (foreground color: #866593, background color: #c6cebf, font size: 9.8pt (13px), font weight: normal). Expected contrast ratio of 4.5:1"
E2E core flows (chromium)	UNKNOWN STEP	              }
E2E core flows (chromium)	UNKNOWN STEP	            ],
E2E core flows (chromium)	UNKNOWN STEP	            "all": [],
E2E core flows (chromium)	UNKNOWN STEP	            "none": [],
E2E core flows (chromium)	UNKNOWN STEP	            "impact": "serious",
E2E core flows (chromium)	UNKNOWN STEP	            "html": "<span class=\"MuiChip-label MuiChip-labelMedium css-1dybbl5-MuiChip-label\">10,000 Simulations</span>",
E2E core flows (chromium)	UNKNOWN STEP	            "target": [
E2E core flows (chromium)	UNKNOWN STEP	              ".css-1356ida-MuiChip-root > .MuiChip-labelMedium.css-1dybbl5-MuiChip-label.MuiChip-label"
E2E core flows (chromium)	UNKNOWN STEP	            ],
E2E core flows (chromium)	UNKNOWN STEP	            "failureSummary": "Fix any of the following:\n  Element has insufficient color contrast of 3.02 (foreground color: #866593, background color: #c6cebf, font size: 9.8pt (13px), font weight
E2E core flows (chromium)	UNKNOWN STEP	2026-09-13T08:39:20.8173794Z ×±
E2E core flows (chromium)	UNKNOWN STEP	2026-09-13T08:39:20.8569794Z ##[error]  5) [chromium] › tests/e2e/core-flows/persona-followup.spec.js:475:9 › R01–R07 /guide keyboard, contrast, themes and viewport 390 
E2E core flows (chromium)	UNKNOWN STEP	    Error: [
E2E core flows (chromium)	UNKNOWN STEP	      {
E2E core flows (chromium)	UNKNOWN STEP	        "id": "color-contrast",
E2E core flows (chromium)	UNKNOWN STEP	        "impact": "serious",
E2E core flows (chromium)	UNKNOWN STEP	        "tags": [
E2E core flows (chromium)	UNKNOWN STEP	          "cat.color",
E2E core flows (chromium)	UNKNOWN STEP	          "wcag2aa",
E2E core flows (chromium)	UNKNOWN STEP	          "wcag143",
E2E core flows (chromium)	UNKNOWN STEP	          "TTv5",
E2E core flows (chromium)	UNKNOWN STEP	          "TT13.c",
E2E core flows (chromium)	UNKNOWN STEP	          "EN-301-549",
E2E core flows (chromium)	UNKNOWN STEP	          "EN-9.1.4.3",
E2E core flows (chromium)	UNKNOWN STEP	          "ACT",
E2E core flows (chromium)	UNKNOWN STEP	          "RGAAv4",
E2E core flows (chromium)	UNKNOWN STEP	          "RGAA-3.2.1"
E2E core flows (chromium)	UNKNOWN STEP	        ],
E2E core flows (chromium)	UNKNOWN STEP	        "description": "Ensure the contrast between foreground and background colors meets WCAG 2 AA minimum contrast ratio thresholds",
E2E core flows (chromium)	UNKNOWN STEP	        "help": "Elements must meet minimum color contrast ratio thresholds",
E2E core flows (chromium)	UNKNOWN STEP	        "helpUrl": "https://dequeuniversity.com/rules/axe/4.11/color-contrast?application=playwright",
E2E core flows (chromium)	UNKNOWN STEP	        "nodes": [
E2E core flows (chromium)	UNKNOWN STEP	          {
E2E core flows (chromium)	UNKNOWN STEP	            "any": [
E2E core flows (chromium)	UNKNOWN STEP	              {
E2E core flows (chromium)	UNKNOWN STEP	                "id": "color-contrast",
E2E core flows (chromium)	UNKNOWN STEP	                "data": {
E2E core flows (chromium)	UNKNOWN STEP	                  "fgColor": "#868686",
E2E core flows (chromium)	UNKNOWN STEP	                  "bgColor": "#ffffff",
E2E core flows (chromium)	UNKNOWN STEP	                  "contrastRatio": 3.64,
E2E core flows (chromium)	UNKNOWN STEP	                  "fontSize": "12.0pt (16px)",
E2E core flows (chromium)	UNKNOWN STEP	                  "fontWeight": "bold",
E2E core flows (chromium)	UNKNOWN STEP	                  "messageKey": null,
E2E core flows (chromium)	UNKNOWN STEP	                  "expectedContrastRatio": "4.5:1"
E2E core flows (chromium)	UNKNOWN STEP	                },
E2E core flows (chromium)	UNKNOWN STEP	                "relatedNodes": [
E2E core flows (chromium)	UNKNOWN STEP	                  {
E2E core flows (chromium)	UNKNOWN STEP	                    "html": "<div class=\"MuiPaper-root MuiPaper-elevation MuiPaper-rounded MuiPaper-elevation0 MuiCard-root css-xisrc6-MuiPaper-root-MuiCard-root\">",
E2E core flows (chromium)	UNKNOWN STEP	                    "target": [
E2E core flows (chromium)	UNKNOWN STEP	                      ".css-xisrc6-MuiPaper-root-MuiCard-root"
E2E core flows (chromium)	UNKNOWN STEP	                    ]
E2E core flows (chromium)	UNKNOWN STEP	                  }
E2E core flows (chromium)	UNKNOWN STEP	                ],
E2E core flows (chromium)	UNKNOWN STEP	                "impact": "serious",
E2E core flows (chromium)	UNKNOWN STEP	                "message": "Element has insufficient color contrast of 3.64 (foreground color: #868686, background color: #ffffff, font size: 12.0pt (16px), font weight: bold). Expected contrast ratio of 4.5:1"
E2E core flows (chromium)	UNKNOWN STEP	              }
E2E core flows (chromium)	UNKNOWN STEP	            ],
E2E core flows (chromium)	UNKNOWN STEP	            "all": [],
E2E core flows (chromium)	UNKNOWN STEP	            "none": [],
E2E core flows (chromium)	UNKNOWN STEP	            "impact": "serious",
E2E core flows (chromium)	UNKNOWN STEP	            "html": "<h6 class=\"MuiTypography-root MuiTypography-h6 css-17sn6wo-MuiTypography-root\">1. Castability</h6>",
E2E core flows (chromium)	UNKNOWN STEP	            "target": [
E2E core flows (chromium)	UNKNOWN STEP	              ".css-xisrc6-MuiPaper-root-MuiCard-root > .MuiCardContent-root.css-17pmaar-MuiCardContent-root > .css-ukdiqv.MuiBox-root > .css-0.MuiBox-root > .css-17sn6wo-MuiTypography-root.MuiTypography-h6"
E2E core flows (chromium)	UNKNOWN STEP	            ],
E2E core flows (chromium)	UNKNOWN STEP	            "failureSummary": "Fix any of the following:\n  Element has insufficient color contrast of 3.64 (foreground color: #868686, background color: #ffffff, font size: 12.0pt (16px), font weight: bold). Expected contrast ratio of 4.5:1"
E2E core flows (chromium)	UNKNOWN STEP	          },
E2E core flows (chromium)	UNKNOWN STEP	          {
E2E core flows (chromium)	UNKNOWN STEP	            "any": [
E2E core flows (chromium)	UNKNOWN STEP	              {
E2E core flows (chromium)	UNKNOWN STEP	                "id": "color-contrast",
E2E core flows (chromium)	UNKNOWN STEP	                "data": {
E2E core flows (chromium)	UNKNOWN STEP	                  "fgColor": "#ffffff",
E2E core flows (chromium)	UNKNOWN STEP	                  "bgColor": "#7f9ecd",
E2E core flows (chromium)	UNKNOWN STEP	                  "contrastRatio": 2.73,
E2E core flows (chromium)	UNKNOWN STEP	                  "fontSize": "8.4pt (11.2px)",
E2E core flows (chromium)	UNKNOWN STEP	                  "fontWeight": "normal",
E2E core flows (chromium)	UNKNOWN STEP	                  "messageKey": null,
E2E core flows (chromium)	UNKNOWN STEP	                  "expectedContrastRatio": "4.5:1"
E2E core flows (chromium)	UNKNOWN STEP	                },
E2E core flows (chromium)	UNKNOWN STEP	                "relatedNodes": [
E2E core flows (chromium)	UNKNOWN STEP	                  {
E2E core flows (chromium)	UNKNOWN STEP	                    "html": "<div class=\"MuiChip-root MuiChip-filled MuiChip-sizeSmall MuiChip-colorDefault MuiChip-filledDefault css-1wy5k0x-MuiChip-root\"><span class=\"MuiChip-label MuiChip-labelSmall css-t3ycia-MuiChip-label\">Core Feature</span></div>",
E2E core flows (chromium)	UNKNOWN STEP	                    "target": [
E2E core flows (chromium)	UNKNOWN STEP	                      ".css-1wy5k0x-MuiChip-root"
E2E core flows (chromium)	UNKNOWN STEP	                    ]
E2E core flows (chromium)	UNKNOWN STEP	                  }
E2E core flows (chromium)	UNKNOWN STEP	                ],
E2E core flows (chromium)	UNKNOWN STEP	                "impact": "serious",
E2E core flows (chromium)	UNKNOWN STEP	                "message": "Element has insufficient color contrast of 2.73 (foreground color: #ffffff, background color: #7f9ecd, font size: 8.4pt (11.2px), font weight: normal). Expected contrast ratio of 4.5:1"
E2E core flows (chromium)	UNKNOWN STEP	              }
E2E core flows (chromium)	UNKNOWN STEP	            ],
E2E core flows (chromium)	UNKNOWN STEP	            "all": [],
E2E core flows (chromium)	UNKNOWN STEP	            "none": [],
E2E core flows (chromium)	UNKNOWN STEP	            "impact": "serious",
E2E core flows (chromium)	UNKNOWN STEP	            "html": "<span class=\"MuiChip-label MuiChip-labelSmall css-t3ycia-MuiChip-label\">Core Feature</span>",
E2E core flows (chromium)	UNKNOWN STEP	            "target": [
E2E core flows (chromium)	UNKNOWN STEP	              ".css-1wy5k0x-MuiChip-root > .css-t3ycia-MuiChip-label.MuiChip-label.MuiChip-labelSmall"
E2E core flows (chromium)	UNKNOWN STEP	            ]
E2E core flows (chromium)	UNKNOWN STEP	2026-09-13T08:40:44.7440346Z ····××F
E2E core flows (chromium)	UNKNOWN STEP	2026-09-13T08:40:44.7491485Z ##[error]  6) [chromium] › tests/e2e/core-flows/persona-followup.spec.js:475:9 › R01–R07 /library keyboard, contrast, themes and viewport 1440 
E2E core flows (chromium)	UNKNOWN STEP	    Error: [
E2E core flows (chromium)	UNKNOWN STEP	      {
E2E core flows (chromium)	UNKNOWN STEP	        "id": "color-contrast",
E2E core flows (chromium)	UNKNOWN STEP	        "impact": "serious",
E2E core flows (chromium)	UNKNOWN STEP	        "tags": [
E2E core flows (chromium)	UNKNOWN STEP	          "cat.color",
E2E core flows (chromium)	UNKNOWN STEP	          "wcag2aa",
E2E core flows (chromium)	UNKNOWN STEP	          "wcag143",
E2E core flows (chromium)	UNKNOWN STEP	          "TTv5",
E2E core flows (chromium)	UNKNOWN STEP	          "TT13.c",
E2E core flows (chromium)	UNKNOWN STEP	          "EN-301-549",
E2E core flows (chromium)	UNKNOWN STEP	          "EN-9.1.4.3",
E2E core flows (chromium)	UNKNOWN STEP	          "ACT",
E2E core flows (chromium)	UNKNOWN STEP	          "RGAAv4",
E2E core flows (chromium)	UNKNOWN STEP	          "RGAA-3.2.1"
E2E core flows (chromium)	UNKNOWN STEP	        ],
E2E core flows (chromium)	UNKNOWN STEP	        "description": "Ensure the contrast between foreground and background colors meets WCAG 2 AA minimum contrast ratio thresholds",
E2E core flows (chromium)	UNKNOWN STEP	        "help": "Elements must meet minimum color contrast ratio thresholds",
E2E core flows (chromium)	UNKNOWN STEP	        "helpUrl": "https://dequeuniversity.com/rules/axe/4.11/color-contrast?application=playwright",
E2E core flows (chromium)	UNKNOWN STEP	        "nodes": [
E2E core flows (chromium)	UNKNOWN STEP	          {
E2E core flows (chromium)	UNKNOWN STEP	            "any": [
E2E core flows (chromium)	UNKNOWN STEP	              {
E2E core flows (chromium)	UNKNOWN STEP	                "id": "color-contrast",
E2E core flows (chromium)	UNKNOWN STEP	                "data": {
E2E core flows (chromium)	UNKNOWN STEP	                  "fgColor": "#2c2c2c",
E2E core flows (chromium)	UNKNOWN STEP	                  "bgColor": "#121214",
E2E core flows (chromium)	UNKNOWN STEP	                  "contrastRatio": 1.33,
E2E core flows (chromium)	UNKNOWN STEP	                  "fontSize": "12.6pt (16.8px)",
E2E core flows (chromium)	UNKNOWN STEP	                  "fontWeight": "bold",
E2E core flows (chromium)	UNKNOWN STEP	                  "messageKey": null,
E2E core flows (chromium)	UNKNOWN STEP	                  "expectedContrastRatio": "4.5:1"
E2E core flows (chromium)	UNKNOWN STEP	                },
E2E core flows (chromium)	UNKNOWN STEP	                "relatedNodes": [
E2E core flows (chromium)	UNKNOWN STEP	                  {
E2E core flows (chromium)	UNKNOWN STEP	                    "html": "<div class=\"MuiPaper-root MuiPaper-elevation MuiPaper-rounded MuiPaper-elevation0 MuiCard-root css-buqcm8-MuiPaper-root-MuiCard-root\" id=\"article-wizards-commander-brackets-2024\">",
E2E core flows (chromium)	UNKNOWN STEP	                    "target": [
E2E core flows (chromium)	UNKNOWN STEP	                      ".css-9o90yh > .css-buqcm8-MuiPaper-root-MuiCard-root.MuiCard-root.MuiPaper-rounded"
E2E core flows (chromium)	UNKNOWN STEP	                    ]
E2E core flows (chromium)	UNKNOWN STEP	                  },
E2E core flows (chromium)	UNKNOWN STEP	                  {
E2E core flows (chromium)	UNKNOWN STEP	                    "html": "<body>",
E2E core flows (chromium)	UNKNOWN STEP	                    "target": [
E2E core flows (chromium)	UNKNOWN STEP	                      "body"
E2E core flows (chromium)	UNKNOWN STEP	                    ]
E2E core flows (chromium)	UNKNOWN STEP	                  }
E2E core flows (chromium)	UNKNOWN STEP	                ],
E2E core flows (chromium)	UNKNOWN STEP	                "impact": "serious",
E2E core flows (chromium)	UNKNOWN STEP	                "message": "Element has insufficient color contrast of 1.33 (foreground color: #2c2c2c, background color: #121214, font size: 12.6pt (16.8px), font weight: bold). Expected contrast ratio of 4.5:1"
E2E core flows (chromium)	UNKNOWN STEP	              }
E2E core flows (chromium)	UNKNOWN STEP	            ],
E2E core flows (chromium)	UNKNOWN STEP	            "all": [],
E2E core flows (chromium)	UNKNOWN STEP	            "none": [],
E2E core flows (chromium)	UNKNOWN STEP	            "impact": "serious",
E2E core flows (chromium)	UNKNOWN STEP	            "html": "<a class=\"MuiTypography-root MuiTypography-inherit MuiLink-root MuiLink-underlineHover css-13xbv5x-MuiTypography-root-MuiLink-root\" href=\"/library/wizards-commander-brackets-2024\" data-discover=\"true\">Introducing Commander Brackets</a>",
E2E core flows (chromium)	UNKNOWN STEP	            "target": [
E2E core flows (chromium)	UNKNOWN STEP	              ".css-9o90yh > .css-buqcm8-MuiPaper-root-MuiCard-root.MuiCard-root.MuiPaper-rounded > .MuiCardContent-root.css-ctkb6f-MuiCardContent-root > .css-1s0lv8i-MuiTypography-root.MuiTypography-h6 > .css-13xbv5x-MuiTypography-root-MuiLink-root.MuiLink-underlineHover[data-discover=\"true\"]"
E2E core flows (chromium)	UNKNOWN STEP	            ],
E2E core flows (chromium)	UNKNOWN STEP	            "failureSummary": "Fix any of the following:\n  Element has insufficient color contrast of 1.33 (foreground color: #2c2c2c, background color: #121214, font size: 12.6pt (16.8px), font weight: bold). Expected contrast ratio of 4.5:1"
E2E core flows (chromium)	UNKNOWN STEP	          }
E2E core flows (chromium)	UNKNOWN STEP	        ]
E2E core flows (chromium)	UNKNOWN STEP	      }
E2E core flows (chromium)	UNKNOWN STEP	    ]
E2E core flows (chromium)	UNKNOWN STEP	
E2E core flows (chromium)	UNKNOWN STEP	    expect(received).toEqual(expected) // deep equality
E2E core flows (chromium)	UNKNOWN STEP	
E2E core flows (chromium)	UNKNOWN STEP	    - Expected  -  1
E2E core flows (chromium)	UNKNOWN STEP	    + Received  + 64
E2E core flows (chromium)	UNKNOWN STEP	
E2E core flows (chromium)	UNKNOWN STEP	    - Array []
E2E core flows (chromium)	UNKNOWN STEP	    + Array [
E2E core flows (chromium)	UNKNOWN STEP	    +   Object {
E2E core flows (chromium)	UNKNOWN STEP	    +     "description": "Ensure the contrast between foreground and background colors meets WCAG 2 AA minimum contrast ratio thresholds",
E2E core flows (chromium)	UNKNOWN STEP	    +     "help": "Elements must meet minimum color contrast ratio thresholds",
E2E core flows (chromium)	UNKNOWN STEP	    +     "helpUrl": "https://dequeuniversity.com/rules/axe/4.11/color-contrast?application=playwright",
E2E core flows (chromium)	UNKNOWN STEP	    +     "id": "color-contrast",
E2E core flows (chromium)	UNKNOWN STEP	    +     "impact": "serious",
E2E core flows (chromium)	UNKNOWN STEP	    +     "nodes": Array [
E2E core flows (chromium)	UNKNOWN STEP	    +       Object {
E2E core flows (chromium)	UNKNOWN STEP	    +         "all": Array [],
E2E core flows (chromium)	UNKNOWN STEP	    +         "any": Array [
E2E core flows (chromium)	UNKNOWN STEP	    +           Object {
E2E core flows (chromium)	UNKNOWN STEP	    +             "data": Object {
E2E core flows (chromium)	UNKNOWN STEP	    +               "bgColor": "#121214",
E2E core flows (chromium)	UNKNOWN STEP	    +               "contrastRatio": 1.33,
E2E core flows (chromium)	UNKNOWN STEP	    +               "expectedContrastRatio": "4.5:1",
E2E core flows (chromium)	UNKNOWN STEP	    +               "fgColor": "#2c2c2c",
E2E core flows (chromium)	UNKNOWN STEP	    +               "fontSize": "12.6pt (16.8px)",
E2E core flows (chromium)	UNKNOWN STEP	    +               "fontWeight": "bold",
E2E core flows (chromium)	UNKNOWN STEP	    +           
E2E core flows (chromium)	UNKNOWN STEP	2026-09-13T08:40:44.7567246Z ##[error]  6) [chromium] › tests/e2e/core-flows/persona-followup.spec.js:475:9 › R01–R07 /library keyboard, contrast, themes and viewport 1440 
E2E core flows (chromium)	UNKNOWN STEP	
E2E core flows (chromium)	UNKNOWN STEP	    Retry #1 ───────────────────────────────────────────────────────────────────────────────────────
E2E core flows (chromium)	UNKNOWN STEP	    Error: [
E2E core flows (chromium)	UNKNOWN STEP	      {
E2E core flows (chromium)	UNKNOWN STEP	        "id": "color-contrast",
E2E core flows (chromium)	UNKNOWN STEP	        "impact": "serious",
E2E core flows (chromium)	UNKNOWN STEP	        "tags": [
E2E core flows (chromium)	UNKNOWN STEP	          "cat.color",
E2E core flows (chromium)	UNKNOWN STEP	          "wcag2aa",
E2E core flows (chromium)	UNKNOWN STEP	          "wcag143",
E2E core flows (chromium)	UNKNOWN STEP	          "TTv5",
E2E core flows (chromium)	UNKNOWN STEP	          "TT13.c",
E2E core flows (chromium)	UNKNOWN STEP	          "EN-301-549",
E2E core flows (chromium)	UNKNOWN STEP	          "EN-9.1.4.3",
E2E core flows (chromium)	UNKNOWN STEP	          "ACT",
E2E core flows (chromium)	UNKNOWN STEP	          "RGAAv4",
E2E core flows (chromium)	UNKNOWN STEP	          "RGAA-3.2.1"
E2E core flows (chromium)	UNKNOWN STEP	        ],
E2E core flows (chromium)	UNKNOWN STEP	        "description": "Ensure the contrast between foreground and background colors meets WCAG 2 AA minimum contrast ratio thresholds",
E2E core flows (chromium)	UNKNOWN STEP	        "help": "Elements must meet minimum color contrast ratio thresholds",
E2E core flows (chromium)	UNKNOWN STEP	        "helpUrl": "https://dequeuniversity.com/rules/axe/4.11/color-contrast?application=playwright",
E2E core flows (chromium)	UNKNOWN STEP	        "nodes": [
E2E core flows (chromium)	UNKNOWN STEP	          {
E2E core flows (chromium)	UNKNOWN STEP	            "any": [
E2E core flows (chromium)	UNKNOWN STEP	              {
E2E core flows (chromium)	UNKNOWN STEP	                "id": "color-contrast",
E2E core flows (chromium)	UNKNOWN STEP	                "data": {
E2E core flows (chromium)	UNKNOWN STEP	                  "fgColor": "#2c2c2c",
E2E core flows (chromium)	UNKNOWN STEP	                  "bgColor": "#121214",
E2E core flows (chromium)	UNKNOWN STEP	                  "contrastRatio": 1.33,
E2E core flows (chromium)	UNKNOWN STEP	                  "fontSize": "12.6pt (16.8px)",
E2E core flows (chromium)	UNKNOWN STEP	                  "fontWeight": "bold",
E2E core flows (chromium)	UNKNOWN STEP	                  "messageKey": null,
E2E core flows (chromium)	UNKNOWN STEP	                  "expectedContrastRatio": "4.5:1"
E2E core flows (chromium)	UNKNOWN STEP	                },
E2E core flows (chromium)	UNKNOWN STEP	                "relatedNodes": [
E2E core flows (chromium)	UNKNOWN STEP	                  {
E2E core flows (chromium)	UNKNOWN STEP	                    "html": "<div class=\"MuiPaper-root MuiPaper-elevation MuiPaper-rounded MuiPaper-elevation0 MuiCard-root css-buqcm8-MuiPaper-root-MuiCard-root\" id=\"article-wizards-commander-brackets-2024\">",
E2E core flows (chromium)	UNKNOWN STEP	                    "target": [
E2E core flows (chromium)	UNKNOWN STEP	                      ".css-9o90yh > .css-buqcm8-MuiPaper-root-MuiCard-root.MuiCard-root.MuiPaper-rounded"
E2E core flows (chromium)	UNKNOWN STEP	                    ]
E2E core flows (chromium)	UNKNOWN STEP	                  },
E2E core flows (chromium)	UNKNOWN STEP	                  {
E2E core flows (chromium)	UNKNOWN STEP	                    "html": "<body>",
E2E core flows (chromium)	UNKNOWN STEP	                    "target": [
E2E core flows (chromium)	UNKNOWN STEP	                      "body"
E2E core flows (chromium)	UNKNOWN STEP	                    ]
E2E core flows (chromium)	UNKNOWN STEP	                  }
E2E core flows (chromium)	UNKNOWN STEP	                ],
E2E core flows (chromium)	UNKNOWN STEP	                "impact": "serious",
E2E core flows (chromium)	UNKNOWN STEP	                "message": "Element has insufficient color contrast of 1.33 (foreground color: #2c2c2c, background color: #121214, font size: 12.6pt (16.8px), font weight: bold). Expected contrast ratio of 4.5:1"
E2E core flows (chromium)	UNKNOWN STEP	              }
E2E core flows (chromium)	UNKNOWN STEP	            ],
E2E core flows (chromium)	UNKNOWN STEP	            "all": [],
E2E core flows (chromium)	UNKNOWN STEP	            "none": [],
E2E core flows (chromium)	UNKNOWN STEP	            "impact": "serious",
E2E core flows (chromium)	UNKNOWN STEP	            "html": "<a class=\"MuiTypography-root MuiTypography-inherit MuiLink-root MuiLink-underlineHover css-13xbv5x-MuiTypography-root-MuiLink-root\" href=\"/library/wizards-commander-brackets-2024\" data-discover=\"true\">Introducing Commander Brackets</a>",
E2E core flows (chromium)	UNKNOWN STEP	            "target": [
E2E core flows (chromium)	UNKNOWN STEP	              ".css-9o90yh > .css-buqcm8-MuiPaper-root-MuiCard-root.MuiCard-root.MuiPaper-rounded > .MuiCardContent-root.css-ctkb6f-MuiCardContent-root > .css-1s0lv8i-MuiTypography-root.MuiTypography-h6 > .css-13xbv5x-MuiTypography-root-MuiLink-root.MuiLink-underlineHover[data-discover=\"true\"]"
E2E core flows (chromium)	UNKNOWN STEP	            ],
E2E core flows (chromium)	UNKNOWN STEP	            "failureSummary": "Fix any of the following:\n  Element has insufficient color contrast of 1.33 (foreground color: #2c2c2c, background color: #121214, font size: 12.6pt (16.8px), font weight: bold). Expected contrast ratio of 4.5:1"
E2E core flows (chromium)	UNKNOWN STEP	          }
E2E core flows (chromium)	UNKNOWN STEP	        ]
E2E core flows (chromium)	UNKNOWN STEP	      }
E2E core flows (chromium)	UNKNOWN STEP	    ]
E2E core flows (chromium)	UNKNOWN STEP	
E2E core flows (chromium)	UNKNOWN STEP	    expect(received).toEqual(expected) // deep equality
E2E core flows (chromium)	UNKNOWN STEP	
E2E core flows (chromium)	UNKNOWN STEP	    - Expected  -  1
E2E core flows (chromium)	UNKNOWN STEP	    + Received  + 64
E2E core flows (chromium)	UNKNOWN STEP	
E2E core flows (chromium)	UNKNOWN STEP	    - Array []
E2E core flows (chromium)	UNKNOWN STEP	    + Array [
E2E core flows (chromium)	UNKNOWN STEP	    +   Object {
E2E core flows (chromium)	UNKNOWN STEP	    +     "description": "Ensure the contrast between foreground and background colors meets WCAG 2 AA minimum contrast ratio thresholds",
E2E core flows (chromium)	UNKNOWN STEP	    +     "help": "Elements must meet minimum color contrast ratio thresholds",
E2E core flows (chromium)	UNKNOWN STEP	    +     "helpUrl": "https://dequeuniversity.com/rules/axe/4.11/color-contrast?application=playwright",
E2E core flows (chromium)	UNKNOWN STEP	    +     "id": "color-contrast",
E2E core flows (chromium)	UNKNOWN STEP	    +     "impact": "serious",
E2E core flows (chromium)	UNKNOWN STEP	    +     "nodes": Array [
E2E core flows (chromium)	UNKNOWN STEP	    +       Object {
E2E core flows (chromium)	UNKNOWN STEP	    +         "all": Array [],
E2E core flows (chromium)	UNKNOWN STEP	    +         "any": Array [
E2E core flows (chromium)	UNKNOWN STEP	    +           Object {
E2E core flows (chromium)	UNKNOWN STEP	    +             "data": Object {
E2E core flows (chromium)	UNKNOWN STEP	    +               "bgColor": "#121214",
E2E core flows (chromium)	UNKNOWN STEP	    +               "contrastRatio": 1.33,
E2E core flows (chromium)	UNKNOWN STEP	    +               "expectedContrastRatio": "4.5:1",
E2E core flows (chromium)	UNKNOWN STEP	    +               "fgColor": "#2c2c2c",
E2E core flows (chromium)	UNKNOWN STEP	    +  
E2E core flows (chromium)	UNKNOWN STEP	2026-09-13T08:40:44.7642536Z ##[error]  6) [chromium] › tests/e2e/core-flows/persona-followup.spec.js:475:9 › R01–R07 /library keyboard, contrast, themes and viewport 1440 
E2E core flows (chromium)	UNKNOWN STEP	
E2E core flows (chromium)	UNKNOWN STEP	    Retry #2 ───────────────────────────────────────────────────────────────────────────────────────
E2E core flows (chromium)	UNKNOWN STEP	    Error: [
E2E core flows (chromium)	UNKNOWN STEP	      {
E2E core flows (chromium)	UNKNOWN STEP	        "id": "color-contrast",
E2E core flows (chromium)	UNKNOWN STEP	        "impact": "serious",
E2E core flows (chromium)	UNKNOWN STEP	        "tags": [
E2E core flows (chromium)	UNKNOWN STEP	          "cat.color",
E2E core flows (chromium)	UNKNOWN STEP	          "wcag2aa",
E2E core flows (chromium)	UNKNOWN STEP	          "wcag143",
E2E core flows (chromium)	UNKNOWN STEP	          "TTv5",
E2E core flows (chromium)	UNKNOWN STEP	          "TT13.c",
E2E core flows (chromium)	UNKNOWN STEP	          "EN-301-549",
E2E core flows (chromium)	UNKNOWN STEP	          "EN-9.1.4.3",
E2E core flows (chromium)	UNKNOWN STEP	          "ACT",
E2E core flows (chromium)	UNKNOWN STEP	          "RGAAv4",
E2E core flows (chromium)	UNKNOWN STEP	          "RGAA-3.2.1"
E2E core flows (chromium)	UNKNOWN STEP	        ],
E2E core flows (chromium)	UNKNOWN STEP	        "description": "Ensure the contrast between foreground and background colors meets WCAG 2 AA minimum contrast ratio thresholds",
E2E core flows (chromium)	UNKNOWN STEP	        "help": "Elements must meet minimum color contrast ratio thresholds",
E2E core flows (chromium)	UNKNOWN STEP	        "helpUrl": "https://dequeuniversity.com/rules/axe/4.11/color-contrast?application=playwright",
E2E core flows (chromium)	UNKNOWN STEP	        "nodes": [
E2E core flows (chromium)	UNKNOWN STEP	          {
E2E core flows (chromium)	UNKNOWN STEP	            "any": [
E2E core flows (chromium)	UNKNOWN STEP	              {
E2E core flows (chromium)	UNKNOWN STEP	                "id": "color-contrast",
E2E core flows (chromium)	UNKNOWN STEP	                "data": {
E2E core flows (chromium)	UNKNOWN STEP	                  "fgColor": "#2c2c2c",
E2E core flows (chromium)	UNKNOWN STEP	                  "bgColor": "#121214",
E2E core flows (chromium)	UNKNOWN STEP	                  "contrastRatio": 1.33,
E2E core flows (chromium)	UNKNOWN STEP	                  "fontSize": "12.6pt (16.8px)",
E2E core flows (chromium)	UNKNOWN STEP	                  "fontWeight": "bold",
E2E core flows (chromium)	UNKNOWN STEP	                  "messageKey": null,
E2E core flows (chromium)	UNKNOWN STEP	                  "expectedContrastRatio": "4.5:1"
E2E core flows (chromium)	UNKNOWN STEP	                },
E2E core flows (chromium)	UNKNOWN STEP	                "relatedNodes": [
E2E core flows (chromium)	UNKNOWN STEP	                  {
E2E core flows (chromium)	UNKNOWN STEP	                    "html": "<div class=\"MuiPaper-root MuiPaper-elevation MuiPaper-rounded MuiPaper-elevation0 MuiCard-root css-buqcm8-MuiPaper-root-MuiCard-root\" id=\"article-wizards-commander-brackets-2024\">",
E2E core flows (chromium)	UNKNOWN STEP	                    "target": [
E2E core flows (chromium)	UNKNOWN STEP	                      ".css-9o90yh > .css-buqcm8-MuiPaper-root-MuiCard-root.MuiCard-root.MuiPaper-rounded"
E2E core flows (chromium)	UNKNOWN STEP	                    ]
E2E core flows (chromium)	UNKNOWN STEP	                  },
E2E core flows (chromium)	UNKNOWN STEP	                  {
E2E core flows (chromium)	UNKNOWN STEP	                    "html": "<body>",
E2E core flows (chromium)	UNKNOWN STEP	                    "target": [
E2E core flows (chromium)	UNKNOWN STEP	                      "body"
E2E core flows (chromium)	UNKNOWN STEP	                    ]
E2E core flows (chromium)	UNKNOWN STEP	                  }
E2E core flows (chromium)	UNKNOWN STEP	                ],
E2E core flows (chromium)	UNKNOWN STEP	                "impact": "serious",
E2E core flows (chromium)	UNKNOWN STEP	                "message": "Element has insufficient color contrast of 1.33 (foreground color: #2c2c2c, background color: #121214, font size: 12.6pt (16.8px), font weight: bold). Expected contrast ratio of 4.5:1"
E2E core flows (chromium)	UNKNOWN STEP	              }
E2E core flows (chromium)	UNKNOWN STEP	            ],
E2E core flows (chromium)	UNKNOWN STEP	            "all": [],
E2E core flows (chromium)	UNKNOWN STEP	            "none": [],
E2E core flows (chromium)	UNKNOWN STEP	            "impact": "serious",
E2E core flows (chromium)	UNKNOWN STEP	            "html": "<a class=\"MuiTypography-root MuiTypography-inherit MuiLink-root MuiLink-underlineHover css-13xbv5x-MuiTypography-root-MuiLink-root\" href=\"/library/wizards-commander-brackets-2024\" data-discover=\"true\">Introducing Commander Brackets</a>",
E2E core flows (chromium)	UNKNOWN STEP	            "target": [
E2E core flows (chromium)	UNKNOWN STEP	              ".css-9o90yh > .css-buqcm8-MuiPaper-root-MuiCard-root.MuiCard-root.MuiPaper-rounded > .MuiCardContent-root.css-ctkb6f-MuiCardContent-root > .css-1s0lv8i-MuiTypography-root.MuiTypography-h6 > .css-13xbv5x-MuiTypography-root-MuiLink-root.MuiLink-underlineHover[data-discover=\"true\"]"
E2E core flows (chromium)	UNKNOWN STEP	            ],
E2E core flows (chromium)	UNKNOWN STEP	            "failureSummary": "Fix any of the following:\n  Element has insufficient color contrast of 1.33 (foreground color: #2c2c2c, background color: #121214, font size: 12.6pt (16.8px), font weight: bold). Expected contrast ratio of 4.5:1"
E2E core flows (chromium)	UNKNOWN STEP	          }
E2E core flows (chromium)	UNKNOWN STEP	        ]
E2E core flows (chromium)	UNKNOWN STEP	      }
E2E core flows (chromium)	UNKNOWN STEP	    ]
E2E core flows (chromium)	UNKNOWN STEP	
E2E core flows (chromium)	UNKNOWN STEP	    expect(received).toEqual(expected) // deep equality
E2E core flows (chromium)	UNKNOWN STEP	
E2E core flows (chromium)	UNKNOWN STEP	    - Expected  -  1
E2E core flows (chromium)	UNKNOWN STEP	    + Received  + 64
E2E core flows (chromium)	UNKNOWN STEP	
E2E core flows (chromium)	UNKNOWN STEP	    - Array []
E2E core flows (chromium)	UNKNOWN STEP	    + Array [
E2E core flows (chromium)	UNKNOWN STEP	    +   Object {
E2E core flows (chromium)	UNKNOWN STEP	    +     "description": "Ensure the contrast between foreground and background colors meets WCAG 2 AA minimum contrast ratio thresholds",
E2E core flows (chromium)	UNKNOWN STEP	    +     "help": "Elements must meet minimum color contrast ratio thresholds",
E2E core flows (chromium)	UNKNOWN STEP	    +     "helpUrl": "https://dequeuniversity.com/rules/axe/4.11/color-contrast?application=playwright",
E2E core flows (chromium)	UNKNOWN STEP	    +     "id": "color-contrast",
E2E core flows (chromium)	UNKNOWN STEP	    +     "impact": "serious",
E2E core flows (chromium)	UNKNOWN STEP	    +     "nodes": Array [
E2E core flows (chromium)	UNKNOWN STEP	    +       Object {
E2E core flows (chromium)	UNKNOWN STEP	    +         "all": Array [],
E2E core flows (chromium)	UNKNOWN STEP	    +         "any": Array [
E2E core flows (chromium)	UNKNOWN STEP	    +           Object {
E2E core flows (chromium)	UNKNOWN STEP	    +             "data": Object {
E2E core flows (chromium)	UNKNOWN STEP	    +               "bgColor": "#121214",
E2E core flows (chromium)	UNKNOWN STEP	    +               "contrastRatio": 1.33,
E2E core flows (chromium)	UNKNOWN STEP	    +               "expectedContrastRatio": "4.5:1",
E2E core flows (chromium)	UNKNOWN STEP	    +               "fgColor": "#2c2c2c",
E2E core flows (chromium)	UNKNOWN STEP	    +  
E2E core flows (chromium)	UNKNOWN STEP	2026-09-13T08:41:18.0522972Z ······
E2E core flows (chromium)	UNKNOWN STEP	2026-09-13T08:41:24.2464445Z ····
E2E core flows (chromium)	UNKNOWN STEP	2026-09-13T08:41:24.2469229Z 
E2E core flows (chromium)	UNKNOWN STEP	2026-09-13T08:41:24.2482330Z   1) [chromium] › tests/e2e/core-flows/analyzer-happy-path.spec.js:10:7 › Analyzer happy path (P0) › Try Example → Analyze → all 5 result tabs without crash 
E2E core flows (chromium)	UNKNOWN STEP	2026-09-13T08:41:24.2483677Z 
E2E core flows (chromium)	UNKNOWN STEP	2026-09-13T08:41:24.2484001Z     Error: expect(locator).toBeVisible() failed
E2E core flows (chromium)	UNKNOWN STEP	2026-09-13T08:41:24.2484413Z 
E2E core flows (chromium)	UNKNOWN STEP	2026-09-13T08:41:24.2484664Z     Locator: getByText(/Health Score/i)
E2E core flows (chromium)	UNKNOWN STEP	2026-09-13T08:41:24.2485180Z     Expected: visible
E2E core flows (chromium)	UNKNOWN STEP	2026-09-13T08:41:24.2485946Z     Error: strict mode violation: getByText(/Health Score/i) resolved to 2 elements:
E2E core flows (chromium)	UNKNOWN STEP	2026-09-13T08:41:24.2488027Z         1) <span id="health-score-label" class="MuiTypography-root MuiTypography-caption css-17d5nws-MuiTypography-root">…</span> aka getByText('Health Score 91% · Excellent')
E2E core flows (chromium)	UNKNOWN STEP	2026-09-13T08:41:24.2490756Z         2) <span class="MuiTypography-root MuiTypography-caption css-1f8m3md-MuiTypography-root">Health Score averages turn-two access to each req…</span> aka getByText('Health Score averages turn-')
E2E core flows (chromium)	UNKNOWN STEP	2026-09-13T08:41:24.2492297Z 
E2E core flows (chromium)	UNKNOWN STEP	2026-09-13T08:41:24.2492460Z     Call log:
E2E core flows (chromium)	UNKNOWN STEP	2026-09-13T08:41:24.2493127Z       - Expect "toBeVisible" getByText(/Health Score/i) with timeout 5000ms
E2E core flows (chromium)	UNKNOWN STEP	2026-09-13T08:41:24.2493949Z       - waiting for getByText(/Health Score/i)
E2E core flows (chromium)	UNKNOWN STEP	2026-09-13T08:41:24.2494332Z 
E2E core flows (chromium)	UNKNOWN STEP	2026-09-13T08:41:24.2494342Z 
E2E core flows (chromium)	UNKNOWN STEP	2026-09-13T08:41:24.2494906Z       38 |     await expect(page.getByTestId('analysis-results')).toBeVisible({ timeout: 90000 })
E2E core flows (chromium)	UNKNOWN STEP	2026-09-13T08:41:24.2496033Z       39 |     await expect(page.getByTestId('quick-verdict')).toBeVisible({ timeout: 15000 })
E2E core flows (chromium)	UNKNOWN STEP	2026-09-13T08:41:24.2496984Z     > 40 |     await expect(page.getByText(/Health Score/i)).toBeVisible()
E2E core flows (chromium)	UNKNOWN STEP	2026-09-13T08:41:24.2497707Z          |                                                   ^
E2E core flows (chromium)	UNKNOWN STEP	2026-09-13T08:41:24.2498176Z       41 |
E2E core flows (chromium)	UNKNOWN STEP	2026-09-13T08:41:24.2498684Z       42 |     // No fatal error UI on Castability (default tab)
E2E core flows (chromium)	UNKNOWN STEP	2026-09-13T08:41:24.2499750Z       43 |     await expect(page.getByText(/Something went wrong|could not be cloned|DataCloneError/i)).toHaveCount(
E2E core flows (chromium)	UNKNOWN STEP	2026-09-13T08:41:24.2501086Z         at /home/runner/work/manatuner/manatuner/tests/e2e/core-flows/analyzer-happy-path.spec.js:40:51
E2E core flows (chromium)	UNKNOWN STEP	2026-09-13T08:41:24.2502034Z 
E2E core flows (chromium)	UNKNOWN STEP	2026-09-13T08:41:24.2502546Z     attachment #1: screenshot (image/png) ──────────────────────────────────────────────────────────
E2E core flows (chromium)	UNKNOWN STEP	2026-09-13T08:41:24.2503580Z     test-results/core-flows-analyzer-happy--10d80-5-result-tabs-without-crash-chromium/test-failed-1.png
E2E core flows (chromium)	UNKNOWN STEP	2026-09-13T08:41:24.2504421Z     ────────────────────────────────────────────────────────────────────────────────────────────────
E2E core flows (chromium)	UNKNOWN STEP	2026-09-13T08:41:24.2504718Z 
E2E core flows (chromium)	UNKNOWN STEP	2026-09-13T08:41:24.2505109Z     attachment #2: video (video/webm) ──────────────────────────────────────────────────────────────
E2E core flows (chromium)	UNKNOWN STEP	2026-09-13T08:41:24.2505818Z     test-results/core-flows-analyzer-happy--10d80-5-result-tabs-without-crash-chromium/video.webm
E2E core flows (chromium)	UNKNOWN STEP	2026-09-13T08:41:24.2506577Z     ────────────────────────────────────────────────────────────────────────────────────────────────
E2E core flows (chromium)	UNKNOWN STEP	2026-09-13T08:41:24.2506860Z 
E2E core flows (chromium)	UNKNOWN STEP	2026-09-13T08:41:24.2507324Z     Error Context: test-results/core-flows-analyzer-happy--10d80-5-result-tabs-without-crash-chromium/error-context.md
E2E core flows (chromium)	UNKNOWN STEP	2026-09-13T08:41:24.2507848Z 
E2E core flows (chromium)	UNKNOWN STEP	2026-09-13T08:41:24.2508490Z     Retry #1 ───────────────────────────────────────────────────────────────────────────────────────
E2E core flows (chromium)	UNKNOWN STEP	2026-09-13T08:41:24.2508988Z 
E2E core flows (chromium)	UNKNOWN STEP	2026-09-13T08:41:24.2509271Z     Error: expect(locator).toBeVisible() failed
E2E core flows (chromium)	UNKNOWN STEP	2026-09-13T08:41:24.2509648Z 
E2E core flows (chromium)	UNKNOWN STEP	2026-09-13T08:41:24.2509884Z     Locator: getByText(/Health Score/i)
E2E core flows (chromium)	UNKNOWN STEP	2026-09-13T08:41:24.2510352Z     Expected: visible
E2E core flows (chromium)	UNKNOWN STEP	2026-09-13T08:41:24.2511057Z     Error: strict mode violation: getByText(/Health Score/i) resolved to 2 elements:
E2E core flows (chromium)	UNKNOWN STEP	2026-09-13T08:41:24.2514062Z         1) <span id="health-score-label" class="MuiTypography-root MuiTypography-caption css-17d5nws-MuiTypography-root">…</span> aka getByText('Health Score 91% · Excellent')
E2E core flows (chromium)	UNKNOWN STEP	2026-09-13T08:41:24.2516762Z         2) <span class="MuiTypography-root MuiTypography-caption css-1f8m3md-MuiTypography-root">Health Score averages turn-two access to each req…</span> aka getByText('Health Score averages turn-')
E2E core flows (chromium)	UNKNOWN STEP	2026-09-13T08:41:24.2518032Z 
E2E core flows (chromium)	UNKNOWN STEP	2026-09-13T08:41:24.2518192Z     Call log:
E2E core flows (chromium)	UNKNOWN STEP	2026-09-13T08:41:24.2519104Z       - Expect "toBeVisible" getByText(/Health Score/i) with timeout 5000ms
E2E core flows (chromium)	UNKNOWN STEP	2026-09-13T08:41:24.2519860Z       - waiting for getByText(/Health Score/i)
E2E core flows (chromium)	UNKNOWN STEP	2026-09-13T08:41:24.2520212Z 
E2E core flows (chromium)	UNKNOWN STEP	2026-09-13T08:41:24.2520221Z 
E2E core flows (chromium)	UNKNOWN STEP	2026-09-13T08:41:24.2520766Z       38 |     await expect(page.getByTestId('analysis-results')).toBeVisible({ timeout: 90000 })
E2E core flows (chromium)	UNKNOWN STEP	2026-09-13T08:41:24.2522159Z       39 |     await expect(page.getByTestId('quick-verdict')).toBeVisible({ timeout: 15000 })
E2E core flows (chromium)	UNKNOWN STEP	2026-09-13T08:41:24.2523438Z     > 40 |     await expect(page.getByText(/Health Score/i)).toBeVisible()
E2E core flows (chromium)	UNKNOWN STEP	2026-09-13T08:41:24.2524158Z          |                                                   ^
E2E core flows (chromium)	UNKNOWN STEP	2026-09-13T08:41:24.2524638Z       41 |
E2E core flows (chromium)	UNKNOWN STEP	2026-09-13T08:41:24.2525111Z       42 |     // No fatal error UI on Castability (default tab)
E2E core flows (chromium)	UNKNOWN STEP	2026-09-13T08:41:24.2526162Z       43 |     await expect(page.getByText(/Something went wrong|could not be cloned|DataCloneError/i)).toHaveCount(
E2E core flows (chromium)	UNKNOWN STEP	2026-09-13T08:41:24.2527522Z         at /home/runner/work/manatuner/manatuner/tests/e2e/core-flows/analyzer-happy-path.spec.js:40:51
E2E core flows (chromium)	UNKNOWN STEP	2026-09-13T08:41:24.2528037Z 
E2E core flows (chromium)	UNKNOWN STEP	2026-09-13T08:41:24.2528473Z     attachment #1: screenshot (image/png) ──────────────────────────────────────────────────────────
E2E core flows (chromium)	UNKNOWN STEP	2026-09-13T08:41:24.2529279Z     test-results/core-flows-analyzer-happy--10d80-5-result-tabs-without-crash-chromium-retry1/test-failed-1.png
E2E core flows (chromium)	UNKNOWN STEP	2026-09-13T08:41:24.2530904Z     ────────────────────────────────────────────────────────────────────────────────────────────────
E2E core flows (chromium)	UNKNOWN STEP	2026-09-13T08:41:24.2531732Z 
E2E core flows (chromium)	UNKNOWN STEP	2026-09-13T08:41:24.2532474Z     attachment #2: video (video/webm) ──────────────────────────────────────────────────────────────
E2E core flows (chromium)	UNKNOWN STEP	2026-09-13T08:41:24.2533801Z     test-results/core-flows-analyzer-happy--10d80-5-result-tabs-without-crash-chromium-retry1/video.webm
E2E core flows (chromium)	UNKNOWN STEP	2026-09-13T08:41:24.2535230Z     ────────────────────────────────────────────────────────────────────────────────────────────────
E2E core flows (chromium)	UNKNOWN STEP	2026-09-13T08:41:24.2535724Z 
E2E core flows (chromium)	UNKNOWN STEP	2026-09-13T08:41:24.2536736Z     Error Context: test-results/core-flows-analyzer-happy--10d80-5-result-tabs-without-crash-chromium-retry1/error-context.md
E2E core flows (chromium)	UNKNOWN STEP	2026-09-13T08:41:24.2537760Z 
E2E core flows (chromium)	UNKNOWN STEP	2026-09-13T08:41:24.2538496Z     attachment #4: trace (application/zip) ─────────────────────────────────────────────────────────
E2E core flows (chromium)	UNKNOWN STEP	2026-09-13T08:41:24.2539825Z     test-results/core-flows-analyzer-happy--10d80-5-result-tabs-without-crash-chromium-retry1/trace.zip
E2E core flows (chromium)	UNKNOWN STEP	2026-09-13T08:41:24.2540750Z     Usage:
E2E core flows (chromium)	UNKNOWN STEP	2026-09-13T08:41:24.2540934Z 
E2E core flows (chromium)	UNKNOWN STEP	2026-09-13T08:41:24.2542103Z         npx playwright show-trace test-results/core-flows-analyzer-happy--10d80-5-result-tabs-without-crash-chromium-retry1/trace.zip
E2E core flows (chromium)	UNKNOWN STEP	2026-09-13T08:41:24.2543076Z 
E2E core flows (chromium)	UNKNOWN STEP	2026-09-13T08:41:24.2543726Z     ────────────────────────────────────────────────────────────────────────────────────────────────
E2E core flows (chromium)	UNKNOWN STEP	2026-09-13T08:41:24.2544221Z 
E2E core flows (chromium)	UNKNOWN STEP	2026-09-13T08:41:24.2544860Z     Retry #2 ───────────────────────────────────────────────────────────────────────────────────────
E2E core flows (chromium)	UNKNOWN STEP	2026-09-13T08:41:24.2545366Z 
E2E core flows (chromium)	UNKNOWN STEP	2026-09-13T08:41:24.2545620Z     Error: expect(locator).toBeVisible() failed
E2E core flows (chromium)	UNKNOWN STEP	2026-09-13T08:41:24.2546431Z 
E2E core flows (chromium)	UNKNOWN STEP	2026-09-13T08:41:24.2546678Z     Locator: getByText(/Health Score/i)
E2E core flows (chromium)	UNKNOWN STEP	2026-09-13T08:41:24.2546965Z     Expected: visible
E2E core flows (chromium)	UNKNOWN STEP	2026-09-13T08:41:24.2547379Z     Error: strict mode violation: getByText(/Health Score/i) resolved to 2 elements:
E2E core flows (chromium)	UNKNOWN STEP	2026-09-13T08:41:24.2548491Z         1) <span id="health-score-label" class="MuiTypography-root MuiTypography-caption css-17d5nws-MuiTypography-root">…</span> aka getByText('Health Score 91% · Excellent')
E2E core flows (chromium)	UNKNOWN STEP	2026-09-13T08:41:24.2550012Z         2) <span class="MuiTypography-root MuiTypography-caption css-1f8m3md-MuiTypography-root">Health Score averages turn-two access to each req…</span> aka getByText('Health Score averages turn-')
E2E core flows (chromium)	UNKNOWN STEP	2026-09-13T08:41:24.2550748Z 
E2E core flows (chromium)	UNKNOWN STEP	2026-09-13T08:41:24.2550834Z     Call log:
E2E core flows (chromium)	UNKNOWN STEP	2026-09-13T08:41:24.2551459Z       - Expect "toBeVisible" getByText(/Health Score/i) with timeout 5000ms
E2E core flows (chromium)	UNKNOWN STEP	2026-09-13T08:41:24.2552039Z       - waiting for getByText(/Health Score/i)
E2E core flows (chromium)	UNKNOWN STEP	2026-09-13T08:41:24.2552280Z 
E2E core flows (chromium)	UNKNOWN STEP	2026-09-13T08:41:24.2552297Z 
E2E core flows (chromium)	UNKNOWN STEP	2026-09-13T08:41:24.2552621Z       38 |     await expect(page.getByTestId('analysis-results')).toBeVisible({ timeout: 90000 })
E2E core flows (chromium)	UNKNOWN STEP	2026-09-13T08:41:24.2553274Z       39 |     await expect(page.getByTestId('quick-verdict')).toBeVisible({ timeout: 15000 })
E2E core flows (chromium)	UNKNOWN STEP	2026-09-13T08:41:24.2553843Z     > 40 |     await expect(page.getByText(/Health Score/i)).toBeVisible()
E2E core flows (chromium)	UNKNOWN STEP	2026-09-13T08:41:24.2554269Z          |                                                   ^
E2E core flows (chromium)	UNKNOWN STEP	2026-09-13T08:41:24.2554555Z       41 |
E2E core flows (chromium)	UNKNOWN STEP	2026-09-13T08:41:24.2554842Z       42 |     // No fatal error UI on Castability (default tab)
E2E core flows (chromium)	UNKNOWN STEP	2026-09-13T08:41:24.2555453Z       43 |     await expect(page.getByText(/Something went wrong|could not be cloned|DataCloneError/i)).toHaveCount(
E2E core flows (chromium)	UNKNOWN STEP	2026-09-13T08:41:24.2556221Z         at /home/runner/work/manatuner/manatuner/tests/e2e/core-flows/analyzer-happy-path.spec.js:40:51
E2E core flows (chromium)	UNKNOWN STEP	2026-09-13T08:41:24.2556620Z 
E2E core flows (chromium)	UNKNOWN STEP	2026-09-13T08:41:24.2557052Z     attachment #1: screenshot (image/png) ──────────────────────────────────────────────────────────
E2E core flows (chromium)	UNKNOWN STEP	2026-09-13T08:41:24.2557872Z     test-results/core-flows-analyzer-happy--10d80-5-result-tabs-without-crash-chromium-retry2/test-failed-1.png
E2E core flows (chromium)	UNKNOWN STEP	2026-09-13T08:41:24.2558716Z     ────────────────────────────────────────────────────────────────────────────────────────────────
E2E core flows (chromium)	UNKNOWN STEP	2026-09-13T08:41:24.2558991Z 
E2E core flows (chromium)	UNKNOWN STEP	2026-09-13T08:41:24.2559375Z     attachment #2: video (video/webm) ──────────────────────────────────────────────────────────────
E2E core flows (chromium)	UNKNOWN STEP	2026-09-13T08:41:24.2560096Z     test-results/core-flows-analyzer-happy--10d80-5-result-tabs-without-crash-chromium-retry2/video.webm
E2E core flows (chromium)	UNKNOWN STEP	2026-09-13T08:41:24.2560880Z     ────────────────────────────────────────────────────────────────────────────────────────────────
E2E core flows (chromium)	UNKNOWN STEP	2026-09-13T08:41:24.2561163Z 
E2E core flows (chromium)	UNKNOWN STEP	2026-09-13T08:41:24.2561922Z     Error Context: test-results/core-flows-analyzer-happy--10d80-5-result-tabs-without-crash-chromium-retry2/error-context.md
E2E core flows (chromium)	UNKNOWN STEP	2026-09-13T08:41:24.2562474Z 
E2E core flows (chromium)	UNKNOWN STEP	2026-09-13T08:41:24.2563380Z   2) [chromium] › tests/e2e/core-flows/audit-wave-c-verify.spec.js:45:7 › Audit verification (automated) › analyzer happy path + format controls + health score 
E2E core flows (chromium)	UNKNOWN STEP	2026-09-13T08:41:24.2564114Z 
E2E core flows (chromium)	UNKNOWN STEP	2026-09-13T08:41:24.2564269Z     Error: expect(locator).toBeVisible() failed
E2E core flows (chromium)	UNKNOWN STEP	2026-09-13T08:41:24.2564484Z 
E2E core flows (chromium)	UNKNOWN STEP	2026-09-13T08:41:24.2564607Z     Locator: getByText(/Health Score/i)
E2E core flows (chromium)	UNKNOWN STEP	2026-09-13T08:41:24.2564885Z     Expected: visible
E2E core flows (chromium)	UNKNOWN STEP	2026-09-13T08:41:24.2565287Z     Error: strict mode violation: getByText(/Health Score/i) resolved to 2 elements:
E2E core flows (chromium)	UNKNOWN STEP	2026-09-13T08:41:24.2566393Z         1) <span id="health-score-label" class="MuiTypography-root MuiTypography-caption css-17d5nws-MuiTypography-root">…</span> aka getByText('Health Score 91% · Excellent')
E2E core flows (chromium)	UNKNOWN STEP	2026-09-13T08:41:24.2567931Z         2) <span class="MuiTypography-root MuiTypography-caption css-1f8m3md-MuiTypography-root">Health Score averages turn-two access to each req…</span> aka getByText('Health Score averages turn-')
E2E core flows (chromium)	UNKNOWN STEP	2026-09-13T08:41:24.2568653Z 
E2E core flows (chromium)	UNKNOWN STEP	2026-09-13T08:41:24.2568738Z     Call log:
E2E core flows (chromium)	UNKNOWN STEP	2026-09-13T08:41:24.2569099Z       - Expect "toBeVisible" getByText(/Health Score/i) with timeout 5000ms
E2E core flows (chromium)	UNKNOWN STEP	2026-09-13T08:41:24.2569549Z       - waiting for getByText(/Health Score/i)
E2E core flows (chromium)	UNKNOWN STEP	2026-09-13T08:41:24.2569754Z 
E2E core flows (chromium)	UNKNOWN STEP	2026-09-13T08:41:24.2569760Z 
E2E core flows (chromium)	UNKNOWN STEP	2026-09-13T08:41:24.2570076Z       51 |     await expect(page.getByTestId('analysis-results')).toBeVisible({ timeout: 60000 })
E2E core flows (chromium)	UNKNOWN STEP	2026-09-13T08:41:24.2570666Z       52 |     await expect(page.getByTestId('quick-verdict')).toBeVisible()
E2E core flows (chromium)	UNKNOWN STEP	2026-09-13T08:41:24.2571387Z     > 53 |     await expect(page.getByText(/Health Score/i)).toBeVisible()
E2E core flows (chromium)	UNKNOWN STEP	2026-09-13T08:41:24.2571903Z          |                                                   ^
E2E core flows (chromium)	UNKNOWN STEP	2026-09-13T08:41:24.2572386Z       54 |     await expect(page.getByTestId('engine-stamp')).toContainText(/Engine v2\.7/)
E2E core flows (chromium)	UNKNOWN STEP	2026-09-13T08:41:24.2572802Z       55 |
E2E core flows (chromium)	UNKNOWN STEP	2026-09-13T08:41:24.2573220Z       56 |     await expect(page.getByTestId('analysis-settings')).toBeVisible({ timeout: 20000 })
E2E core flows (chromium)	UNKNOWN STEP	2026-09-13T08:41:24.2573942Z         at /home/runner/work/manatuner/manatuner/tests/e2e/core-flows/audit-wave-c-verify.spec.js:53:51
E2E core flows (chromium)	UNKNOWN STEP	2026-09-13T08:41:24.2574342Z 
E2E core flows (chromium)	UNKNOWN STEP	2026-09-13T08:41:24.2574750Z     attachment #1: screenshot (image/png) ──────────────────────────────────────────────────────────
E2E core flows (chromium)	UNKNOWN STEP	2026-09-13T08:41:24.2575502Z     test-results/core-flows-audit-wave-c-ve-8283f-ormat-controls-health-score-chromium/test-failed-1.png
E2E core flows (chromium)	UNKNOWN STEP	2026-09-13T08:41:24.2576292Z     ────────────────────────────────────────────────────────────────────────────────────────────────
E2E core flows (chromium)	UNKNOWN STEP	2026-09-13T08:41:24.2576569Z 
E2E core flows (chromium)	UNKNOWN STEP	2026-09-13T08:41:24.2576944Z     attachment #2: video (video/webm) ──────────────────────────────────────────────────────────────
E2E core flows (chromium)	UNKNOWN STEP	2026-09-13T08:41:24.2577629Z     test-results/core-flows-audit-wave-c-ve-8283f-ormat-controls-health-score-chromium/video.webm
E2E core flows (chromium)	UNKNOWN STEP	2026-09-13T08:41:24.2578384Z     ────────────────────────────────────────────────────────────────────────────────────────────────
E2E core flows (chromium)	UNKNOWN STEP	2026-09-13T08:41:24.2578682Z 
E2E core flows (chromium)	UNKNOWN STEP	2026-09-13T08:41:24.2579153Z     Error Context: test-results/core-flows-audit-wave-c-ve-8283f-ormat-controls-health-score-chromium/error-context.md
E2E core flows (chromium)	UNKNOWN STEP	2026-09-13T08:41:24.2579837Z 
E2E core flows (chromium)	UNKNOWN STEP	2026-09-13T08:41:24.2580324Z     Retry #1 ───────────────────────────────────────────────────────────────────────────────────────
E2E core flows (chromium)	UNKNOWN STEP	2026-09-13T08:41:24.2580624Z 
E2E core flows (chromium)	UNKNOWN STEP	2026-09-13T08:41:24.2580778Z     Error: expect(locator).toBeVisible() failed
E2E core flows (chromium)	UNKNOWN STEP	2026-09-13T08:41:24.2580983Z 
E2E core flows (chromium)	UNKNOWN STEP	2026-09-13T08:41:24.2581112Z     Locator: getByText(/Health Score/i)
E2E core flows (chromium)	UNKNOWN STEP	2026-09-13T08:41:24.2581715Z     Expected: visible
E2E core flows (chromium)	UNKNOWN STEP	2026-09-13T08:41:24.2582185Z     Error: strict mode violation: getByText(/Health Score/i) resolved to 2 elements:
E2E core flows (chromium)	UNKNOWN STEP	2026-09-13T08:41:24.2583304Z         1) <span id="health-score-label" class="MuiTypography-root MuiTypography-caption css-17d5nws-MuiTypography-root">…</span> aka getByText('Health Score 85% · Excellent')
E2E core flows (chromium)	UNKNOWN STEP	2026-09-13T08:41:24.2584864Z         2) <span class="MuiTypography-root MuiTypography-caption css-1f8m3md-MuiTypography-root">Health Score averages turn-two access to each req…</span> aka getByText('Health Score averages turn-')
E2E core flows (chromium)	UNKNOWN STEP	2026-09-13T08:41:24.2585599Z 
E2E core flows (chromium)	UNKNOWN STEP	2026-09-13T08:41:24.2585698Z     Call log:
E2E core flows (chromium)	UNKNOWN STEP	2026-09-13T08:41:24.2586069Z       - Expect "toBeVisible" getByText(/Health Score/i) with timeout 5000ms
E2E core flows (chromium)	UNKNOWN STEP	2026-09-13T08:41:24.2586511Z       - waiting for getByText(/Health Score/i)
E2E core flows (chromium)	UNKNOWN STEP	2026-09-13T08:41:24.2586709Z 
E2E core flows (chromium)	UNKNOWN STEP	2026-09-13T08:41:24.2586715Z 
E2E core flows (chromium)	UNKNOWN STEP	2026-09-13T08:41:24.2587028Z       51 |     await expect(page.getByTestId('analysis-results')).toBeVisible({ timeout: 60000 })
E2E core flows (chromium)	UNKNOWN STEP	2026-09-13T08:41:24.2587598Z       52 |     await expect(page.getByTestId('quick-verdict')).toBeVisible()
E2E core flows (chromium)	UNKNOWN STEP	2026-09-13T08:41:24.2588096Z     > 53 |     await expect(page.getByText(/Health Score/i)).toBeVisible()
E2E core flows (chromium)	UNKNOWN STEP	2026-09-13T08:41:24.2588506Z          |                                                   ^
E2E core flows (chromium)	UNKNOWN STEP	2026-09-13T08:41:24.2588991Z       54 |     await expect(page.getByTestId('engine-stamp')).toContainText(/Engine v2\.7/)
E2E core flows (chromium)	UNKNOWN STEP	2026-09-13T08:41:24.2589423Z       55 |
E2E core flows (chromium)	UNKNOWN STEP	2026-09-13T08:41:24.2589837Z       56 |     await expect(page.getByTestId('analysis-settings')).toBeVisible({ timeout: 20000 })
E2E core flows (chromium)	UNKNOWN STEP	2026-09-13T08:41:24.2590553Z         at /home/runner/work/manatuner/manatuner/tests/e2e/core-flows/audit-wave-c-verify.spec.js:53:51
E2E core flows (chromium)	UNKNOWN STEP	2026-09-13T08:41:24.2590967Z 
E2E core flows (chromium)	UNKNOWN STEP	2026-09-13T08:41:24.2591661Z     attachment #1: screenshot (image/png) ──────────────────────────────────────────────────────────
E2E core flows (chromium)	UNKNOWN STEP	2026-09-13T08:41:24.2592480Z     test-results/core-flows-audit-wave-c-ve-8283f-ormat-controls-health-score-chromium-retry1/test-failed-1.png
E2E core flows (chromium)	UNKNOWN STEP	2026-09-13T08:41:24.2593344Z     ────────────────────────────────────────────────────────────────────────────────────────────────
E2E core flows (chromium)	UNKNOWN STEP	2026-09-13T08:41:24.2593629Z 
E2E core flows (chromium)	UNKNOWN STEP	2026-09-13T08:41:24.2594014Z     attachment #2: video (video/webm) ──────────────────────────────────────────────────────────────
E2E core flows (chromium)	UNKNOWN STEP	2026-09-13T08:41:24.2594758Z     test-results/core-flows-audit-wave-c-ve-8283f-ormat-controls-health-score-chromium-retry1/video.webm
E2E core flows (chromium)	UNKNOWN STEP	2026-09-13T08:41:24.2595543Z     ────────────────────────────────────────────────────────────────────────────────────────────────
E2E core flows (chromium)	UNKNOWN STEP	2026-09-13T08:41:24.2595823Z 
E2E core flows (chromium)	UNKNOWN STEP	2026-09-13T08:41:24.2596481Z     Error Context: test-results/core-flows-audit-wave-c-ve-8283f-ormat-controls-health-score-chromium-retry1/error-context.md
E2E core flows (chromium)	UNKNOWN STEP	2026-09-13T08:41:24.2597153Z 
E2E core flows (chromium)	UNKNOWN STEP	2026-09-13T08:41:24.2597557Z     attachment #4: trace (application/zip) ─────────────────────────────────────────────────────────
E2E core flows (chromium)	UNKNOWN STEP	2026-09-13T08:41:24.2598297Z     test-results/core-flows-audit-wave-c-ve-8283f-ormat-controls-health-score-chromium-retry1/trace.zip
E2E core flows (chromium)	UNKNOWN STEP	2026-09-13T08:41:24.2598830Z     Usage:
E2E core flows (chromium)	UNKNOWN STEP	2026-09-13T08:41:24.2598937Z 
E2E core flows (chromium)	UNKNOWN STEP	2026-09-13T08:41:24.2599465Z         npx playwright show-trace test-results/core-flows-audit-wave-c-ve-8283f-ormat-controls-health-score-chromium-retry1/trace.zip
E2E core flows (chromium)	UNKNOWN STEP	2026-09-13T08:41:24.2600017Z 
E2E core flows (chromium)	UNKNOWN STEP	2026-09-13T08:41:24.2600356Z     ────────────────────────────────────────────────────────────────────────────────────────────────
E2E core flows (chromium)	UNKNOWN STEP	2026-09-13T08:41:24.2600636Z 
E2E core flows (chromium)	UNKNOWN STEP	2026-09-13T08:41:24.2600982Z     Retry #2 ───────────────────────────────────────────────────────────────────────────────────────
E2E core flows (chromium)	UNKNOWN STEP	2026-09-13T08:41:24.2601412Z 
E2E core flows (chromium)	UNKNOWN STEP	2026-09-13T08:41:24.2601567Z     Error: expect(locator).toBeVisible() failed
E2E core flows (chromium)	UNKNOWN STEP	2026-09-13T08:41:24.2601811Z 
E2E core flows (chromium)	UNKNOWN STEP	2026-09-13T08:41:24.2601937Z     Locator: getByText(/Health Score/i)
E2E core flows (chromium)	UNKNOWN STEP	2026-09-13T08:41:24.2602205Z     Expected: visible
E2E core flows (chromium)	UNKNOWN STEP	2026-09-13T08:41:24.2602598Z     Error: strict mode violation: getByText(/Health Score/i) resolved to 2 elements:
E2E core flows (chromium)	UNKNOWN STEP	2026-09-13T08:41:24.2603696Z         1) <span id="health-score-label" class="MuiTypography-root MuiTypography-caption css-17d5nws-MuiTypography-root">…</span> aka getByText('Health Score 85% · Excellent')
E2E core flows (chromium)	UNKNOWN STEP	2026-09-13T08:41:24.2605232Z         2) <span class="MuiTypography-root MuiTypography-caption css-1f8m3md-MuiTypography-root">Health Score averages turn-two access to each req…</span> aka getByText('Health Score averages turn-')
E2E core flows (chromium)	UNKNOWN STEP	2026-09-13T08:41:24.2605979Z 
E2E core flows (chromium)	UNKNOWN STEP	2026-09-13T08:41:24.2606060Z     Call log:
E2E core flows (chromium)	UNKNOWN STEP	2026-09-13T08:41:24.2606413Z       - Expect "toBeVisible" getByText(/Health Score/i) with timeout 5000ms
E2E core flows (chromium)	UNKNOWN STEP	2026-09-13T08:41:24.2606854Z       - waiting for getByText(/Health Score/i)
E2E core flows (chromium)	UNKNOWN STEP	2026-09-13T08:41:24.2607057Z 
E2E core flows (chromium)	UNKNOWN STEP	2026-09-13T08:41:24.2607069Z 
E2E core flows (chromium)	UNKNOWN STEP	2026-09-13T08:41:24.2607389Z       51 |     await expect(page.getByTestId('analysis-results')).toBeVisible({ timeout: 60000 })
E2E core flows (chromium)	UNKNOWN STEP	2026-09-13T08:41:24.2607961Z       52 |     await expect(page.getByTestId('quick-verdict')).toBeVisible()
E2E core flows (chromium)	UNKNOWN STEP	2026-09-13T08:41:24.2608446Z     > 53 |     await expect(page.getByText(/Health Score/i)).toBeVisible()
E2E core flows (chromium)	UNKNOWN STEP	2026-09-13T08:41:24.2608863Z          |                                                   ^
E2E core flows (chromium)	UNKNOWN STEP	2026-09-13T08:41:24.2609341Z       54 |     await expect(page.getByTestId('engine-stamp')).toContainText(/Engine v2\.7/)
E2E core flows (chromium)	UNKNOWN STEP	2026-09-13T08:41:24.2609755Z       55 |
E2E core flows (chromium)	UNKNOWN STEP	2026-09-13T08:41:24.2610169Z       56 |     await expect(page.getByTestId('analysis-settings')).toBeVisible({ timeout: 20000 })
E2E core flows (chromium)	UNKNOWN STEP	2026-09-13T08:41:24.2610867Z         at /home/runner/work/manatuner/manatuner/tests/e2e/core-flows/audit-wave-c-verify.spec.js:53:51
E2E core flows (chromium)	UNKNOWN STEP	2026-09-13T08:41:24.2611397Z 
E2E core flows (chromium)	UNKNOWN STEP	2026-09-13T08:41:24.2611793Z     attachment #1: screenshot (image/png) ──────────────────────────────────────────────────────────
E2E core flows (chromium)	UNKNOWN STEP	2026-09-13T08:41:24.2612729Z     test-results/core-flows-audit-wave-c-ve-8283f-ormat-controls-health-score-chromium-retry2/test-failed-1.png
E2E core flows (chromium)	UNKNOWN STEP	2026-09-13T08:41:24.2613572Z     ────────────────────────────────────────────────────────────────────────────────────────────────
E2E core flows (chromium)	UNKNOWN STEP	2026-09-13T08:41:24.2613853Z 
E2E core flows (chromium)	UNKNOWN STEP	2026-09-13T08:41:24.2614228Z     attachment #2: video (video/webm) ──────────────────────────────────────────────────────────────
E2E core flows (chromium)	UNKNOWN STEP	2026-09-13T08:41:24.2614961Z     test-results/core-flows-audit-wave-c-ve-8283f-ormat-controls-health-score-chromium-retry2/video.webm
E2E core flows (chromium)	UNKNOWN STEP	2026-09-13T08:41:24.2615737Z     ────────────────────────────────────────────────────────────────────────────────────────────────
E2E core flows (chromium)	UNKNOWN STEP	2026-09-13T08:41:24.2616014Z 
E2E core flows (chromium)	UNKNOWN STEP	2026-09-13T08:41:24.2616511Z     Error Context: test-results/core-flows-audit-wave-c-ve-8283f-ormat-controls-health-score-chromium-retry2/error-context.md
E2E core flows (chromium)	UNKNOWN STEP	2026-09-13T08:41:24.2617490Z 
E2E core flows (chromium)	UNKNOWN STEP	2026-09-13T08:41:24.2618753Z   3) [chromium] › tests/e2e/core-flows/mulligan-worker-recovery.spec.js:3:5 › F13 failed worker asset is recoverable; real worker runs again at 50k precision 
E2E core flows (chromium)	UNKNOWN STEP	2026-09-13T08:41:24.2620015Z 
E2E core flows (chromium)	UNKNOWN STEP	2026-09-13T08:41:24.2620279Z     Error: expect(locator).toBeVisible() failed
E2E core flows (chromium)	UNKNOWN STEP	2026-09-13T08:41:24.2620638Z 
E2E core flows (chromium)	UNKNOWN STEP	2026-09-13T08:41:24.2621353Z     Locator: getByRole('alert').filter({ hasText: /worker stopped|worker did not respond/i })
E2E core flows (chromium)	UNKNOWN STEP	2026-09-13T08:41:24.2621986Z     Expected: visible
E2E core flows (chromium)	UNKNOWN STEP	2026-09-13T08:41:24.2622221Z     Timeout: 20000ms
E2E core flows (chromium)	UNKNOWN STEP	2026-09-13T08:41:24.2622479Z     Error: element(s) not found
E2E core flows (chromium)	UNKNOWN STEP	2026-09-13T08:41:24.2622644Z 
E2E core flows (chromium)	UNKNOWN STEP	2026-09-13T08:41:24.2622724Z     Call log:
E2E core flows (chromium)	UNKNOWN STEP	2026-09-13T08:41:24.2623285Z       - Expect "toBeVisible" getByRole('alert').filter({ hasText: /worker stopped|worker did not respond/i }) with timeout 20000ms
E2E core flows (chromium)	UNKNOWN STEP	2026-09-13T08:41:24.2624080Z       - waiting for getByRole('alert').filter({ hasText: /worker stopped|worker did not respond/i })
E2E core flows (chromium)	UNKNOWN STEP	2026-09-13T08:41:24.2624447Z 
E2E core flows (chromium)	UNKNOWN STEP	2026-09-13T08:41:24.2624452Z 
E2E core flows (chromium)	UNKNOWN STEP	2026-09-13T08:41:24.2624697Z       20 |   await expect(page.getByTestId('analysis-results')).toBeVisible()
E2E core flows (chromium)	UNKNOWN STEP	2026-09-13T08:41:24.2625193Z       21 |   await page.getByTestId('tab-mulligan').click()
E2E core flows (chromium)	UNKNOWN STEP	2026-09-13T08:41:24.2625903Z     > 22 |   await expect(page.getByRole('alert').filter({ hasText: /worker stopped|worker did not respond/i })).toBeVisible({ timeout: 20000 })
E2E core flows (chromium)	UNKNOWN STEP	2026-09-13T08:41:24.2626633Z          |                                                                                                       ^
E2E core flows (chromium)	UNKNOWN STEP	2026-09-13T08:41:24.2627247Z       23 |   await expect(page.getByRole('button', { name: 'Re-run Analysis', exact: true })).toBeEnabled()
E2E core flows (chromium)	UNKNOWN STEP	2026-09-13T08:41:24.2627920Z       24 |   // A new precision selection triggers a fresh worker after the platform failure.
E2E core flows (chromium)	UNKNOWN STEP	2026-09-13T08:41:24.2628468Z       25 |   await page.getByText('Precise (50k)', { exact: true }).click()
E2E core flows (chromium)	UNKNOWN STEP	2026-09-13T08:41:24.2629139Z         at /home/runner/work/manatuner/manatuner/tests/e2e/core-flows/mulligan-worker-recovery.spec.js:22:103
E2E core flows (chromium)	UNKNOWN STEP	2026-09-13T08:41:24.2629564Z 
E2E core flows (chromium)	UNKNOWN STEP	2026-09-13T08:41:24.2630004Z     attachment #1: screenshot (image/png) ──────────────────────────────────────────────────────────
E2E core flows (chromium)	UNKNOWN STEP	2026-09-13T08:41:24.2630762Z     test-results/core-flows-mulligan-worker-d5cb1-runs-again-at-50k-precision-chromium/test-failed-1.png
E2E core flows (chromium)	UNKNOWN STEP	2026-09-13T08:41:24.2631858Z     ────────────────────────────────────────────────────────────────────────────────────────────────
E2E core flows (chromium)	UNKNOWN STEP	2026-09-13T08:41:24.2632156Z 
E2E core flows (chromium)	UNKNOWN STEP	2026-09-13T08:41:24.2632546Z     attachment #2: video (video/webm) ──────────────────────────────────────────────────────────────
E2E core flows (chromium)	UNKNOWN STEP	2026-09-13T08:41:24.2633252Z     test-results/core-flows-mulligan-worker-d5cb1-runs-again-at-50k-precision-chromium/video.webm
E2E core flows (chromium)	UNKNOWN STEP	2026-09-13T08:41:24.2634026Z     ────────────────────────────────────────────────────────────────────────────────────────────────
E2E core flows (chromium)	UNKNOWN STEP	2026-09-13T08:41:24.2634302Z 
E2E core flows (chromium)	UNKNOWN STEP	2026-09-13T08:41:24.2634764Z     Error Context: test-results/core-flows-mulligan-worker-d5cb1-runs-again-at-50k-precision-chromium/error-context.md
E2E core flows (chromium)	UNKNOWN STEP	2026-09-13T08:41:24.2635264Z 
E2E core flows (chromium)	UNKNOWN STEP	2026-09-13T08:41:24.2635612Z     Retry #1 ───────────────────────────────────────────────────────────────────────────────────────
E2E core flows (chromium)	UNKNOWN STEP	2026-09-13T08:41:24.2636256Z 
E2E core flows (chromium)	UNKNOWN STEP	2026-09-13T08:41:24.2636414Z     Error: expect(locator).toBeVisible() failed
E2E core flows (chromium)	UNKNOWN STEP	2026-09-13T08:41:24.2636631Z 
E2E core flows (chromium)	UNKNOWN STEP	2026-09-13T08:41:24.2636925Z     Locator: getByRole('alert').filter({ hasText: /worker stopped|worker did not respond/i })
E2E core flows (chromium)	UNKNOWN STEP	2026-09-13T08:41:24.2637368Z     Expected: visible
E2E core flows (chromium)	UNKNOWN STEP	2026-09-13T08:41:24.2637587Z     Timeout: 20000ms
E2E core flows (chromium)	UNKNOWN STEP	2026-09-13T08:41:24.2637827Z     Error: element(s) not found
E2E core flows (chromium)	UNKNOWN STEP	2026-09-13T08:41:24.2637990Z 
E2E core flows (chromium)	UNKNOWN STEP	2026-09-13T08:41:24.2638073Z     Call log:
E2E core flows (chromium)	UNKNOWN STEP	2026-09-13T08:41:24.2638646Z       - Expect "toBeVisible" getByRole('alert').filter({ hasText: /worker stopped|worker did not respond/i }) with timeout 20000ms
E2E core flows (chromium)	UNKNOWN STEP	2026-09-13T08:41:24.2639454Z       - waiting for getByRole('alert').filter({ hasText: /worker stopped|worker did not respond/i })
E2E core flows (chromium)	UNKNOWN STEP	2026-09-13T08:41:24.2639815Z 
E2E core flows (chromium)	UNKNOWN STEP	2026-09-13T08:41:24.2639821Z 
E2E core flows (chromium)	UNKNOWN STEP	2026-09-13T08:41:24.2640059Z       20 |   await expect(page.getByTestId('analysis-results')).toBeVisible()
E2E core flows (chromium)	UNKNOWN STEP	2026-09-13T08:41:24.2640544Z       21 |   await page.getByTestId('tab-mulligan').click()
E2E core flows (chromium)	UNKNOWN STEP	2026-09-13T08:41:24.2641415Z     > 22 |   await expect(page.getByRole('alert').filter({ hasText: /worker stopped|worker did not respond/i })).toBeVisible({ timeout: 20000 })
E2E core flows (chromium)	UNKNOWN STEP	2026-09-13T08:41:24.2642261Z          |                                                                                                       ^
E2E core flows (chromium)	UNKNOWN STEP	2026-09-13T08:41:24.2642865Z       23 |   await expect(page.getByRole('button', { name: 'Re-run Analysis', exact: true })).toBeEnabled()
E2E core flows (chromium)	UNKNOWN STEP	2026-09-13T08:41:24.2643520Z       24 |   // A new precision selection triggers a fresh worker after the platform failure.
E2E core flows (chromium)	UNKNOWN STEP	2026-09-13T08:41:24.2644080Z       25 |   await page.getByText('Precise (50k)', { exact: true }).click()
E2E core flows (chromium)	UNKNOWN STEP	2026-09-13T08:41:24.2644726Z         at /home/runner/work/manatuner/manatuner/tests/e2e/core-flows/mulligan-worker-recovery.spec.js:22:103
E2E core flows (chromium)	UNKNOWN STEP	2026-09-13T08:41:24.2645144Z 
E2E core flows (chromium)	UNKNOWN STEP	2026-09-13T08:41:24.2645546Z     attachment #1: screenshot (image/png) ──────────────────────────────────────────────────────────
E2E core flows (chromium)	UNKNOWN STEP	2026-09-13T08:41:24.2646348Z     test-results/core-flows-mulligan-worker-d5cb1-runs-again-at-50k-precision-chromium-retry1/test-failed-1.png
E2E core flows (chromium)	UNKNOWN STEP	2026-09-13T08:41:24.2647166Z     ────────────────────────────────────────────────────────────────────────────────────────────────
E2E core flows (chromium)	UNKNOWN STEP	2026-09-13T08:41:24.2647444Z 
E2E core flows (chromium)	UNKNOWN STEP	2026-09-13T08:41:24.2647815Z     attachment #2: video (video/webm) ──────────────────────────────────────────────────────────────
E2E core flows (chromium)	UNKNOWN STEP	2026-09-13T08:41:24.2648545Z     test-results/core-flows-mulligan-worker-d5cb1-runs-again-at-50k-precision-chromium-retry1/video.webm
E2E core flows (chromium)	UNKNOWN STEP	2026-09-13T08:41:24.2649336Z     ────────────────────────────────────────────────────────────────────────────────────────────────
E2E core flows (chromium)	UNKNOWN STEP	2026-09-13T08:41:24.2649612Z 
E2E core flows (chromium)	UNKNOWN STEP	2026-09-13T08:41:24.2650112Z     Error Context: test-results/core-flows-mulligan-worker-d5cb1-runs-again-at-50k-precision-chromium-retry1/error-context.md
E2E core flows (chromium)	UNKNOWN STEP	2026-09-13T08:41:24.2650642Z 
E2E core flows (chromium)	UNKNOWN STEP	2026-09-13T08:41:24.2651030Z     attachment #4: trace (application/zip) ─────────────────────────────────────────────────────────
E2E core flows (chromium)	UNKNOWN STEP	2026-09-13T08:41:24.2652434Z     test-results/core-flows-mulligan-worker-d5cb1-runs-again-at-50k-precision-chromium-retry1/trace.zip
E2E core flows (chromium)	UNKNOWN STEP	2026-09-13T08:41:24.2653013Z     Usage:
E2E core flows (chromium)	UNKNOWN STEP	2026-09-13T08:41:24.2653125Z 
E2E core flows (chromium)	UNKNOWN STEP	2026-09-13T08:41:24.2653650Z         npx playwright show-trace test-results/core-flows-mulligan-worker-d5cb1-runs-again-at-50k-precision-chromium-retry1/trace.zip
E2E core flows (chromium)	UNKNOWN STEP	2026-09-13T08:41:24.2654201Z 
E2E core flows (chromium)	UNKNOWN STEP	2026-09-13T08:41:24.2654562Z     ────────────────────────────────────────────────────────────────────────────────────────────────
E2E core flows (chromium)	UNKNOWN STEP	2026-09-13T08:41:24.2654840Z 
E2E core flows (chromium)	UNKNOWN STEP	2026-09-13T08:41:24.2655184Z     Retry #2 ───────────────────────────────────────────────────────────────────────────────────────
E2E core flows (chromium)	UNKNOWN STEP	2026-09-13T08:41:24.2655471Z 
E2E core flows (chromium)	UNKNOWN STEP	2026-09-13T08:41:24.2655621Z     Error: expect(locator).toBeVisible() failed
E2E core flows (chromium)	UNKNOWN STEP	2026-09-13T08:41:24.2655829Z 
E2E core flows (chromium)	UNKNOWN STEP	2026-09-13T08:41:24.2656134Z     Locator: getByRole('alert').filter({ hasText: /worker stopped|worker did not respond/i })
E2E core flows (chromium)	UNKNOWN STEP	2026-09-13T08:41:24.2656579Z     Expected: visible
E2E core flows (chromium)	UNKNOWN STEP	2026-09-13T08:41:24.2656872Z     Timeout: 20000ms
E2E core flows (chromium)	UNKNOWN STEP	2026-09-13T08:41:24.2657123Z     Error: element(s) not found
E2E core flows (chromium)	UNKNOWN STEP	2026-09-13T08:41:24.2657281Z 
E2E core flows (chromium)	UNKNOWN STEP	2026-09-13T08:41:24.2657359Z     Call log:
E2E core flows (chromium)	UNKNOWN STEP	2026-09-13T08:41:24.2657913Z       - Expect "toBeVisible" getByRole('alert').filter({ hasText: /worker stopped|worker did not respond/i }) with timeout 20000ms
E2E core flows (chromium)	UNKNOWN STEP	2026-09-13T08:41:24.2658704Z       - waiting for getByRole('alert').filter({ hasText: /worker stopped|worker did not respond/i })
E2E core flows (chromium)	UNKNOWN STEP	2026-09-13T08:41:24.2659072Z 
E2E core flows (chromium)	UNKNOWN STEP	2026-09-13T08:41:24.2659078Z 
E2E core flows (chromium)	UNKNOWN STEP	2026-09-13T08:41:24.2659320Z       20 |   await expect(page.getByTestId('analysis-results')).toBeVisible()
E2E core flows (chromium)	UNKNOWN STEP	2026-09-13T08:41:24.2659784Z       21 |   await page.getByTestId('tab-mulligan').click()
E2E core flows (chromium)	UNKNOWN STEP	2026-09-13T08:41:24.2660487Z     > 22 |   await expect(page.getByRole('alert').filter({ hasText: /worker stopped|worker did not respond/i })).toBeVisible({ timeout: 20000 })
E2E core flows (chromium)	UNKNOWN STEP	2026-09-13T08:41:24.2661382Z          |                                                                                                       ^
E2E core flows (chromium)	UNKNOWN STEP	2026-09-13T08:41:24.2662001Z       23 |   await expect(page.getByRole('button', { name: 'Re-run Analysis', exact: true })).toBeEnabled()
E2E core flows (chromium)	UNKNOWN STEP	2026-09-13T08:41:24.2662657Z       24 |   // A new precision selection triggers a fresh worker after the platform failure.
E2E core flows (chromium)	UNKNOWN STEP	2026-09-13T08:41:24.2663212Z       25 |   await page.getByText('Precise (50k)', { exact: true }).click()
E2E core flows (chromium)	UNKNOWN STEP	2026-09-13T08:41:24.2663850Z         at /home/runner/work/manatuner/manatuner/tests/e2e/core-flows/mulligan-worker-recovery.spec.js:22:103
E2E core flows (chromium)	UNKNOWN STEP	2026-09-13T08:41:24.2664271Z 
E2E core flows (chromium)	UNKNOWN STEP	2026-09-13T08:41:24.2664671Z     attachment #1: screenshot (image/png) ──────────────────────────────────────────────────────────
E2E core flows (chromium)	UNKNOWN STEP	2026-09-13T08:41:24.2665449Z     test-results/core-flows-mulligan-worker-d5cb1-runs-again-at-50k-precision-chromium-retry2/test-failed-1.png
E2E core flows (chromium)	UNKNOWN STEP	2026-09-13T08:41:24.2666279Z     ────────────────────────────────────────────────────────────────────────────────────────────────
E2E core flows (chromium)	UNKNOWN STEP	2026-09-13T08:41:24.2666562Z 
E2E core flows (chromium)	UNKNOWN STEP	2026-09-13T08:41:24.2667199Z     attachment #2: video (video/webm) ──────────────────────────────────────────────────────────────
E2E core flows (chromium)	UNKNOWN STEP	2026-09-13T08:41:24.2667942Z     test-results/core-flows-mulligan-worker-d5cb1-runs-again-at-50k-precision-chromium-retry2/video.webm
E2E core flows (chromium)	UNKNOWN STEP	2026-09-13T08:41:24.2668752Z     ────────────────────────────────────────────────────────────────────────────────────────────────
E2E core flows (chromium)	UNKNOWN STEP	2026-09-13T08:41:24.2669120Z 
E2E core flows (chromium)	UNKNOWN STEP	2026-09-13T08:41:24.2670045Z     Error Context: test-results/core-flows-mulligan-worker-d5cb1-runs-again-at-50k-precision-chromium-retry2/error-context.md
E2E core flows (chromium)	UNKNOWN STEP	2026-09-13T08:41:24.2670932Z 
E2E core flows (chromium)	UNKNOWN STEP	2026-09-13T08:41:24.2672118Z   4) [chromium] › tests/e2e/core-flows/persona-followup.spec.js:475:9 › R01–R07 /library keyboard, contrast, themes and viewport 1440 
E2E core flows (chromium)	UNKNOWN STEP	2026-09-13T08:41:24.2672911Z 
E2E core flows (chromium)	UNKNOWN STEP	2026-09-13T08:41:24.2673044Z     Error: [
E2E core flows (chromium)	UNKNOWN STEP	2026-09-13T08:41:24.2673340Z       {
E2E core flows (chromium)	UNKNOWN STEP	2026-09-13T08:41:24.2673680Z         "id": "color-contrast",
E2E core flows (chromium)	UNKNOWN STEP	2026-09-13T08:41:24.2674082Z         "impact": "serious",
E2E core flows (chromium)	UNKNOWN STEP	2026-09-13T08:41:24.2674446Z         "tags": [
E2E core flows (chromium)	UNKNOWN STEP	2026-09-13T08:41:24.2674796Z           "cat.color",
E2E core flows (chromium)	UNKNOWN STEP	2026-09-13T08:41:24.2675136Z           "wcag2aa",
E2E core flows (chromium)	UNKNOWN STEP	2026-09-13T08:41:24.2675459Z           "wcag143",
E2E core flows (chromium)	UNKNOWN STEP	2026-09-13T08:41:24.2675780Z           "TTv5",
E2E core flows (chromium)	UNKNOWN STEP	2026-09-13T08:41:24.2676094Z           "TT13.c",
E2E core flows (chromium)	UNKNOWN STEP	2026-09-13T08:41:24.2676433Z           "EN-301-549",
E2E core flows (chromium)	UNKNOWN STEP	2026-09-13T08:41:24.2676777Z           "EN-9.1.4.3",
E2E core flows (chromium)	UNKNOWN STEP	2026-09-13T08:41:24.2677101Z           "ACT",
E2E core flows (chromium)	UNKNOWN STEP	2026-09-13T08:41:24.2677418Z           "RGAAv4",
E2E core flows (chromium)	UNKNOWN STEP	2026-09-13T08:41:24.2677736Z           "RGAA-3.2.1"
E2E core flows (chromium)	UNKNOWN STEP	2026-09-13T08:41:24.2678052Z         ],
E2E core flows (chromium)	UNKNOWN STEP	2026-09-13T08:41:24.2678993Z         "description": "Ensure the contrast between foreground and background colors meets WCAG 2 AA minimum contrast ratio thresholds",
E2E core flows (chromium)	UNKNOWN STEP	2026-09-13T08:41:24.2680518Z         "help": "Elements must meet minimum color contrast ratio thresholds",
E2E core flows (chromium)	UNKNOWN STEP	2026-09-13T08:41:24.2681774Z         "helpUrl": "https://dequeuniversity.com/rules/axe/4.11/color-contrast?application=playwright",
E2E core flows (chromium)	UNKNOWN STEP	2026-09-13T08:41:24.2682560Z         "nodes": [
E2E core flows (chromium)	UNKNOWN STEP	2026-09-13T08:41:24.2682888Z           {
E2E core flows (chromium)	UNKNOWN STEP	2026-09-13T08:41:24.2683183Z             "any": [
E2E core flows (chromium)	UNKNOWN STEP	2026-09-13T08:41:24.2683517Z               {
E2E core flows (chromium)	UNKNOWN STEP	2026-09-13T08:41:24.2683887Z                 "id": "color-contrast",
E2E core flows (chromium)	UNKNOWN STEP	2026-09-13T08:41:24.2684305Z                 "data": {
E2E core flows (chromium)	UNKNOWN STEP	2026-09-13T08:41:24.2684718Z                   "fgColor": "#2c2c2c",
E2E core flows (chromium)	UNKNOWN STEP	2026-09-13T08:41:24.2685185Z                   "bgColor": "#121214",
E2E core flows (chromium)	UNKNOWN STEP	2026-09-13T08:41:24.2685655Z                   "contrastRatio": 1.33,
E2E core flows (chromium)	UNKNOWN STEP	2026-09-13T08:41:24.2686160Z                   "fontSize": "12.6pt (16.8px)",
E2E core flows (chromium)	UNKNOWN STEP	2026-09-13T08:41:24.2686672Z                   "fontWeight": "bold",
E2E core flows (chromium)	UNKNOWN STEP	2026-09-13T08:41:24.2687123Z                   "messageKey": null,
E2E core flows (chromium)	UNKNOWN STEP	2026-09-13T08:41:24.2687619Z                   "expectedContrastRatio": "4.5:1"
E2E core flows (chromium)	UNKNOWN STEP	2026-09-13T08:41:24.2688069Z                 },
E2E core flows (chromium)	UNKNOWN STEP	2026-09-13T08:41:24.2688430Z                 "relatedNodes": [
E2E core flows (chromium)	UNKNOWN STEP	2026-09-13T08:41:24.2688833Z                   {
E2E core flows (chromium)	UNKNOWN STEP	2026-09-13T08:41:24.2690521Z                     "html": "<div class=\"MuiPaper-root MuiPaper-elevation MuiPaper-rounded MuiPaper-elevation0 MuiCard-root css-buqcm8-MuiPaper-root-MuiCard-root\" id=\"article-wizards-commander-brackets-2024\">",
E2E core flows (chromium)	UNKNOWN STEP	2026-09-13T08:41:24.2692210Z                     "target": [
E2E core flows (chromium)	UNKNOWN STEP	2026-09-13T08:41:24.2693057Z                       ".css-9o90yh > .css-buqcm8-MuiPaper-root-MuiCard-root.MuiCard-root.MuiPaper-rounded"
E2E core flows (chromium)	UNKNOWN STEP	2026-09-13T08:41:24.2693853Z                     ]
E2E core flows (chromium)	UNKNOWN STEP	2026-09-13T08:41:24.2694186Z                   },
E2E core flows (chromium)	UNKNOWN STEP	2026-09-13T08:41:24.2694508Z                   {
E2E core flows (chromium)	UNKNOWN STEP	2026-09-13T08:41:24.2694889Z                     "html": "<body>",
E2E core flows (chromium)	UNKNOWN STEP	2026-09-13T08:41:24.2695329Z                     "target": [
E2E core flows (chromium)	UNKNOWN STEP	2026-09-13T08:41:24.2695699Z                       "body"
E2E core flows (chromium)	UNKNOWN STEP	2026-09-13T08:41:24.2696055Z                     ]
E2E core flows (chromium)	UNKNOWN STEP	2026-09-13T08:41:24.2696371Z                   }
E2E core flows (chromium)	UNKNOWN STEP	2026-09-13T08:41:24.2696684Z                 ],
E2E core flows (chromium)	UNKNOWN STEP	2026-09-13T08:41:24.2697060Z                 "impact": "serious",
E2E core flows (chromium)	UNKNOWN STEP	2026-09-13T08:41:24.2698560Z                 "message": "Element has insufficient color contrast of 1.33 (foreground color: #2c2c2c, background color: #121214, font size: 12.6pt (16.8px), font weight: bold). Expected contrast ratio of 4.5:1"
E2E core flows (chromium)	UNKNOWN STEP	2026-09-13T08:41:24.2700026Z               }
E2E core flows (chromium)	UNKNOWN STEP	2026-09-13T08:41:24.2700328Z             ],
E2E core flows (chromium)	UNKNOWN STEP	2026-09-13T08:41:24.2700633Z             "all": [],
E2E core flows (chromium)	UNKNOWN STEP	2026-09-13T08:41:24.2700978Z             "none": [],
E2E core flows (chromium)	UNKNOWN STEP	2026-09-13T08:41:24.2701576Z             "impact": "serious",
E2E core flows (chromium)	UNKNOWN STEP	2026-09-13T08:41:24.2703533Z             "html": "<a class=\"MuiTypography-root MuiTypography-inherit MuiLink-root MuiLink-underlineHover css-13xbv5x-MuiTypography-root-MuiLink-root\" href=\"/library/wizards-commander-brackets-2024\" data-discover=\"true\">Introducing Commander Brackets</a>",
E2E core flows (chromium)	UNKNOWN STEP	2026-09-13T08:41:24.2705316Z             "target": [
E2E core flows (chromium)	UNKNOWN STEP	2026-09-13T08:41:24.2707586Z               ".css-9o90yh > .css-buqcm8-MuiPaper-root-MuiCard-root.MuiCard-root.MuiPaper-rounded > .MuiCardContent-root.css-ctkb6f-MuiCardContent-root > .css-1s0lv8i-MuiTypography-root.MuiTypography-h6 > .css-13xbv5x-MuiTypography-root-MuiLink-root.MuiLink-underlineHover[data-discover=\"true\"]"
E2E core flows (chromium)	UNKNOWN STEP	2026-09-13T08:41:24.2709816Z             ],
E2E core flows (chromium)	UNKNOWN STEP	2026-09-13T08:41:24.2711638Z             "failureSummary": "Fix any of the following:\n  Element has insufficient color contrast of 1.33 (foreground color: #2c2c2c, background color: #121214, font size: 12.6pt (16.8px), font weight: bold). Expected contrast ratio of 4.5:1"
E2E core flows (chromium)	UNKNOWN STEP	2026-09-13T08:41:24.2713143Z           }
E2E core flows (chromium)	UNKNOWN STEP	2026-09-13T08:41:24.2713446Z         ]
E2E core flows (chromium)	UNKNOWN STEP	2026-09-13T08:41:24.2713748Z       }
E2E core flows (chromium)	UNKNOWN STEP	2026-09-13T08:41:24.2714033Z     ]
E2E core flows (chromium)	UNKNOWN STEP	2026-09-13T08:41:24.2714204Z 
E2E core flows (chromium)	UNKNOWN STEP	2026-09-13T08:41:24.2714486Z     expect(received).toEqual(expected) // deep equality
E2E core flows (chromium)	UNKNOWN STEP	2026-09-13T08:41:24.2714861Z 
E2E core flows (chromium)	UNKNOWN STEP	2026-09-13T08:41:24.2715007Z     - Expected  -  1
E2E core flows (chromium)	UNKNOWN STEP	2026-09-13T08:41:24.2715351Z     + Received  + 64
E2E core flows (chromium)	UNKNOWN STEP	2026-09-13T08:41:24.2715557Z 
E2E core flows (chromium)	UNKNOWN STEP	2026-09-13T08:41:24.2715694Z     - Array []
E2E core flows (chromium)	UNKNOWN STEP	2026-09-13T08:41:24.2716011Z     + Array [
E2E core flows (chromium)	UNKNOWN STEP	2026-09-13T08:41:24.2716314Z     +   Object {
E2E core flows (chromium)	UNKNOWN STEP	2026-09-13T08:41:24.2717272Z     +     "description": "Ensure the contrast between foreground and background colors meets WCAG 2 AA minimum contrast ratio thresholds",
E2E core flows (chromium)	UNKNOWN STEP	2026-09-13T08:41:24.2718474Z     +     "help": "Elements must meet minimum color contrast ratio thresholds",
E2E core flows (chromium)	UNKNOWN STEP	2026-09-13T08:41:24.2719512Z     +     "helpUrl": "https://dequeuniversity.com/rules/axe/4.11/color-contrast?application=playwright",
E2E core flows (chromium)	UNKNOWN STEP	2026-09-13T08:41:24.2720361Z     +     "id": "color-contrast",
E2E core flows (chromium)	UNKNOWN STEP	2026-09-13T08:41:24.2720816Z     +     "impact": "serious",
E2E core flows (chromium)	UNKNOWN STEP	2026-09-13T08:41:24.2721516Z     +     "nodes": Array [
E2E core flows (chromium)	UNKNOWN STEP	2026-09-13T08:41:24.2721903Z     +       Object {
E2E core flows (chromium)	UNKNOWN STEP	2026-09-13T08:41:24.2722295Z     +         "all": Array [],
E2E core flows (chromium)	UNKNOWN STEP	2026-09-13T08:41:24.2722694Z     +         "any": Array [
E2E core flows (chromium)	UNKNOWN STEP	2026-09-13T08:41:24.2723072Z     +           Object {
E2E core flows (chromium)	UNKNOWN STEP	2026-09-13T08:41:24.2723481Z     +             "data": Object {
E2E core flows (chromium)	UNKNOWN STEP	2026-09-13T08:41:24.2723921Z     +               "bgColor": "#121214",
E2E core flows (chromium)	UNKNOWN STEP	2026-09-13T08:41:24.2724400Z     +               "contrastRatio": 1.33,
E2E core flows (chromium)	UNKNOWN STEP	2026-09-13T08:41:24.2724920Z     +               "expectedContrastRatio": "4.5:1",
E2E core flows (chromium)	UNKNOWN STEP	2026-09-13T08:41:24.2725452Z     +               "fgColor": "#2c2c2c",
E2E core flows (chromium)	UNKNOWN STEP	2026-09-13T08:41:24.2726199Z     +               "fontSize": "12.6pt (16.8px)",
E2E core flows (chromium)	UNKNOWN STEP	2026-09-13T08:41:24.2726751Z     +               "fontWeight": "bold",
E2E core flows (chromium)	UNKNOWN STEP	2026-09-13T08:41:24.2727249Z     +               "messageKey": null,
E2E core flows (chromium)	UNKNOWN STEP	2026-09-13T08:41:24.2727680Z     +             },
E2E core flows (chromium)	UNKNOWN STEP	2026-09-13T08:41:24.2728088Z     +             "id": "color-contrast",
E2E core flows (chromium)	UNKNOWN STEP	2026-09-13T08:41:24.2728580Z     +             "impact": "serious",
E2E core flows (chromium)	UNKNOWN STEP	2026-09-13T08:41:24.2730096Z     +             "message": "Element has insufficient color contrast of 1.33 (foreground color: #2c2c2c, background color: #121214, font size: 12.6pt (16.8px), font weight: bold). Expected contrast ratio of 4.5:1",
E2E core flows (chromium)	UNKNOWN STEP	2026-09-13T08:41:24.2731610Z     +             "relatedNodes": Array [
E2E core flows (chromium)	UNKNOWN STEP	2026-09-13T08:41:24.2732051Z     +               Object {
E2E core flows (chromium)	UNKNOWN STEP	2026-09-13T08:41:24.2733595Z     +                 "html": "<div class=\"MuiPaper-root MuiPaper-elevation MuiPaper-rounded MuiPaper-elevation0 MuiCard-root css-buqcm8-MuiPaper-root-MuiCard-root\" id=\"article-wizards-commander-brackets-2024\">",
E2E core flows (chromium)	UNKNOWN STEP	2026-09-13T08:41:24.2735264Z     +                 "target": Array [
E2E core flows (chromium)	UNKNOWN STEP	2026-09-13T08:41:24.2736148Z     +                   ".css-9o90yh > .css-buqcm8-MuiPaper-root-MuiCard-root.MuiCard-root.MuiPaper-rounded",
E2E core flows (chromium)	UNKNOWN STEP	2026-09-13T08:41:24.2736950Z     +                 ],
E2E core flows (chromium)	UNKNOWN STEP	2026-09-13T08:41:24.2737297Z     +               },
E2E core flows (chromium)	UNKNOWN STEP	2026-09-13T08:41:24.2737631Z     +               Object {
E2E core flows (chromium)	UNKNOWN STEP	2026-09-13T08:41:24.2738050Z     +                 "html": "<body>",
E2E core flows (chromium)	UNKNOWN STEP	2026-09-13T08:41:24.2738525Z     +                 "target": Array [
E2E core flows (chromium)	UNKNOWN STEP	2026-09-13T08:41:24.2738962Z     +                   "body",
E2E core flows (chromium)	UNKNOWN STEP	2026-09-13T08:41:24.2739330Z     +                 ],
E2E core flows (chromium)	UNKNOWN STEP	2026-09-13T08:41:24.2739670Z     +               },
E2E core flows (chromium)	UNKNOWN STEP	2026-09-13T08:41:24.2740002Z     +             ],
E2E core flows (chromium)	UNKNOWN STEP	2026-09-13T08:41:24.2740319Z     +           },
E2E core flows (chromium)	UNKNOWN STEP	2026-09-13T08:41:24.2740629Z     +         ],
E2E core flows (chromium)	UNKNOWN STEP	2026-09-13T08:41:24.2741085Z     +         "failureSummary": "Fix any of the following:
E2E core flows (chromium)	UNKNOWN STEP	2026-09-13T08:41:24.2742821Z     +   Element has insufficient color contrast of 1.33 (foreground color: #2c2c2c, background color: #121214, font size: 12.6pt (16.8px), font weight: bold). Expected contrast ratio of 4.5:1",
E2E core flows (chromium)	UNKNOWN STEP	2026-09-13T08:41:24.2745609Z     +         "html": "<a class=\"MuiTypography-root MuiTypography-inherit MuiLink-root MuiLink-underlineHover css-13xbv5x-MuiTypography-root-MuiLink-root\" href=\"/library/wizards-commander-brackets-2024\" data-discover=\"true\">Introducing Commander Brackets</a>",
E2E core flows (chromium)	UNKNOWN STEP	2026-09-13T08:41:24.2747421Z     +         "impact": "serious",
E2E core flows (chromium)	UNKNOWN STEP	2026-09-13T08:41:24.2747868Z     +         "none": Array [],
E2E core flows (chromium)	UNKNOWN STEP	2026-09-13T08:41:24.2748288Z     +         "target": Array [
E2E core flows (chromium)	UNKNOWN STEP	2026-09-13T08:41:24.2750623Z     +           ".css-9o90yh > .css-buqcm8-MuiPaper-root-MuiCard-root.MuiCard-root.MuiPaper-rounded > .MuiCardContent-root.css-ctkb6f-MuiCardContent-root > .css-1s0lv8i-MuiTypography-root.MuiTypography-h6 > .css-13xbv5x-MuiTypography-root-MuiLink-root.MuiLink-underlineHover[data-discover=\"true\"]",
E2E core flows (chromium)	UNKNOWN STEP	2026-09-13T08:41:24.2752911Z     +         ],
E2E core flows (chromium)	UNKNOWN STEP	2026-09-13T08:41:24.2753233Z     +       },
E2E core flows (chromium)	UNKNOWN STEP	2026-09-13T08:41:24.2753548Z     +     ],
E2E core flows (chromium)	UNKNOWN STEP	2026-09-13T08:41:24.2753868Z     +     "tags": Array [
E2E core flows (chromium)	UNKNOWN STEP	2026-09-13T08:41:24.2754241Z     +       "cat.color",
E2E core flows (chromium)	UNKNOWN STEP	2026-09-13T08:41:24.2754597Z     +       "wcag2aa",
E2E core flows (chromium)	UNKNOWN STEP	2026-09-13T08:41:24.2754933Z     +       "wcag143",
E2E core flows (chromium)	UNKNOWN STEP	2026-09-13T08:41:24.2755270Z     +       "TTv5",
E2E core flows (chromium)	UNKNOWN STEP	2026-09-13T08:41:24.2755596Z     +       "TT13.c",
E2E core flows (chromium)	UNKNOWN STEP	2026-09-13T08:41:24.2755931Z     +       "EN-301-549",
E2E core flows (chromium)	UNKNOWN STEP	2026-09-13T08:41:24.2756274Z     +       "EN-9.1.4.3",
E2E core flows (chromium)	UNKNOWN STEP	2026-09-13T08:41:24.2756620Z     +       "ACT",
E2E core flows (chromium)	UNKNOWN STEP	2026-09-13T08:41:24.2756938Z     +       "RGAAv4",
E2E core flows (chromium)	UNKNOWN STEP	2026-09-13T08:41:24.2757269Z     +       "RGAA-3.2.1",
E2E core flows (chromium)	UNKNOWN STEP	2026-09-13T08:41:24.2757605Z     +     ],
E2E core flows (chromium)	UNKNOWN STEP	2026-09-13T08:41:24.2757904Z     +   },
E2E core flows (chromium)	UNKNOWN STEP	2026-09-13T08:41:24.2758190Z     + ]
E2E core flows (chromium)	UNKNOWN STEP	2026-09-13T08:41:24.2758354Z 
E2E core flows (chromium)	UNKNOWN STEP	2026-09-13T08:41:24.2758611Z       545 |           contentType: 'application/json',
E2E core flows (chromium)	UNKNOWN STEP	2026-09-13T08:41:24.2759100Z       546 |         })
E2E core flows (chromium)	UNKNOWN STEP	2026-09-13T08:41:24.2760317Z     > 547 |         expect(contrast.violations, JSON.stringify(contrast.violations, null, 2)).toEqual([])
E2E core flows (chromium)	UNKNOWN STEP	2026-09-13T08:41:24.2761992Z           |                                                                                   ^
E2E core flows (chromium)	UNKNOWN STEP	2026-09-13T08:41:24.2762813Z       548 |       }
E2E core flows (chromium)	UNKNOWN STEP	2026-09-13T08:41:24.2763270Z       549 |     })
E2E core flows (chromium)	UNKNOWN STEP	2026-09-13T08:41:24.2763765Z       550 |   }
E2E core flows (chromium)	UNKNOWN STEP	2026-09-13T08:41:24.2764680Z         at /home/runner/work/manatuner/manatuner/tests/e2e/core-flows/persona-followup.spec.js:547:83
E2E core flows (chromium)	UNKNOWN STEP	2026-09-13T08:41:24.2765464Z 
E2E core flows (chromium)	UNKNOWN STEP	2026-09-13T08:41:24.2766385Z     attachment #4: screenshot (image/png) ──────────────────────────────────────────────────────────
E2E core flows (chromium)	UNKNOWN STEP	2026-09-13T08:41:24.2767846Z     test-results/core-flows-persona-followu-0ae82-st-themes-and-viewport-1440-chromium/test-failed-1.png
E2E core flows (chromium)	UNKNOWN STEP	2026-09-13T08:41:24.2769389Z     ────────────────────────────────────────────────────────────────────────────────────────────────
E2E core flows (chromium)	UNKNOWN STEP	2026-09-13T08:41:24.2769873Z 
E2E core flows (chromium)	UNKNOWN STEP	2026-09-13T08:41:24.2791108Z     attachment #5: video (video/webm) ──────────────────────────────────────────────────────────────
E2E core flows (chromium)	UNKNOWN STEP	2026-09-13T08:41:24.2794467Z     test-results/core-flows-persona-followu-0ae82-st-themes-and-viewport-1440-chromium/video-1.webm
E2E core flows (chromium)	UNKNOWN STEP	2026-09-13T08:41:24.2796116Z     ────────────────────────────────────────────────────────────────────────────────────────────────
E2E core flows (chromium)	UNKNOWN STEP	2026-09-13T08:41:24.2796588Z 
E2E core flows (chromium)	UNKNOWN STEP	2026-09-13T08:41:24.2797259Z     attachment #6: video (video/webm) ──────────────────────────────────────────────────────────────
E2E core flows (chromium)	UNKNOWN STEP	2026-09-13T08:41:24.2798432Z     test-results/core-flows-persona-followu-0ae82-st-themes-and-viewport-1440-chromium/video-2.webm
E2E core flows (chromium)	UNKNOWN STEP	2026-09-13T08:41:24.2799754Z     ────────────────────────────────────────────────────────────────────────────────────────────────
E2E core flows (chromium)	UNKNOWN STEP	2026-09-13T08:41:24.2800234Z 
E2E core flows (chromium)	UNKNOWN STEP	2026-09-13T08:41:24.2800907Z     attachment #7: video (video/webm) ──────────────────────────────────────────────────────────────
E2E core flows (chromium)	UNKNOWN STEP	2026-09-13T08:41:24.2802444Z     test-results/core-flows-persona-followu-0ae82-st-themes-and-viewport-1440-chromium/video.webm
E2E core flows (chromium)	UNKNOWN STEP	2026-09-13T08:41:24.2803746Z     ────────────────────────────────────────────────────────────────────────────────────────────────
E2E core flows (chromium)	UNKNOWN STEP	2026-09-13T08:41:24.2804277Z 
E2E core flows (chromium)	UNKNOWN STEP	2026-09-13T08:41:24.2805058Z     Error Context: test-results/core-flows-persona-followu-0ae82-st-themes-and-viewport-1440-chromium/error-context.md
E2E core flows (chromium)	UNKNOWN STEP	2026-09-13T08:41:24.2805887Z 
E2E core flows (chromium)	UNKNOWN STEP	2026-09-13T08:41:24.2806500Z     Retry #1 ───────────────────────────────────────────────────────────────────────────────────────
E2E core flows (chromium)	UNKNOWN STEP	2026-09-13T08:41:24.2806970Z 
E2E core flows (chromium)	UNKNOWN STEP	2026-09-13T08:41:24.2807099Z     Error: [
E2E core flows (chromium)	UNKNOWN STEP	2026-09-13T08:41:24.2807412Z       {
E2E core flows (chromium)	UNKNOWN STEP	2026-09-13T08:41:24.2807754Z         "id": "color-contrast",
E2E core flows (chromium)	UNKNOWN STEP	2026-09-13T08:41:24.2808157Z         "impact": "serious",
E2E core flows (chromium)	UNKNOWN STEP	2026-09-13T08:41:24.2808537Z         "tags": [
E2E core flows (chromium)	UNKNOWN STEP	2026-09-13T08:41:24.2808868Z           "cat.color",
E2E core flows (chromium)	UNKNOWN STEP	2026-09-13T08:41:24.2809205Z           "wcag2aa",
E2E core flows (chromium)	UNKNOWN STEP	2026-09-13T08:41:24.2809534Z           "wcag143",
E2E core flows (chromium)	UNKNOWN STEP	2026-09-13T08:41:24.2809862Z           "TTv5",
E2E core flows (chromium)	UNKNOWN STEP	2026-09-13T08:41:24.2810181Z           "TT13.c",
E2E core flows (chromium)	UNKNOWN STEP	2026-09-13T08:41:24.2810513Z           "EN-301-549",
E2E core flows (chromium)	UNKNOWN STEP	2026-09-13T08:41:24.2810867Z           "EN-9.1.4.3",
E2E core flows (chromium)	UNKNOWN STEP	2026-09-13T08:41:24.2811401Z           "ACT",
E2E core flows (chromium)	UNKNOWN STEP	2026-09-13T08:41:24.2812134Z           "RGAAv4",
E2E core flows (chromium)	UNKNOWN STEP	2026-09-13T08:41:24.2812491Z           "RGAA-3.2.1"
E2E core flows (chromium)	UNKNOWN STEP	2026-09-13T08:41:24.2812832Z         ],
E2E core flows (chromium)	UNKNOWN STEP	2026-09-13T08:41:24.2813778Z         "description": "Ensure the contrast between foreground and background colors meets WCAG 2 AA minimum contrast ratio thresholds",
E2E core flows (chromium)	UNKNOWN STEP	2026-09-13T08:41:24.2814965Z         "help": "Elements must meet minimum color contrast ratio thresholds",
E2E core flows (chromium)	UNKNOWN STEP	2026-09-13T08:41:24.2815981Z         "helpUrl": "https://dequeuniversity.com/rules/axe/4.11/color-contrast?application=playwright",
E2E core flows (chromium)	UNKNOWN STEP	2026-09-13T08:41:24.2816731Z         "nodes": [
E2E core flows (chromium)	UNKNOWN STEP	2026-09-13T08:41:24.2817054Z           {
E2E core flows (chromium)	UNKNOWN STEP	2026-09-13T08:41:24.2817355Z             "any": [
E2E core flows (chromium)	UNKNOWN STEP	2026-09-13T08:41:24.2817682Z               {
E2E core flows (chromium)	UNKNOWN STEP	2026-09-13T08:41:24.2818063Z                 "id": "color-contrast",
E2E core flows (chromium)	UNKNOWN STEP	2026-09-13T08:41:24.2818476Z                 "data": {
E2E core flows (chromium)	UNKNOWN STEP	2026-09-13T08:41:24.2818879Z                   "fgColor": "#2c2c2c",
E2E core flows (chromium)	UNKNOWN STEP	2026-09-13T08:41:24.2819332Z                   "bgColor": "#121214",
E2E core flows (chromium)	UNKNOWN STEP	2026-09-13T08:41:24.2819984Z                   "contrastRatio": 1.33,
E2E core flows (chromium)	UNKNOWN STEP	2026-09-13T08:41:24.2820481Z                   "fontSize": "12.6pt (16.8px)",
E2E core flows (chromium)	UNKNOWN STEP	2026-09-13T08:41:24.2820985Z                   "fontWeight": "bold",
E2E core flows (chromium)	UNKNOWN STEP	2026-09-13T08:41:24.2821710Z                   "messageKey": null,
E2E core flows (chromium)	UNKNOWN STEP	2026-09-13T08:41:24.2822224Z                   "expectedContrastRatio": "4.5:1"
E2E core flows (chromium)	UNKNOWN STEP	2026-09-13T08:41:24.2822673Z                 },
E2E core flows (chromium)	UNKNOWN STEP	2026-09-13T08:41:24.2823046Z                 "relatedNodes": [
E2E core flows (chromium)	UNKNOWN STEP	2026-09-13T08:41:24.2823429Z                   {
E2E core flows (chromium)	UNKNOWN STEP	2026-09-13T08:41:24.2824918Z                     "html": "<div class=\"MuiPaper-root MuiPaper-elevation MuiPaper-rounded MuiPaper-elevation0 MuiCard-root css-buqcm8-MuiPaper-root-MuiCard-root\" id=\"article-wizards-commander-brackets-2024\">",
E2E core flows (chromium)	UNKNOWN STEP	2026-09-13T08:41:24.2826343Z                     "target": [
E2E core flows (chromium)	UNKNOWN STEP	2026-09-13T08:41:24.2827200Z                       ".css-9o90yh > .css-buqcm8-MuiPaper-root-MuiCard-root.MuiCard-root.MuiPaper-rounded"
E2E core flows (chromium)	UNKNOWN STEP	2026-09-13T08:41:24.2828004Z                     ]
E2E core flows (chromium)	UNKNOWN STEP	2026-09-13T08:41:24.2828357Z                   },
E2E core flows (chromium)	UNKNOWN STEP	2026-09-13T08:41:24.2828698Z                   {
E2E core flows (chromium)	UNKNOWN STEP	2026-09-13T08:41:24.2829095Z                     "html": "<body>",
E2E core flows (chromium)	UNKNOWN STEP	2026-09-13T08:41:24.2829560Z                     "target": [
E2E core flows (chromium)	UNKNOWN STEP	2026-09-13T08:41:24.2829957Z                       "body"
E2E core flows (chromium)	UNKNOWN STEP	2026-09-13T08:41:24.2830331Z                     ]
E2E core flows (chromium)	UNKNOWN STEP	2026-09-13T08:41:24.2830668Z                   }
E2E core flows (chromium)	UNKNOWN STEP	2026-09-13T08:41:24.2830983Z                 ],
E2E core flows (chromium)	UNKNOWN STEP	2026-09-13T08:41:24.2831558Z                 "impact": "serious",
E2E core flows (chromium)	UNKNOWN STEP	2026-09-13T08:41:24.2832996Z                 "message": "Element has insufficient color contrast of 1.33 (foreground color: #2c2c2c, background color: #121214, font size: 12.6pt (16.8px), font weight: bold). Expected contrast ratio of 4.5:1"
E2E core flows (chromium)	UNKNOWN STEP	2026-09-13T08:41:24.2834207Z               }
E2E core flows (chromium)	UNKNOWN STEP	2026-09-13T08:41:24.2834525Z             ],
E2E core flows (chromium)	UNKNOWN STEP	2026-09-13T08:41:24.2834847Z             "all": [],
E2E core flows (chromium)	UNKNOWN STEP	2026-09-13T08:41:24.2835198Z             "none": [],
E2E core flows (chromium)	UNKNOWN STEP	2026-09-13T08:41:24.2835596Z             "impact": "serious",
E2E core flows (chromium)	UNKNOWN STEP	2026-09-13T08:41:24.2837518Z             "html": "<a class=\"MuiTypography-root MuiTypography-inherit MuiLink-root MuiLink-underlineHover css-13xbv5x-MuiTypography-root-MuiLink-root\" href=\"/library/wizards-commander-brackets-2024\" data-discover=\"true\">Introducing Commander Brackets</a>",
E2E core flows (chromium)	UNKNOWN STEP	2026-09-13T08:41:24.2839259Z             "target": [
E2E core flows (chromium)	UNKNOWN STEP	2026-09-13T08:41:24.2841916Z               ".css-9o90yh > .css-buqcm8-MuiPaper-root-MuiCard-root.MuiCard-root.MuiPaper-rounded > .MuiCardContent-root.css-ctkb6f-MuiCardContent-root > .css-1s0lv8i-MuiTypography-root.MuiTypography-h6 > .css-13xbv5x-MuiTypography-root-MuiLink-root.MuiLink-underlineHover[data-discover=\"true\"]"
E2E core flows (chromium)	UNKNOWN STEP	2026-09-13T08:41:24.2844108Z             ],
E2E core flows (chromium)	UNKNOWN STEP	2026-09-13T08:41:24.2845640Z             "failureSummary": "Fix any of the following:\n  Element has insufficient color contrast of 1.33 (foreground color: #2c2c2c, background color: #121214, font size: 12.6pt (16.8px), font weight: bold). Expected contrast ratio of 4.5:1"
E2E core flows (chromium)	UNKNOWN STEP	2026-09-13T08:41:24.2847092Z           }
E2E core flows (chromium)	UNKNOWN STEP	2026-09-13T08:41:24.2847380Z         ]
E2E core flows (chromium)	UNKNOWN STEP	2026-09-13T08:41:24.2847668Z       }
E2E core flows (chromium)	UNKNOWN STEP	2026-09-13T08:41:24.2848154Z     ]
E2E core flows (chromium)	UNKNOWN STEP	2026-09-13T08:41:24.2848319Z 
E2E core flows (chromium)	UNKNOWN STEP	2026-09-13T08:41:24.2848604Z     expect(received).toEqual(expected) // deep equality
E2E core flows (chromium)	UNKNOWN STEP	2026-09-13T08:41:24.2848988Z 
E2E core flows (chromium)	UNKNOWN STEP	2026-09-13T08:41:24.2849139Z     - Expected  -  1
E2E core flows (chromium)	UNKNOWN STEP	2026-09-13T08:41:24.2849496Z     + Received  + 64
E2E core flows (chromium)	UNKNOWN STEP	2026-09-13T08:41:24.2849703Z 
E2E core flows (chromium)	UNKNOWN STEP	2026-09-13T08:41:24.2849841Z     - Array []
E2E core flows (chromium)	UNKNOWN STEP	2026-09-13T08:41:24.2850143Z     + Array [
E2E core flows (chromium)	UNKNOWN STEP	2026-09-13T08:41:24.2850447Z     +   Object {
E2E core flows (chromium)	UNKNOWN STEP	2026-09-13T08:41:24.2851662Z     +     "description": "Ensure the contrast between foreground and background colors meets WCAG 2 AA minimum contrast ratio thresholds",
E2E core flows (chromium)	UNKNOWN STEP	2026-09-13T08:41:24.2852884Z     +     "help": "Elements must meet minimum color contrast ratio thresholds",
E2E core flows (chromium)	UNKNOWN STEP	2026-09-13T08:41:24.2853948Z     +     "helpUrl": "https://dequeuniversity.com/rules/axe/4.11/color-contrast?application=playwright",
E2E core flows (chromium)	UNKNOWN STEP	2026-09-13T08:41:24.2854775Z     +     "id": "color-contrast",
E2E core flows (chromium)	UNKNOWN STEP	2026-09-13T08:41:24.2855229Z     +     "impact": "serious",
E2E core flows (chromium)	UNKNOWN STEP	2026-09-13T08:41:24.2855816Z     +     "nodes": Array [
E2E core flows (chromium)	UNKNOWN STEP	2026-09-13T08:41:24.2856179Z     +       Object {
E2E core flows (chromium)	UNKNOWN STEP	2026-09-13T08:41:24.2856554Z     +         "all": Array [],
E2E core flows (chromium)	UNKNOWN STEP	2026-09-13T08:41:24.2856927Z     +         "any": Array [
E2E core flows (chromium)	UNKNOWN STEP	2026-09-13T08:41:24.2857304Z     +           Object {
E2E core flows (chromium)	UNKNOWN STEP	2026-09-13T08:41:24.2857698Z     +             "data": Object {
E2E core flows (chromium)	UNKNOWN STEP	2026-09-13T08:41:24.2858151Z     +               "bgColor": "#121214",
E2E core flows (chromium)	UNKNOWN STEP	2026-09-13T08:41:24.2858652Z     +               "contrastRatio": 1.33,
E2E core flows (chromium)	UNKNOWN STEP	2026-09-13T08:41:24.2859195Z     +               "expectedContrastRatio": "4.5:1",
E2E core flows (chromium)	UNKNOWN STEP	2026-09-13T08:41:24.2859720Z     +               "fgColor": "#2c2c2c",
E2E core flows (chromium)	UNKNOWN STEP	2026-09-13T08:41:24.2860247Z     +               "fontSize": "12.6pt (16.8px)",
E2E core flows (chromium)	UNKNOWN STEP	2026-09-13T08:41:24.2860756Z     +               "fontWeight": "bold",
E2E core flows (chromium)	UNKNOWN STEP	2026-09-13T08:41:24.2861445Z     +               "messageKey": null,
E2E core flows (chromium)	UNKNOWN STEP	2026-09-13T08:41:24.2861866Z     +             },
E2E core flows (chromium)	UNKNOWN STEP	2026-09-13T08:41:24.2862257Z     +             "id": "color-contrast",
E2E core flows (chromium)	UNKNOWN STEP	2026-09-13T08:41:24.2862729Z     +             "impact": "serious",
E2E core flows (chromium)	UNKNOWN STEP	2026-09-13T08:41:24.2864206Z     +             "message": "Element has insufficient color contrast of 1.33 (foreground color: #2c2c2c, background color: #121214, font size: 12.6pt (16.8px), font weight: bold). Expected contrast ratio of 4.5:1",
E2E core flows (chromium)	UNKNOWN STEP	2026-09-13T08:41:24.2865546Z     +             "relatedNodes": Array [
E2E core flows (chromium)	UNKNOWN STEP	2026-09-13T08:41:24.2865981Z     +               Object {
E2E core flows (chromium)	UNKNOWN STEP	2026-09-13T08:41:24.2867555Z     +                 "html": "<div class=\"MuiPaper-root MuiPaper-elevation MuiPaper-rounded MuiPaper-elevation0 MuiCard-root css-buqcm8-MuiPaper-root-MuiCard-root\" id=\"article-wizards-commander-brackets-2024\">",
E2E core flows (chromium)	UNKNOWN STEP	2026-09-13T08:41:24.2869041Z     +                 "target": Array [
E2E core flows (chromium)	UNKNOWN STEP	2026-09-13T08:41:24.2869945Z     +                   ".css-9o90yh > .css-buqcm8-MuiPaper-root-MuiCard-root.MuiCard-root.MuiPaper-rounded",
E2E core flows (chromium)	UNKNOWN STEP	2026-09-13T08:41:24.2870755Z     +                 ],
E2E core flows (chromium)	UNKNOWN STEP	2026-09-13T08:41:24.2871103Z     +               },
E2E core flows (chromium)	UNKNOWN STEP	2026-09-13T08:41:24.2871643Z     +               Object {
E2E core flows (chromium)	UNKNOWN STEP	2026-09-13T08:41:24.2872081Z     +                 "html": "<body>",
E2E core flows (chromium)	UNKNOWN STEP	2026-09-13T08:41:24.2872552Z     +                 "target": Array [
E2E core flows (chromium)	UNKNOWN STEP	2026-09-13T08:41:24.2873008Z     +                   "body",
E2E core flows (chromium)	UNKNOWN STEP	2026-09-13T08:41:24.2873392Z     +                 ],
E2E core flows (chromium)	UNKNOWN STEP	2026-09-13T08:41:24.2873724Z     +               },
E2E core flows (chromium)	UNKNOWN STEP	2026-09-13T08:41:24.2874050Z     +             ],
E2E core flows (chromium)	UNKNOWN STEP	2026-09-13T08:41:24.2874389Z     +           },
E2E core flows (chromium)	UNKNOWN STEP	2026-09-13T08:41:24.2874705Z     +         ],
E2E core flows (chromium)	UNKNOWN STEP	2026-09-13T08:41:24.2875149Z     +         "failureSummary": "Fix any of the following:
E2E core flows (chromium)	UNKNOWN STEP	2026-09-13T08:41:24.2876590Z     +   Element has insufficient color contrast of 1.33 (foreground color: #2c2c2c, background color: #121214, font size: 12.6pt (16.8px), font weight: bold). Expected contrast ratio of 4.5:1",
E2E core flows (chromium)	UNKNOWN STEP	2026-09-13T08:41:24.2879349Z     +         "html": "<a class=\"MuiTypography-root MuiTypography-inherit MuiLink-root MuiLink-underlineHover css-13xbv5x-MuiTypography-root-MuiLink-root\" href=\"/library/wizards-commander-brackets-2024\" data-discover=\"true\">Introducing Commander Brackets</a>",
E2E core flows (chromium)	UNKNOWN STEP	2026-09-13T08:41:24.2881513Z     +         "impact": "serious",
E2E core flows (chromium)	UNKNOWN STEP	2026-09-13T08:41:24.2881983Z     +         "none": Array [],
E2E core flows (chromium)	UNKNOWN STEP	2026-09-13T08:41:24.2882398Z     +         "target": Array [
E2E core flows (chromium)	UNKNOWN STEP	2026-09-13T08:41:24.2884716Z     +           ".css-9o90yh > .css-buqcm8-MuiPaper-root-MuiCard-root.MuiCard-root.MuiPaper-rounded > .MuiCardContent-root.css-ctkb6f-MuiCardContent-root > .css-1s0lv8i-MuiTypography-root.MuiTypography-h6 > .css-13xbv5x-MuiTypography-root-MuiLink-root.MuiLink-underlineHover[data-discover=\"true\"]",
E2E core flows (chromium)	UNKNOWN STEP	2026-09-13T08:41:24.2886795Z     +         ],
E2E core flows (chromium)	UNKNOWN STEP	2026-09-13T08:41:24.2887106Z     +       },
E2E core flows (chromium)	UNKNOWN STEP	2026-09-13T08:41:24.2887416Z     +     ],
E2E core flows (chromium)	UNKNOWN STEP	2026-09-13T08:41:24.2887735Z     +     "tags": Array [
E2E core flows (chromium)	UNKNOWN STEP	2026-09-13T08:41:24.2888111Z     +       "cat.color",
E2E core flows (chromium)	UNKNOWN STEP	2026-09-13T08:41:24.2888482Z     +       "wcag2aa",
E2E core flows (chromium)	UNKNOWN STEP	2026-09-13T08:41:24.2888828Z     +       "wcag143",
E2E core flows (chromium)	UNKNOWN STEP	2026-09-13T08:41:24.2889162Z     +       "TTv5",
E2E core flows (chromium)	UNKNOWN STEP	2026-09-13T08:41:24.2889495Z     +       "TT13.c",
E2E core flows (chromium)	UNKNOWN STEP	2026-09-13T08:41:24.2889852Z     +       "EN-301-549",
E2E core flows (chromium)	UNKNOWN STEP	2026-09-13T08:41:24.2890379Z     +       "EN-9.1.4.3",
E2E core flows (chromium)	UNKNOWN STEP	2026-09-13T08:41:24.2890726Z     +       "ACT",
E2E core flows (chromium)	UNKNOWN STEP	2026-09-13T08:41:24.2891049Z     +       "RGAAv4",
E2E core flows (chromium)	UNKNOWN STEP	2026-09-13T08:41:24.2891601Z     +       "RGAA-3.2.1",
E2E core flows (chromium)	UNKNOWN STEP	2026-09-13T08:41:24.2891959Z     +     ],
E2E core flows (chromium)	UNKNOWN STEP	2026-09-13T08:41:24.2892259Z     +   },
E2E core flows (chromium)	UNKNOWN STEP	2026-09-13T08:41:24.2892558Z     + ]
E2E core flows (chromium)	UNKNOWN STEP	2026-09-13T08:41:24.2892743Z 
E2E core flows (chromium)	UNKNOWN STEP	2026-09-13T08:41:24.2893028Z       545 |           contentType: 'application/json',
E2E core flows (chromium)	UNKNOWN STEP	2026-09-13T08:41:24.2893507Z       546 |         })
E2E core flows (chromium)	UNKNOWN STEP	2026-09-13T08:41:24.2894247Z     > 547 |         expect(contrast.violations, JSON.stringify(contrast.violations, null, 2)).toEqual([])
E2E core flows (chromium)	UNKNOWN STEP	2026-09-13T08:41:24.2895183Z           |                                                                                   ^
E2E core flows (chromium)	UNKNOWN STEP	2026-09-13T08:41:24.2895710Z       548 |       }
E2E core flows (chromium)	UNKNOWN STEP	2026-09-13T08:41:24.2896023Z       549 |     })
E2E core flows (chromium)	UNKNOWN STEP	2026-09-13T08:41:24.2896344Z       550 |   }
E2E core flows (chromium)	UNKNOWN STEP	2026-09-13T08:41:24.2897122Z         at /home/runner/work/manatuner/manatuner/tests/e2e/core-flows/persona-followup.spec.js:547:83
E2E core flows (chromium)	UNKNOWN STEP	2026-09-13T08:41:24.2897791Z 
E2E core flows (chromium)	UNKNOWN STEP	2026-09-13T08:41:24.2898543Z     attachment #4: screenshot (image/png) ──────────────────────────────────────────────────────────
E2E core flows (chromium)	UNKNOWN STEP	2026-09-13T08:41:24.2899868Z     test-results/core-flows-persona-followu-0ae82-st-themes-and-viewport-1440-chromium-retry1/test-failed-1.png
E2E core flows (chromium)	UNKNOWN STEP	2026-09-13T08:41:24.2901462Z     ────────────────────────────────────────────────────────────────────────────────────────────────
E2E core flows (chromium)	UNKNOWN STEP	2026-09-13T08:41:24.2901939Z 
E2E core flows (chromium)	UNKNOWN STEP	2026-09-13T08:41:24.2902584Z     attachment #5: video (video/webm) ──────────────────────────────────────────────────────────────
E2E core flows (chromium)	UNKNOWN STEP	2026-09-13T08:41:24.2903816Z     test-results/core-flows-persona-followu-0ae82-st-themes-and-viewport-1440-chromium-retry1/video-1.webm
E2E core flows (chromium)	UNKNOWN STEP	2026-09-13T08:41:24.2905176Z     ────────────────────────────────────────────────────────────────────────────────────────────────
E2E core flows (chromium)	UNKNOWN STEP	2026-09-13T08:41:24.2905644Z 
E2E core flows (chromium)	UNKNOWN STEP	2026-09-13T08:41:24.2906293Z     attachment #6: video (video/webm) ──────────────────────────────────────────────────────────────
E2E core flows (chromium)	UNKNOWN STEP	2026-09-13T08:41:24.2907764Z     test-results/core-flows-persona-followu-0ae82-st-themes-and-viewport-1440-chromium-retry1/video-2.webm
E2E core flows (chromium)	UNKNOWN STEP	2026-09-13T08:41:24.2909219Z     ────────────────────────────────────────────────────────────────────────────────────────────────
E2E core flows (chromium)	UNKNOWN STEP	2026-09-13T08:41:24.2909704Z 
E2E core flows (chromium)	UNKNOWN STEP	2026-09-13T08:41:24.2910357Z     attachment #7: video (video/webm) ──────────────────────────────────────────────────────────────
E2E core flows (chromium)	UNKNOWN STEP	2026-09-13T08:41:24.2911799Z     test-results/core-flows-persona-followu-0ae82-st-themes-and-viewport-1440-chromium-retry1/video.webm
E2E core flows (chromium)	UNKNOWN STEP	2026-09-13T08:41:24.2913225Z     ────────────────────────────────────────────────────────────────────────────────────────────────
E2E core flows (chromium)	UNKNOWN STEP	2026-09-13T08:41:24.2913706Z 
E2E core flows (chromium)	UNKNOWN STEP	2026-09-13T08:41:24.2914542Z     Error Context: test-results/core-flows-persona-followu-0ae82-st-themes-and-viewport-1440-chromium-retry1/error-context.md
E2E core flows (chromium)	UNKNOWN STEP	2026-09-13T08:41:24.2915407Z 
E2E core flows (chromium)	UNKNOWN STEP	2026-09-13T08:41:24.2916066Z     attachment #9: trace (application/zip) ─────────────────────────────────────────────────────────
E2E core flows (chromium)	UNKNOWN STEP	2026-09-13T08:41:24.2917535Z     test-results/core-flows-persona-followu-0ae82-st-themes-and-viewport-1440-chromium-retry1/trace.zip
E2E core flows (chromium)	UNKNOWN STEP	2026-09-13T08:41:24.2918408Z     Usage:
E2E core flows (chromium)	UNKNOWN STEP	2026-09-13T08:41:24.2918583Z 
E2E core flows (chromium)	UNKNOWN STEP	2026-09-13T08:41:24.2919479Z         npx playwright show-trace test-results/core-flows-persona-followu-0ae82-st-themes-and-viewport-1440-chromium-retry1/trace.zip
E2E core flows (chromium)	UNKNOWN STEP	2026-09-13T08:41:24.2920379Z 
E2E core flows (chromium)	UNKNOWN STEP	2026-09-13T08:41:24.2920965Z     ────────────────────────────────────────────────────────────────────────────────────────────────
E2E core flows (chromium)	UNKNOWN STEP	2026-09-13T08:41:24.2921761Z 
E2E core flows (chromium)	UNKNOWN STEP	2026-09-13T08:41:24.2922378Z     Retry #2 ───────────────────────────────────────────────────────────────────────────────────────
E2E core flows (chromium)	UNKNOWN STEP	2026-09-13T08:41:24.2922856Z 
E2E core flows (chromium)	UNKNOWN STEP	2026-09-13T08:41:24.2922994Z     Error: [
E2E core flows (chromium)	UNKNOWN STEP	2026-09-13T08:41:24.2923304Z       {
E2E core flows (chromium)	UNKNOWN STEP	2026-09-13T08:41:24.2923659Z         "id": "color-contrast",
E2E core flows (chromium)	UNKNOWN STEP	2026-09-13T08:41:24.2924062Z         "impact": "serious",
E2E core flows (chromium)	UNKNOWN STEP	2026-09-13T08:41:24.2924439Z         "tags": [
E2E core flows (chromium)	UNKNOWN STEP	2026-09-13T08:41:24.2924772Z           "cat.color",
E2E core flows (chromium)	UNKNOWN STEP	2026-09-13T08:41:24.2925129Z           "wcag2aa",
E2E core flows (chromium)	UNKNOWN STEP	2026-09-13T08:41:24.2925462Z           "wcag143",
E2E core flows (chromium)	UNKNOWN STEP	2026-09-13T08:41:24.2925781Z           "TTv5",
E2E core flows (chromium)	UNKNOWN STEP	2026-09-13T08:41:24.2926096Z           "TT13.c",
E2E core flows (chromium)	UNKNOWN STEP	2026-09-13T08:41:24.2926422Z           "EN-301-549",
E2E core flows (chromium)	UNKNOWN STEP	2026-09-13T08:41:24.2926765Z           "EN-9.1.4.3",
E2E core flows (chromium)	UNKNOWN STEP	2026-09-13T08:41:24.2927113Z           "ACT",
E2E core flows (chromium)	UNKNOWN STEP	2026-09-13T08:41:24.2927425Z           "RGAAv4",
E2E core flows (chromium)	UNKNOWN STEP	2026-09-13T08:41:24.2927756Z           "RGAA-3.2.1"
E2E core flows (chromium)	UNKNOWN STEP	2026-09-13T08:41:24.2928085Z         ],
E2E core flows (chromium)	UNKNOWN STEP	2026-09-13T08:41:24.2929030Z         "description": "Ensure the contrast between foreground and background colors meets WCAG 2 AA minimum contrast ratio thresholds",
E2E core flows (chromium)	UNKNOWN STEP	2026-09-13T08:41:24.2930222Z         "help": "Elements must meet minimum color contrast ratio thresholds",
E2E core flows (chromium)	UNKNOWN STEP	2026-09-13T08:41:24.2931442Z         "helpUrl": "https://dequeuniversity.com/rules/axe/4.11/color-contrast?application=playwright",
E2E core flows (chromium)	UNKNOWN STEP	2026-09-13T08:41:24.2932228Z         "nodes": [
E2E core flows (chromium)	UNKNOWN STEP	2026-09-13T08:41:24.2932552Z           {
E2E core flows (chromium)	UNKNOWN STEP	2026-09-13T08:41:24.2932865Z             "any": [
E2E core flows (chromium)	UNKNOWN STEP	2026-09-13T08:41:24.2933189Z               {
E2E core flows (chromium)	UNKNOWN STEP	2026-09-13T08:41:24.2933755Z                 "id": "color-contrast",
E2E core flows (chromium)	UNKNOWN STEP	2026-09-13T08:41:24.2934196Z                 "data": {
E2E core flows (chromium)	UNKNOWN STEP	2026-09-13T08:41:24.2934616Z                   "fgColor": "#2c2c2c",
E2E core flows (chromium)	UNKNOWN STEP	2026-09-13T08:41:24.2935077Z                   "bgColor": "#121214",
E2E core flows (chromium)	UNKNOWN STEP	2026-09-13T08:41:24.2935553Z                   "contrastRatio": 1.33,
E2E core flows (chromium)	UNKNOWN STEP	2026-09-13T08:41:24.2936067Z                   "fontSize": "12.6pt (16.8px)",
E2E core flows (chromium)	UNKNOWN STEP	2026-09-13T08:41:24.2936566Z                   "fontWeight": "bold",
E2E core flows (chromium)	UNKNOWN STEP	2026-09-13T08:41:24.2937037Z                   "messageKey": null,
E2E core flows (chromium)	UNKNOWN STEP	2026-09-13T08:41:24.2937548Z                   "expectedContrastRatio": "4.5:1"
E2E core flows (chromium)	UNKNOWN STEP	2026-09-13T08:41:24.2938000Z                 },
E2E core flows (chromium)	UNKNOWN STEP	2026-09-13T08:41:24.2938369Z                 "relatedNodes": [
E2E core flows (chromium)	UNKNOWN STEP	2026-09-13T08:41:24.2938766Z                   {
E2E core flows (chromium)	UNKNOWN STEP	2026-09-13T08:41:24.2940291Z                     "html": "<div class=\"MuiPaper-root MuiPaper-elevation MuiPaper-rounded MuiPaper-elevation0 MuiCard-root css-buqcm8-MuiPaper-root-MuiCard-root\" id=\"article-wizards-commander-brackets-2024\">",
E2E core flows (chromium)	UNKNOWN STEP	2026-09-13T08:41:24.2942162Z                     "target": [
E2E core flows (chromium)	UNKNOWN STEP	2026-09-13T08:41:24.2943017Z                       ".css-9o90yh > .css-buqcm8-MuiPaper-root-MuiCard-root.MuiCard-root.MuiPaper-rounded"
E2E core flows (chromium)	UNKNOWN STEP	2026-09-13T08:41:24.2943806Z                     ]
E2E core flows (chromium)	UNKNOWN STEP	2026-09-13T08:41:24.2944142Z                   },
E2E core flows (chromium)	UNKNOWN STEP	2026-09-13T08:41:24.2944477Z                   {
E2E core flows (chromium)	UNKNOWN STEP	2026-09-13T08:41:24.2944856Z                     "html": "<body>",
E2E core flows (chromium)	UNKNOWN STEP	2026-09-13T08:41:24.2945303Z                     "target": [
E2E core flows (chromium)	UNKNOWN STEP	2026-09-13T08:41:24.2945683Z                       "body"
E2E core flows (chromium)	UNKNOWN STEP	2026-09-13T08:41:24.2946055Z                     ]
E2E core flows (chromium)	UNKNOWN STEP	2026-09-13T08:41:24.2946384Z                   }
E2E core flows (chromium)	UNKNOWN STEP	2026-09-13T08:41:24.2946696Z                 ],
E2E core flows (chromium)	UNKNOWN STEP	2026-09-13T08:41:24.2947081Z                 "impact": "serious",
E2E core flows (chromium)	UNKNOWN STEP	2026-09-13T08:41:24.2948536Z                 "message": "Element has insufficient color contrast of 1.33 (foreground color: #2c2c2c, background color: #121214, font size: 12.6pt (16.8px), font weight: bold). Expected contrast ratio of 4.5:1"
E2E core flows (chromium)	UNKNOWN STEP	2026-09-13T08:41:24.2949796Z               }
E2E core flows (chromium)	UNKNOWN STEP	2026-09-13T08:41:24.2950111Z             ],
E2E core flows (chromium)	UNKNOWN STEP	2026-09-13T08:41:24.2950428Z             "all": [],
E2E core flows (chromium)	UNKNOWN STEP	2026-09-13T08:41:24.2950763Z             "none": [],
E2E core flows (chromium)	UNKNOWN STEP	2026-09-13T08:41:24.2951350Z             "impact": "serious",
E2E core flows (chromium)	UNKNOWN STEP	2026-09-13T08:41:24.2953317Z             "html": "<a class=\"MuiTypography-root MuiTypography-inherit MuiLink-root MuiLink-underlineHover css-13xbv5x-MuiTypography-root-MuiLink-root\" href=\"/library/wizards-commander-brackets-2024\" data-discover=\"true\">Introducing Commander Brackets</a>",
E2E core flows (chromium)	UNKNOWN STEP	2026-09-13T08:41:24.2955147Z             "target": [
E2E core flows (chromium)	UNKNOWN STEP	2026-09-13T08:41:24.2957476Z               ".css-9o90yh > .css-buqcm8-MuiPaper-root-MuiCard-root.MuiCard-root.MuiPaper-rounded > .MuiCardContent-root.css-ctkb6f-MuiCardContent-root > .css-1s0lv8i-MuiTypography-root.MuiTypography-h6 > .css-13xbv5x-MuiTypography-root-MuiLink-root.MuiLink-underlineHover[data-discover=\"true\"]"
E2E core flows (chromium)	UNKNOWN STEP	2026-09-13T08:41:24.2959555Z             ],
E2E core flows (chromium)	UNKNOWN STEP	2026-09-13T08:41:24.2961150Z             "failureSummary": "Fix any of the following:\n  Element has insufficient color contrast of 1.33 (foreground color: #2c2c2c, background color: #121214, font size: 12.6pt (16.8px), font weight: bold). Expected contrast ratio of 4.5:1"
E2E core flows (chromium)	UNKNOWN STEP	2026-09-13T08:41:24.2962890Z           }
E2E core flows (chromium)	UNKNOWN STEP	2026-09-13T08:41:24.2963183Z         ]
E2E core flows (chromium)	UNKNOWN STEP	2026-09-13T08:41:24.2963483Z       }
E2E core flows (chromium)	UNKNOWN STEP	2026-09-13T08:41:24.2963764Z     ]
E2E core flows (chromium)	UNKNOWN STEP	2026-09-13T08:41:24.2963923Z 
E2E core flows (chromium)	UNKNOWN STEP	2026-09-13T08:41:24.2964186Z     expect(received).toEqual(expected) // deep equality
E2E core flows (chromium)	UNKNOWN STEP	2026-09-13T08:41:24.2964545Z 
E2E core flows (chromium)	UNKNOWN STEP	2026-09-13T08:41:24.2964694Z     - Expected  -  1
E2E core flows (chromium)	UNKNOWN STEP	2026-09-13T08:41:24.2965029Z     + Received  + 64
E2E core flows (chromium)	UNKNOWN STEP	2026-09-13T08:41:24.2965224Z 
E2E core flows (chromium)	UNKNOWN STEP	2026-09-13T08:41:24.2965352Z     - Array []
E2E core flows (chromium)	UNKNOWN STEP	2026-09-13T08:41:24.2965657Z     + Array [
E2E core flows (chromium)	UNKNOWN STEP	2026-09-13T08:41:24.2965953Z     +   Object {
E2E core flows (chromium)	UNKNOWN STEP	2026-09-13T08:41:24.2966918Z     +     "description": "Ensure the contrast between foreground and background colors meets WCAG 2 AA minimum contrast ratio thresholds",
E2E core flows (chromium)	UNKNOWN STEP	2026-09-13T08:41:24.2968286Z     +     "help": "Elements must meet minimum color contrast ratio thresholds",
E2E core flows (chromium)	UNKNOWN STEP	2026-09-13T08:41:24.2969351Z     +     "helpUrl": "https://dequeuniversity.com/rules/axe/4.11/color-contrast?application=playwright",
E2E core flows (chromium)	UNKNOWN STEP	2026-09-13T08:41:24.2969867Z     +     "id": "color-contrast",
E2E core flows (chromium)	UNKNOWN STEP	2026-09-13T08:41:24.2970151Z     +     "impact": "serious",
E2E core flows (chromium)	UNKNOWN STEP	2026-09-13T08:41:24.2970388Z     +     "nodes": Array [
E2E core flows (chromium)	UNKNOWN STEP	2026-09-13T08:41:24.2970606Z     +       Object {
E2E core flows (chromium)	UNKNOWN STEP	2026-09-13T08:41:24.2970835Z     +         "all": Array [],
E2E core flows (chromium)	UNKNOWN STEP	2026-09-13T08:41:24.2971063Z     +         "any": Array [
E2E core flows (chromium)	UNKNOWN STEP	2026-09-13T08:41:24.2971590Z     +           Object {
E2E core flows (chromium)	UNKNOWN STEP	2026-09-13T08:41:24.2971857Z     +             "data": Object {
E2E core flows (chromium)	UNKNOWN STEP	2026-09-13T08:41:24.2972136Z     +               "bgColor": "#121214",
E2E core flows (chromium)	UNKNOWN STEP	2026-09-13T08:41:24.2972435Z     +               "contrastRatio": 1.33,
E2E core flows (chromium)	UNKNOWN STEP	2026-09-13T08:41:24.2972777Z     +               "expectedContrastRatio": "4.5:1",
E2E core flows (chromium)	UNKNOWN STEP	2026-09-13T08:41:24.2973104Z     +               "fgColor": "#2c2c2c",
E2E core flows (chromium)	UNKNOWN STEP	2026-09-13T08:41:24.2973406Z     +               "fontSize": "12.6pt (16.8px)",
E2E core flows (chromium)	UNKNOWN STEP	2026-09-13T08:41:24.2973906Z     +               "fontWeight": "bold",
E2E core flows (chromium)	UNKNOWN STEP	2026-09-13T08:41:24.2974197Z     +               "messageKey": null,
E2E core flows (chromium)	UNKNOWN STEP	2026-09-13T08:41:24.2974450Z     +             },
E2E core flows (chromium)	UNKNOWN STEP	2026-09-13T08:41:24.2974690Z     +             "id": "color-contrast",
E2E core flows (chromium)	UNKNOWN STEP	2026-09-13T08:41:24.2974983Z     +             "impact": "serious",
E2E core flows (chromium)	UNKNOWN STEP	2026-09-13T08:41:24.2976557Z     +             "message": "Element has insufficient color contrast of 1.33 (foreground color: #2c2c2c, background color: #121214, font size: 12.6pt (16.8px), font weight: bold). Expected contrast ratio of 4.5:1",
E2E core flows (chromium)	UNKNOWN STEP	2026-09-13T08:41:24.2978025Z     +             "relatedNodes": Array [
E2E core flows (chromium)	UNKNOWN STEP	2026-09-13T08:41:24.2978472Z     +               Object {
E2E core flows (chromium)	UNKNOWN STEP	2026-09-13T08:41:24.2980064Z     +                 "html": "<div class=\"MuiPaper-root MuiPaper-elevation MuiPaper-rounded MuiPaper-elevation0 MuiCard-root css-buqcm8-MuiPaper-root-MuiCard-root\" id=\"article-wizards-commander-brackets-2024\">",
E2E core flows (chromium)	UNKNOWN STEP	2026-09-13T08:41:24.2981793Z     +                 "target": Array [
E2E core flows (chromium)	UNKNOWN STEP	2026-09-13T08:41:24.2982759Z     +                   ".css-9o90yh > .css-buqcm8-MuiPaper-root-MuiCard-root.MuiCard-root.MuiPaper-rounded",
E2E core flows (chromium)	UNKNOWN STEP	2026-09-13T08:41:24.2983565Z     +                 ],
E2E core flows (chromium)	UNKNOWN STEP	2026-09-13T08:41:24.2983924Z     +               },
E2E core flows (chromium)	UNKNOWN STEP	2026-09-13T08:41:24.2984264Z     +               Object {
E2E core flows (chromium)	UNKNOWN STEP	2026-09-13T08:41:24.2984670Z     +                 "html": "<body>",
E2E core flows (chromium)	UNKNOWN STEP	2026-09-13T08:41:24.2985144Z     +                 "target": Array [
E2E core flows (chromium)	UNKNOWN STEP	2026-09-13T08:41:24.2985587Z     +                   "body",
E2E core flows (chromium)	UNKNOWN STEP	2026-09-13T08:41:24.2985964Z     +                 ],
E2E core flows (chromium)	UNKNOWN STEP	2026-09-13T08:41:24.2986327Z     +               },
E2E core flows (chromium)	UNKNOWN STEP	2026-09-13T08:41:24.2986664Z     +             ],
E2E core flows (chromium)	UNKNOWN STEP	2026-09-13T08:41:24.2986989Z     +           },
E2E core flows (chromium)	UNKNOWN STEP	2026-09-13T08:41:24.2987309Z     +         ],
E2E core flows (chromium)	UNKNOWN STEP	2026-09-13T08:41:24.2987766Z     +         "failureSummary": "Fix any of the following:
E2E core flows (chromium)	UNKNOWN STEP	2026-09-13T08:41:24.2989224Z     +   Element has insufficient color contrast of 1.33 (foreground color: #2c2c2c, background color: #121214, font size: 12.6pt (16.8px), font weight: bold). Expected contrast ratio of 4.5:1",
E2E core flows (chromium)	UNKNOWN STEP	2026-09-13T08:41:24.2992180Z     +         "html": "<a class=\"MuiTypography-root MuiTypography-inherit MuiLink-root MuiLink-underlineHover css-13xbv5x-MuiTypography-root-MuiLink-root\" href=\"/library/wizards-commander-brackets-2024\" data-discover=\"true\">Introducing Commander Brackets</a>",
E2E core flows (chromium)	UNKNOWN STEP	2026-09-13T08:41:24.2994001Z     +         "impact": "serious",
E2E core flows (chromium)	UNKNOWN STEP	2026-09-13T08:41:24.2994449Z     +         "none": Array [],
E2E core flows (chromium)	UNKNOWN STEP	2026-09-13T08:41:24.2994869Z     +         "target": Array [
E2E core flows (chromium)	UNKNOWN STEP	2026-09-13T08:41:24.2997175Z     +           ".css-9o90yh > .css-buqcm8-MuiPaper-root-MuiCard-root.MuiCard-root.MuiPaper-rounded > .MuiCardContent-root.css-ctkb6f-MuiCardContent-root > .css-1s0lv8i-MuiTypography-root.MuiTypography-h6 > .css-13xbv5x-MuiTypography-root-MuiLink-root.MuiLink-underlineHover[data-discover=\"true\"]",
E2E core flows (chromium)	UNKNOWN STEP	2026-09-13T08:41:24.2999281Z     +         ],
E2E core flows (chromium)	UNKNOWN STEP	2026-09-13T08:41:24.2999589Z     +       },
E2E core flows (chromium)	UNKNOWN STEP	2026-09-13T08:41:24.2999890Z     +     ],
E2E core flows (chromium)	UNKNOWN STEP	2026-09-13T08:41:24.3000200Z     +     "tags": Array [
E2E core flows (chromium)	UNKNOWN STEP	2026-09-13T08:41:24.3000783Z     +       "cat.color",
E2E core flows (chromium)	UNKNOWN STEP	2026-09-13T08:41:24.3001145Z     +       "wcag2aa",
E2E core flows (chromium)	UNKNOWN STEP	2026-09-13T08:41:24.3001695Z     +       "wcag143",
E2E core flows (chromium)	UNKNOWN STEP	2026-09-13T08:41:24.3002019Z     +       "TTv5",
E2E core flows (chromium)	UNKNOWN STEP	2026-09-13T08:41:24.3002338Z     +       "TT13.c",
E2E core flows (chromium)	UNKNOWN STEP	2026-09-13T08:41:24.3002683Z     +       "EN-301-549",
E2E core flows (chromium)	UNKNOWN STEP	2026-09-13T08:41:24.3003041Z     +       "EN-9.1.4.3",
E2E core flows (chromium)	UNKNOWN STEP	2026-09-13T08:41:24.3003388Z     +       "ACT",
E2E core flows (chromium)	UNKNOWN STEP	2026-09-13T08:41:24.3003703Z     +       "RGAAv4",
E2E core flows (chromium)	UNKNOWN STEP	2026-09-13T08:41:24.3004029Z     +       "RGAA-3.2.1",
E2E core flows (chromium)	UNKNOWN STEP	2026-09-13T08:41:24.3004378Z     +     ],
E2E core flows (chromium)	UNKNOWN STEP	2026-09-13T08:41:24.3004678Z     +   },
E2E core flows (chromium)	UNKNOWN STEP	2026-09-13T08:41:24.3004969Z     + ]
E2E core flows (chromium)	UNKNOWN STEP	2026-09-13T08:41:24.3005138Z 
E2E core flows (chromium)	UNKNOWN STEP	2026-09-13T08:41:24.3005400Z       545 |           contentType: 'application/json',
E2E core flows (chromium)	UNKNOWN STEP	2026-09-13T08:41:24.3005888Z       546 |         })
E2E core flows (chromium)	UNKNOWN STEP	2026-09-13T08:41:24.3006659Z     > 547 |         expect(contrast.violations, JSON.stringify(contrast.violations, null, 2)).toEqual([])
E2E core flows (chromium)	UNKNOWN STEP	2026-09-13T08:41:24.3007606Z           |                                                                                   ^
E2E core flows (chromium)	UNKNOWN STEP	2026-09-13T08:41:24.3008329Z       548 |       }
E2E core flows (chromium)	UNKNOWN STEP	2026-09-13T08:41:24.3008683Z       549 |     })
E2E core flows (chromium)	UNKNOWN STEP	2026-09-13T08:41:24.3009000Z       550 |   }
E2E core flows (chromium)	UNKNOWN STEP	2026-09-13T08:41:24.3009775Z         at /home/runner/work/manatuner/manatuner/tests/e2e/core-flows/persona-followup.spec.js:547:83
E2E core flows (chromium)	UNKNOWN STEP	2026-09-13T08:41:24.3010431Z 
E2E core flows (chromium)	UNKNOWN STEP	2026-09-13T08:41:24.3011424Z     attachment #4: screenshot (image/png) ──────────────────────────────────────────────────────────
E2E core flows (chromium)	UNKNOWN STEP	2026-09-13T08:41:24.3012806Z     test-results/core-flows-persona-followu-0ae82-st-themes-and-viewport-1440-chromium-retry2/test-failed-1.png
E2E core flows (chromium)	UNKNOWN STEP	2026-09-13T08:41:24.3014557Z     ────────────────────────────────────────────────────────────────────────────────────────────────
E2E core flows (chromium)	UNKNOWN STEP	2026-09-13T08:41:24.3015032Z 
E2E core flows (chromium)	UNKNOWN STEP	2026-09-13T08:41:24.3015671Z     attachment #5: video (video/webm) ──────────────────────────────────────────────────────────────
E2E core flows (chromium)	UNKNOWN STEP	2026-09-13T08:41:24.3016915Z     test-results/core-flows-persona-followu-0ae82-st-themes-and-viewport-1440-chromium-retry2/video-2.webm
E2E core flows (chromium)	UNKNOWN STEP	2026-09-13T08:41:24.3018265Z     ────────────────────────────────────────────────────────────────────────────────────────────────
E2E core flows (chromium)	UNKNOWN STEP	2026-09-13T08:41:24.3018731Z 
E2E core flows (chromium)	UNKNOWN STEP	2026-09-13T08:41:24.3019450Z     attachment #6: video (video/webm) ──────────────────────────────────────────────────────────────
E2E core flows (chromium)	UNKNOWN STEP	2026-09-13T08:41:24.3020265Z     test-results/core-flows-persona-followu-0ae82-st-themes-and-viewport-1440-chromium-retry2/video-1.webm
E2E core flows (chromium)	UNKNOWN STEP	2026-09-13T08:41:24.3021784Z     ────────────────────────────────────────────────────────────────────────────────────────────────
E2E core flows (chromium)	UNKNOWN STEP	2026-09-13T08:41:24.3022215Z 
E2E core flows (chromium)	UNKNOWN STEP	2026-09-13T08:41:24.3022636Z     attachment #7: video (video/webm) ──────────────────────────────────────────────────────────────
E2E core flows (chromium)	UNKNOWN STEP	2026-09-13T08:41:24.3023396Z     test-results/core-flows-persona-followu-0ae82-st-themes-and-viewport-1440-chromium-retry2/video.webm
E2E core flows (chromium)	UNKNOWN STEP	2026-09-13T08:41:24.3024200Z     ────────────────────────────────────────────────────────────────────────────────────────────────
E2E core flows (chromium)	UNKNOWN STEP	2026-09-13T08:41:24.3024555Z 
E2E core flows (chromium)	UNKNOWN STEP	2026-09-13T08:41:24.3025764Z     Error Context: test-results/core-flows-persona-followu-0ae82-st-themes-and-viewport-1440-chromium-retry2/error-context.md
E2E core flows (chromium)	UNKNOWN STEP	2026-09-13T08:41:24.3026784Z 
E2E core flows (chromium)	UNKNOWN STEP	2026-09-13T08:41:24.3027931Z   5) [chromium] › tests/e2e/core-flows/persona-followup.spec.js:475:9 › R01–R07 /mathematics keyboard, contrast, themes and viewport 390 
E2E core flows (chromium)	UNKNOWN STEP	2026-09-13T08:41:24.3028866Z 
E2E core flows (chromium)	UNKNOWN STEP	2026-09-13T08:41:24.3029031Z     Error: [
E2E core flows (chromium)	UNKNOWN STEP	2026-09-13T08:41:24.3029381Z       {
E2E core flows (chromium)	UNKNOWN STEP	2026-09-13T08:41:24.3029766Z         "id": "color-contrast",
E2E core flows (chromium)	UNKNOWN STEP	2026-09-13T08:41:24.3030229Z         "impact": "serious",
E2E core flows (chromium)	UNKNOWN STEP	2026-09-13T08:41:24.3030643Z         "tags": [
E2E core flows (chromium)	UNKNOWN STEP	2026-09-13T08:41:24.3031005Z           "cat.color",
E2E core flows (chromium)	UNKNOWN STEP	2026-09-13T08:41:24.3031701Z           "wcag2aa",
E2E core flows (chromium)	UNKNOWN STEP	2026-09-13T08:41:24.3032070Z           "wcag143",
E2E core flows (chromium)	UNKNOWN STEP	2026-09-13T08:41:24.3032428Z           "TTv5",
E2E core flows (chromium)	UNKNOWN STEP	2026-09-13T08:41:24.3032773Z           "TT13.c",
E2E core flows (chromium)	UNKNOWN STEP	2026-09-13T08:41:24.3033124Z           "EN-301-549",
E2E core flows (chromium)	UNKNOWN STEP	2026-09-13T08:41:24.3033497Z           "EN-9.1.4.3",
E2E core flows (chromium)	UNKNOWN STEP	2026-09-13T08:41:24.3034124Z           "ACT",
E2E core flows (chromium)	UNKNOWN STEP	2026-09-13T08:41:24.3034488Z           "RGAAv4",
E2E core flows (chromium)	UNKNOWN STEP	2026-09-13T08:41:24.3034829Z           "RGAA-3.2.1"
E2E core flows (chromium)	UNKNOWN STEP	2026-09-13T08:41:24.3035180Z         ],
E2E core flows (chromium)	UNKNOWN STEP	2026-09-13T08:41:24.3036188Z         "description": "Ensure the contrast between foreground and background colors meets WCAG 2 AA minimum contrast ratio thresholds",
E2E core flows (chromium)	UNKNOWN STEP	2026-09-13T08:41:24.3037477Z         "help": "Elements must meet minimum color contrast ratio thresholds",
E2E core flows (chromium)	UNKNOWN STEP	2026-09-13T08:41:24.3038604Z         "helpUrl": "https://dequeuniversity.com/rules/axe/4.11/color-contrast?application=playwright",
E2E core flows (chromium)	UNKNOWN STEP	2026-09-13T08:41:24.3039456Z         "nodes": [
E2E core flows (chromium)	UNKNOWN STEP	2026-09-13T08:41:24.3039801Z           {
E2E core flows (chromium)	UNKNOWN STEP	2026-09-13T08:41:24.3040125Z             "any": [
E2E core flows (chromium)	UNKNOWN STEP	2026-09-13T08:41:24.3040481Z               {
E2E core flows (chromium)	UNKNOWN STEP	2026-09-13T08:41:24.3040972Z                 "id": "color-contrast",
E2E core flows (chromium)	UNKNOWN STEP	2026-09-13T08:41:24.3041721Z                 "data": {
E2E core flows (chromium)	UNKNOWN STEP	2026-09-13T08:41:24.3042181Z                   "fgColor": "#84aede",
E2E core flows (chromium)	UNKNOWN STEP	2026-09-13T08:41:24.3042684Z                   "bgColor": "#f0f8fe",
E2E core flows (chromium)	UNKNOWN STEP	2026-09-13T08:41:24.3043202Z                   "contrastRatio": 2.15,
E2E core flows (chromium)	UNKNOWN STEP	2026-09-13T08:41:24.3043742Z                   "fontSize": "9.8pt (13px)",
E2E core flows (chromium)	UNKNOWN STEP	2026-09-13T08:41:24.3044284Z                   "fontWeight": "normal",
E2E core flows (chromium)	UNKNOWN STEP	2026-09-13T08:41:24.3044817Z                   "messageKey": null,
E2E core flows (chromium)	UNKNOWN STEP	2026-09-13T08:41:24.3045376Z                   "expectedContrastRatio": "4.5:1"
E2E core flows (chromium)	UNKNOWN STEP	2026-09-13T08:41:24.3045889Z                 },
E2E core flows (chromium)	UNKNOWN STEP	2026-09-13T08:41:24.3046294Z                 "relatedNodes": [
E2E core flows (chromium)	UNKNOWN STEP	2026-09-13T08:41:24.3046723Z                   {
E2E core flows (chromium)	UNKNOWN STEP	2026-09-13T08:41:24.3047954Z                     "html": "<div class=\"MuiChip-root MuiChip-filled MuiChip-sizeMedium MuiChip-colorDefault MuiChip-filledDefault css-an60gf-MuiChip-root\">",
E2E core flows (chromium)	UNKNOWN STEP	2026-09-13T08:41:24.3049174Z                     "target": [
E2E core flows (chromium)	UNKNOWN STEP	2026-09-13T08:41:24.3049701Z                       ".css-an60gf-MuiChip-root"
E2E core flows (chromium)	UNKNOWN STEP	2026-09-13T08:41:24.3050203Z                     ]
E2E core flows (chromium)	UNKNOWN STEP	2026-09-13T08:41:24.3050574Z                   }
E2E core flows (chromium)	UNKNOWN STEP	2026-09-13T08:41:24.3050929Z                 ],
E2E core flows (chromium)	UNKNOWN STEP	2026-09-13T08:41:24.3051598Z                 "impact": "serious",
E2E core flows (chromium)	UNKNOWN STEP	2026-09-13T08:41:24.3053216Z                 "message": "Element has insufficient color contrast of 2.15 (foreground color: #84aede, background color: #f0f8fe, font size: 9.8pt (13px), font weight: normal). Expected contrast ratio of 4.5:1"
E2E core flows (chromium)	UNKNOWN STEP	2026-09-13T08:41:24.3054566Z               }
E2E core flows (chromium)	UNKNOWN STEP	2026-09-13T08:41:24.3054914Z             ],
E2E core flows (chromium)	UNKNOWN STEP	2026-09-13T08:41:24.3055254Z             "all": [],
E2E core flows (chromium)	UNKNOWN STEP	2026-09-13T08:41:24.3055613Z             "none": [],
E2E core flows (chromium)	UNKNOWN STEP	2026-09-13T08:41:24.3056045Z             "impact": "serious",
E2E core flows (chromium)	UNKNOWN STEP	2026-09-13T08:41:24.3057117Z             "html": "<span class=\"MuiChip-label MuiChip-labelMedium css-1dybbl5-MuiChip-label\">Exact Draw Probabilities</span>",
E2E core flows (chromium)	UNKNOWN STEP	2026-09-13T08:41:24.3058109Z             "target": [
E2E core flows (chromium)	UNKNOWN STEP	2026-09-13T08:41:24.3059018Z               ".css-an60gf-MuiChip-root > .MuiChip-labelMedium.css-1dybbl5-MuiChip-label.MuiChip-label"
E2E core flows (chromium)	UNKNOWN STEP	2026-09-13T08:41:24.3059897Z             ],
E2E core flows (chromium)	UNKNOWN STEP	2026-09-13T08:41:24.3062193Z             "failureSummary": "Fix any of the following:\n  Element has insufficient color contrast of 2.15 (foreground color: #84aede, background color: #f0f8fe, font size: 9.8pt (13px), font weight: normal). Expected contrast ratio of 4.5:1"
E2E core flows (chromium)	UNKNOWN STEP	2026-09-13T08:41:24.3063826Z           },
E2E core flows (chromium)	UNKNOWN STEP	2026-09-13T08:41:24.3064158Z           {
E2E core flows (chromium)	UNKNOWN STEP	2026-09-13T08:41:24.3064478Z             "any": [
E2E core flows (chromium)	UNKNOWN STEP	2026-09-13T08:41:24.3064832Z               {
E2E core flows (chromium)	UNKNOWN STEP	2026-09-13T08:41:24.3065257Z                 "id": "color-contrast",
E2E core flows (chromium)	UNKNOWN STEP	2026-09-13T08:41:24.3065733Z                 "data": {
E2E core flows (chromium)	UNKNOWN STEP	2026-09-13T08:41:24.3066206Z                   "fgColor": "#866593",
E2E core flows (chromium)	UNKNOWN STEP	2026-09-13T08:41:24.3066739Z                   "bgColor": "#c6cebf",
E2E core flows (chromium)	UNKNOWN STEP	2026-09-13T08:41:24.3067273Z                   "contrastRatio": 3.02,
E2E core flows (chromium)	UNKNOWN STEP	2026-09-13T08:41:24.3067814Z                   "fontSize": "9.8pt (13px)",
E2E core flows (chromium)	UNKNOWN STEP	2026-09-13T08:41:24.3068352Z                   "fontWeight": "normal",
E2E core flows (chromium)	UNKNOWN STEP	2026-09-13T08:41:24.3068870Z                   "messageKey": null,
E2E core flows (chromium)	UNKNOWN STEP	2026-09-13T08:41:24.3069438Z                   "expectedContrastRatio": "4.5:1"
E2E core flows (chromium)	UNKNOWN STEP	2026-09-13T08:41:24.3069962Z                 },
E2E core flows (chromium)	UNKNOWN STEP	2026-09-13T08:41:24.3070617Z                 "relatedNodes": [
E2E core flows (chromium)	UNKNOWN STEP	2026-09-13T08:41:24.3071049Z                   {
E2E core flows (chromium)	UNKNOWN STEP	2026-09-13T08:41:24.3072550Z                     "html": "<div class=\"MuiChip-root MuiChip-filled MuiChip-sizeMedium MuiChip-colorDefault MuiChip-filledDefault css-1356ida-MuiChip-root\">",
E2E core flows (chromium)	UNKNOWN STEP	2026-09-13T08:41:24.3073757Z                     "target": [
E2E core flows (chromium)	UNKNOWN STEP	2026-09-13T08:41:24.3074283Z                       ".css-1356ida-MuiChip-root"
E2E core flows (chromium)	UNKNOWN STEP	2026-09-13T08:41:24.3074789Z                     ]
E2E core flows (chromium)	UNKNOWN STEP	2026-09-13T08:41:24.3075145Z                   }
E2E core flows (chromium)	UNKNOWN STEP	2026-09-13T08:41:24.3075482Z                 ],
E2E core flows (chromium)	UNKNOWN STEP	2026-09-13T08:41:24.3075867Z                 "impact": "serious",
E2E core flows (chromium)	UNKNOWN STEP	2026-09-13T08:41:24.3077460Z                 "message": "Element has insufficient color contrast of 3.02 (foreground color: #866593, background color: #c6cebf, font size: 9.8pt (13px), font weight: normal). Expected contrast ratio of 4.5:1"
E2E core flows (chromium)	UNKNOWN STEP	2026-09-13T08:41:24.3078810Z               }
E2E core flows (chromium)	UNKNOWN STEP	2026-09-13T08:41:24.3079151Z             ],
E2E core flows (chromium)	UNKNOWN STEP	2026-09-13T08:41:24.3079490Z             "all": [],
E2E core flows (chromium)	UNKNOWN STEP	2026-09-13T08:41:24.3079873Z             "none": [],
E2E core flows (chromium)	UNKNOWN STEP	2026-09-13T08:41:24.3080304Z             "impact": "serious",
E2E core flows (chromium)	UNKNOWN STEP	2026-09-13T08:41:24.3081569Z             "html": "<span class=\"MuiChip-label MuiChip-labelMedium css-1dybbl5-MuiChip-label\">10,000 Simulations</span>",
E2E core flows (chromium)	UNKNOWN STEP	2026-09-13T08:41:24.3082505Z             "target": [
E2E core flows (chromium)	UNKNOWN STEP	2026-09-13T08:41:24.3083361Z               ".css-1356ida-MuiChip-root > .MuiChip-labelMedium.css-1dybbl5-MuiChip-label.MuiChip-label"
E2E core flows (chromium)	UNKNOWN STEP	2026-09-13T08:41:24.3084198Z             ],
E2E core flows (chromium)	UNKNOWN STEP	2026-09-13T08:41:24.3085900Z             "failureSummary": "Fix any of the following:\n  Element has insufficient color contrast of 3.02 (foreground color: #866593, background color: #c6cebf, font size: 9.8pt (13px), font weight: normal). Expected contrast ratio of 4.5:1"
E2E core flows (chromium)	UNKNOWN STEP	2026-09-13T08:41:24.3087546Z           },
E2E core flows (chromium)	UNKNOWN STEP	2026-09-13T08:41:24.3087955Z           {
E2E core flows (chromium)	UNKNOWN STEP	2026-09-13T08:41:24.3088279Z             "any": [
E2E core flows (chromium)	UNKNOWN STEP	2026-09-13T08:41:24.3088638Z               {
E2E core flows (chromium)	UNKNOWN STEP	2026-09-13T08:41:24.3089047Z                 "id": "color-contrast",
E2E core flows (chromium)	UNKNOWN STEP	2026-09-13T08:41:24.3089534Z                 "data": {
E2E core flows (chromium)	UNKNOWN STEP	2026-09-13T08:41:24.3089977Z                   "fgColor": "#d19879",
E2E core flows (chromium)	UNKNOWN STEP	2026-09-13T08:41:24.3090471Z                   "bgColor": "#fff9ef",
E2E core flows (chromium)	UNKNOWN STEP	2026-09-13T08:41:24.3090984Z                   "contrastRatio": 2.36,
E2E core flows (chromium)	UNKNOWN STEP	2026-09-13T08:41:24.3091718Z                   "fontSize": "9.8pt (13px)",
E2E core flows (chromium)	UNKNOWN STEP	2026-09-13T08:41:24.3092277Z                   "fontWeight": "normal",
E2E core flows (chromium)	UNKNOWN STEP	2026-09-13T08:41:24.3092828Z                   "messageKey": null,
E2E core flows (chromium)	UNKNOWN STEP	2026-09-13T08:41:24.3093398Z                   "expectedContrastRatio": "4.5:1"
E2E core flows (chromium)	UNKNOWN STEP	2026-09-13T08:41:24.3093904Z                 },
E2E core flows (chromium)	UNKNOWN STEP	2026-09-13T08:41:24.3094277Z                 "relatedNodes": [
E2E core flows (chromium)	UNKNOWN STEP	2026-09-13T08:41:24.3094698Z                   {
E2E core flows (chromium)	UNKNOWN STEP	2026-09-13T08:41:24.3095941Z                     "html": "<div class=\"MuiChip-root MuiChip-filled MuiChip-sizeMedium MuiChip-colorDefault MuiChip-filledDefault css-yhtqls-MuiChip-root\">",
E2E core flows (chromium)	UNKNOWN STEP	2026-09-13T08:41:24.3096763Z                     "target": [
E2E core flows (chromium)	UNKNOWN STEP	2026-09-13T08:41:24.3097068Z                       ".css-yhtqls-MuiChip-root"
E2E core flows (chromium)	UNKNOWN STEP	2026-09-13T08:41:24.3097566Z                     ]
E2E core flows (chromium)	UNKNOWN STEP	2026-09-13T08:41:24.3097791Z                   }
E2E core flows (chromium)	UNKNOWN STEP	2026-09-13T08:41:24.3097989Z                 ],
E2E core flows (chromium)	UNKNOWN STEP	2026-09-13T08:41:24.3098223Z                 "impact": "serious",
E2E core flows (chromium)	UNKNOWN STEP	2026-09-13T08:41:24.3099108Z                 "message": "Element has insufficient color contrast of 2.36 (foreground color: #d19879, background color: #fff9ef, font size: 9.8pt (13px), font weight: normal). Expected contrast ratio of 4.5:1"
E2E core flows (chromium)	UNKNOWN STEP	2026-09-13T08:41:24.3099888Z               }
E2E core flows (chromium)	UNKNOWN STEP	2026-09-13T08:41:24.3100088Z             ],
E2E core flows (chromium)	UNKNOWN STEP	2026-09-13T08:41:24.3100283Z             "all": [],
E2E core flows (chromium)	UNKNOWN STEP	2026-09-13T08:41:24.3100497Z             "none": [],
E2E core flows (chromium)	UNKNOWN STEP	2026-09-13T08:41:24.3100747Z             "impact": "serious",
E2E core flows (chromium)	UNKNOWN STEP	2026-09-13T08:41:24.3101631Z             "html": "<span class=\"MuiChip-label MuiChip-labelMedium css-1dybbl5-MuiChip-label\">Pro-Level Research</span>",
E2E core flows (chromium)	UNKNOWN STEP	2026-09-13T08:41:24.3102195Z             "target": [
E2E core flows (chromium)	UNKNOWN STEP	2026-09-13T08:41:24.3102714Z               ".css-yhtqls-MuiChip-root > .MuiChip-labelMedium.css-1dybbl5-MuiChip-label.MuiChip-label"
E2E core flows (chromium)	UNKNOWN STEP	2026-09-13T08:41:24.3103379Z             ],
E2E core flows (chromium)	UNKNOWN STEP	2026-09-13T08:41:24.3104323Z             "failureSummary": "Fix any of the following:\n  Element has insufficient color contrast of 2.36 (foreground color: #d19879, background color: #fff9ef, font size: 9.8pt (13px), font weight: normal). Expected contrast ratio of 4.5:1"
E2E core flows (chromium)	UNKNOWN STEP	2026-09-13T08:41:24.3105225Z           },
E2E core flows (chromium)	UNKNOWN STEP	2026-09-13T08:41:24.3105412Z           {
E2E core flows (chromium)	UNKNOWN STEP	2026-09-13T08:41:24.3105594Z             "any": [
E2E core flows (chromium)	UNKNOWN STEP	2026-09-13T08:41:24.3105798Z               {
E2E core flows (chromium)	UNKNOWN STEP	2026-09-13T08:41:24.3106032Z                 "id": "color-contrast",
E2E core flows (chromium)	UNKNOWN STEP	2026-09-13T08:41:24.3106296Z                 "data": {
E2E core flows (chromium)	UNKNOWN STEP	2026-09-13T08:41:24.3106548Z                   "fgColor": "#7f9ecd",
E2E core flows (chromium)	UNKNOWN STEP	2026-09-13T08:41:24.3106828Z                   "bgColor": "#f0f8fe",
E2E core flows (chromium)	UNKNOWN STEP	2026-09-13T08:41:24.3107110Z                   "contrastRatio": 2.54,
E2E core flows (chromium)	UNKNOWN STEP	2026-09-13T08:41:24.3107413Z                   "fontSize": "9.8pt (13px)",
E2E core flows (chromium)	UNKNOWN STEP	2026-09-13T08:41:24.3107717Z                   "fontWeight": "bold",
E2E core flows (chromium)	UNKNOWN STEP	2026-09-13T08:41:24.3108005Z                   "messageKey": null,
E2E core flows (chromium)	UNKNOWN STEP	2026-09-13T08:41:24.3108321Z                   "expectedContrastRatio": "4.5:1"
E2E core flows (chromium)	UNKNOWN STEP	2026-09-13T08:41:24.3108611Z                 },
E2E core flows (chromium)	UNKNOWN STEP	2026-09-13T08:41:24.3108836Z                 "relatedNodes": [
E2E core flows (chromium)	UNKNOWN STEP	2026-09-13T08:41:24.3109077Z                   {
E2E core flows (chromium)	UNKNOWN STEP	2026-09-13T08:41:24.3110168Z                     "html": "<div class=\"MuiChip-root MuiChip-filled MuiChip-sizeSmall MuiChip-colorDefault MuiChip-filledDefault css-1kjif1b-MuiChip-root\"><span class=\"MuiChip-label MuiChip-labelSmall css-t3ycia-MuiChip-label\">Castability Tab</span></div>",
E2E core flows (chromium)	UNKNOWN STEP	2026-09-13T08:41:24.3111382Z                     "target": [
E2E core flows (chromium)	UNKNOWN STEP	2026-09-13T08:41:24.3111679Z                       ".css-1kjif1b-MuiChip-root"
E2E core flows (chromium)	UNKNOWN STEP	2026-09-13T08:41:24.3111987Z                     ]
E2E core flows (chromium)	UNKNOWN STEP	2026-09-13T08:41:24.3112195Z                   }
E2E core flows (chromium)	UNKNOWN STEP	2026-09-13T08:41:24.3112385Z                 ],
E2E core flows (chromium)	UNKNOWN STEP	2026-09-13T08:41:24.3112613Z                 "impact": "serious",
E2E core flows (chromium)	UNKNOWN STEP	2026-09-13T08:41:24.3113480Z                 "message": "Element has insufficient color contrast of 2.54 (foreground color: #7f9ecd, background color: #f0f8fe, font size: 9.8pt (13px), font weight: bold). Expected contrast ratio of 4.5:1"
E2E core flows (chromium)	UNKNOWN STEP	2026-09-13T08:41:24.3114237Z               }
E2E core flows (chromium)	UNKNOWN STEP	2026-09-13T08:41:24.3114428Z             ],
E2E core flows (chromium)	UNKNOWN STEP	2026-09-13T08:41:24.3114617Z             "all": [],
E2E core flows (chromium)	UNKNOWN STEP	2026-09-13T08:41:24.3114824Z             "none": [],
E2E core flows (chromium)	UNKNOWN STEP	2026-09-13T08:41:24.3115073Z             "impact": "serious",
E2E core flows (chromium)	UNKNOWN STEP	2026-09-13T08:41:24.3115633Z             "html": "<span class=\"MuiChip-label MuiChip-labelSmall css-t3ycia-MuiChip-label\">Castability Tab</span>",
E2E core flows (chromium)	UNKNOWN STEP	2026-09-13T08:41:24.3116153Z             "target": [
E2E core flows (chromium)	UNKNOWN STEP	2026-09-13T08:41:24.3116645Z               ".css-1kjif1b-MuiChip-root > .css-t3ycia-MuiChip-label.MuiChip-labelSmall.MuiChip-label"
E2E core flows (chromium)	UNKNOWN STEP	2026-09-13T08:41:24.3117128Z             ],
E2E core flows (chromium)	UNKNOWN STEP	2026-09-13T08:41:24.3118198Z             "failureSummary": "Fix any of the following:\n  Element has insufficient color contrast of 2.54 (foreground color: #7f9ecd, background color: #f0f8fe, font size: 9.8pt (13px), font weight: bold). Expected contrast ratio of 4.5:1"
E2E core flows (chromium)	UNKNOWN STEP	2026-09-13T08:41:24.3119093Z           },
E2E core flows (chromium)	UNKNOWN STEP	2026-09-13T08:41:24.3119275Z           {
E2E core flows (chromium)	UNKNOWN STEP	2026-09-13T08:41:24.3119455Z             "any": [
E2E core flows (chromium)	UNKNOWN STEP	2026-09-13T08:41:24.3119661Z               {
E2E core flows (chromium)	UNKNOWN STEP	2026-09-13T08:41:24.3119892Z                 "id": "color-contrast",
E2E core flows (chromium)	UNKNOWN STEP	2026-09-13T08:41:24.3120155Z                 "data": {
E2E core flows (chromium)	UNKNOWN STEP	2026-09-13T08:41:24.3120413Z                   "fgColor": "#a5a5a5",
E2E core flows (chromium)	UNKNOWN STEP	2026-09-13T08:41:24.3120689Z                   "bgColor": "#ffffff",
E2E core flows (chromium)	UNKNOWN STEP	2026-09-13T08:41:24.3120973Z                   "contrastRatio": 2.46,
E2E core flows (chromium)	UNKNOWN STEP	2026-09-13T08:41:24.3121460Z                   "fontSize": "9.0pt (12px)",
E2E core flows (chromium)	UNKNOWN STEP	2026-09-13T08:41:24.3121772Z                   "fontWeight": "normal",
E2E core flows (chromium)	UNKNOWN STEP	2026-09-13T08:41:24.3122060Z                   "messageKey": null,
E2E core flows (chromium)	UNKNOWN STEP	2026-09-13T08:41:24.3122378Z                   "expectedContrastRatio": "4.5:1"
E2E core flows (chromium)	UNKNOWN STEP	2026-09-13T08:41:24.3122664Z                 },
E2E core flows (chromium)	UNKNOWN STEP	2026-09-13T08:41:24.3122887Z                 "relatedNodes": [
E2E core flows (chromium)	UNKNOWN STEP	2026-09-13T08:41:24.3123123Z                   {
E2E core flows (chromium)	UNKNOWN STEP	2026-09-13T08:41:24.3123982Z                     "html": "<div class=\"MuiPaper-root MuiPaper-elevation MuiPaper-rounded MuiPaper-elevation0 MuiCard-root css-gzki00-MuiPaper-root-MuiCard-root\">",
E2E core flows (chromium)	UNKNOWN STEP	2026-09-13T08:41:24.3124701Z                     "target": [
E2E core flows (chromium)	UNKNOWN STEP	2026-09-13T08:41:24.3125025Z                       ".css-gzki00-MuiPaper-root-MuiCard-root"
E2E core flows (chromium)	UNKNOWN STEP	2026-09-13T08:41:24.3125344Z                     ]
E2E core flows (chromium)	UNKNOWN STEP	2026-09-13T08:41:24.3125542Z                   }
E2E core flows (chromium)	UNKNOWN STEP	2026-09-13T08:41:24.3125737Z                 ],
E2E core flows (chromium)	UNKNOWN STEP	2026-09-13T08:41:24.3125970Z                 "impact": "serious",
E2E core flows (chromium)	UNKNOWN STEP	2026-09-13T08:41:24.3126842Z                 "message": "Element has insufficient color contrast of 2.46 (foreground color: #a5a5a5, background color: #ffffff, font size: 9.0pt (12px), font weight: normal). Expected contrast ratio of 4.5:1"
E2E core flows (chromium)	UNKNOWN STEP	2026-09-13T08:41:24.3127601Z               }
E2E core flows (chromium)	UNKNOWN STEP	2026-09-13T08:41:24.3127795Z             ],
E2E core flows (chromium)	UNKNOWN STEP	2026-09-13T08:41:24.3127984Z             "all": [],
E2E core flows (chromium)	UNKNOWN STEP	2026-09-13T08:41:24.3128197Z             "none": [],
E2E core flows (chromium)	UNKNOWN STEP	2026-09-13T08:41:24.3128445Z             "impact": "serious",
E2E core flows (chromium)	UNKNOWN STEP	2026-09-13T08:41:24.3129185Z             "html": "<span class=\"MuiTypography-root MuiTypography-caption css-1gnu7ui-MuiTypography-root\">Estimates or supported exact goldfish</span>",
E2E core flows (chromium)	UNKNOWN STEP	2026-09-13T08:41:24.3129830Z             "target": [
E2E core flows (chromium)	UNKNOWN STEP	2026-09-13T08:41:24.3130780Z               ".css-gzki00-MuiPaper-root-MuiCard-root > .css-dfwo07-MuiCardContent-root.MuiCardContent-root > .css-14csuhd.MuiBox-root > .css-0.MuiBox-root > .css-1gnu7ui-MuiTypography-root.MuiTypography-caption"
E2E core flows (chromium)	UNKNOWN STEP	2026-09-13T08:41:24.3131794Z             ],
E2E core flows (chromium)	UNKNOWN STEP	2026-09-13T08:41:24.3132752Z             "failureSummary": "Fix any of the following:\n  Element has insufficient color contrast of 2.46 (foreground color: #a5a5a5, background color: #ffffff, font size: 9.0pt (12px), font weight: normal). Expected contrast ratio of 4.5:1"
E2E core flows (chromium)	UNKNOWN STEP	2026-09-13T08:41:24.3133637Z           },
E2E core flows (chromium)	UNKNOWN STEP	2026-09-13T08:41:24.3133819Z           {
E2E core flows (chromium)	UNKNOWN STEP	2026-09-13T08:41:24.3134005Z             "any": [
E2E core flows (chromium)	UNKNOWN STEP	2026-09-13T08:41:24.3134202Z               {
E2E core flows (chromium)	UNKNOWN STEP	2026-09-13T08:41:24.3134440Z                 "id": "color-contrast",
E2E core flows (chromium)	UNKNOWN STEP	2026-09-13T08:41:24.3134706Z                 "data": {
E2E core flows (chromium)	UNKNOWN STEP	2026-09-13T08:41:24.3134958Z                   "fgColor": "#868686",
E2E core flows (chromium)	UNKNOWN STEP	2026-09-13T08:41:24.3135235Z                   "bgColor": "#ffffff",
E2E core flows (chromium)	UNKNOWN STEP	2026-09-13T08:41:24.3135532Z                   "contrastRatio": 3.64,
E2E core flows (chromium)	UNKNOWN STEP	2026-09-13T08:41:24.3135843Z                   "fontSize": "12.0pt (16px)",
E2E core flows (chromium)	UNKNOWN STEP	2026-09-13T08:41:24.3136145Z                   "fontWeight": "bold",
E2E core flows (chromium)	UNKNOWN STEP	2026-09-13T08:41:24.3136428Z                   "messageKey": null,
E2E core flows (chromium)	UNKNOWN STEP	2026-09-13T08:41:24.3136745Z                   "expectedContrastRatio": "4.5:1"
E2E core flows (chromium)	UNKNOWN STEP	2026-09-13T08:41:24.3137026Z                 },
E2E core flows (chromium)	UNKNOWN STEP	2026-09-13T08:41:24.3137251Z                 "relatedNodes": [
E2E core flows (chromium)	UNKNOWN STEP	2026-09-13T08:41:24.3137493Z                   {
E2E core flows (chromium)	UNKNOWN STEP	2026-09-13T08:41:24.3138203Z                     "html": "<div class=\"MuiPaper-root MuiPaper-elevation MuiPaper-rounded MuiPaper-elevation0 MuiCard-root css-gzki00-MuiPaper-root-MuiCard-root\">",
E2E core flows (chromium)	UNKNOWN STEP	2026-09-13T08:41:24.3138921Z                     "target": [
E2E core flows (chromium)	UNKNOWN STEP	2026-09-13T08:41:24.3139377Z                       ".css-gzki00-MuiPaper-root-MuiCard-root"
E2E core flows (chromium)	UNKNOWN STEP	2026-09-13T08:41:24.3139702Z                     ]
E2E core flows (chromium)	UNKNOWN STEP	2026-09-13T08:41:24.3139905Z                   }
E2E core flows (chromium)	UNKNOWN STEP	2026-09-13T08:41:24.3140104Z                 ],
E2E core flows (chromium)	UNKNOWN STEP	2026-09-13T08:41:24.3140333Z                 "impact": "serious",
E2E core flows (chromium)	UNKNOWN STEP	2026-09-13T08:41:24.3141433Z                 "message": "Element has insufficient color contrast of 3.64 (foreground color: #868686, background color: #ffffff, font size: 12.0pt (16px), font weight: bold). Expected contrast ratio of 4.5:1"
E2E core flows (chromium)	UNKNOWN STEP	2026-09-13T08:41:24.3142221Z               }
E2E core flows (chromium)	UNKNOWN STEP	2026-09-13T08:41:24.3142409Z             ],
E2E core flows (chromium)	UNKNOWN STEP	2026-09-13T08:41:24.3142601Z             "all": [],
E2E core flows (chromium)	UNKNOWN STEP	2026-09-13T08:41:24.3142817Z             "none": [],
E2E core flows (chromium)	UNKNOWN STEP	2026-09-13T08:41:24.3143059Z             "impact": "serious",
E2E core flows (chromium)	UNKNOWN STEP	2026-09-13T08:41:24.3143868Z             "html": "<h6 class=\"MuiTypography-root MuiTypography-subtitle1 MuiTypography-gutterBottom css-1rk52hw-MuiTypography-root\">\"Can I cast this spell on curve?\"</h6>",
E2E core flows (chromium)	UNKNOWN STEP	2026-09-13T08:41:24.3144748Z             "target": [
E2E core flows (chromium)	UNKNOWN STEP	2026-09-13T08:41:24.3145658Z               ".css-gzki00-MuiPaper-root-MuiCard-root > .css-dfwo07-MuiCardContent-root.MuiCardContent-root > .MuiTypography-subtitle1.css-1rk52hw-MuiTypography-root.MuiTypography-gutterBottom"
E2E core flows (chromium)	UNKNOWN STEP	2026-09-13T08:41:24.3146509Z             ],
E2E core flows (chromium)	UNKNOWN STEP	2026-09-13T08:41:24.3147449Z             "failureSummary": "Fix any of the following:\n  Element has insufficient color contrast of 3.64 (foreground color: #868686, background color: #ffffff, font size: 12.0pt (16px), font weight: bold). Expected contrast ratio of 4.5:1"
E2E core flows (chromium)	UNKNOWN STEP	2026-09-13T08:41:24.3148309Z           },
E2E core flows (chromium)	UNKNOWN STEP	2026-09-13T08:41:24.3148489Z           {
E2E core flows (chromium)	UNKNOWN STEP	2026-09-13T08:41:24.3148675Z             "any": [
E2E core flows (chromium)	UNKNOWN STEP	2026-09-13T08:41:24.3148875Z               {
E2E core flows (chromium)	UNKNOWN STEP	2026-09-13T08:41:24.3149102Z                 "id": "color-contrast",
E2E core flows (chromium)	UNKNOWN STEP	2026-09-13T08:41:24.3149368Z                 "data": {
E2E core flows (chromium)	UNKNOWN STEP	2026-09-13T08:41:24.3149617Z                   "fgColor": "#a5a5a5",
E2E core flows (chromium)	UNKNOWN STEP	2026-09-13T08:41:24.3149891Z                   "bgColor": "#ffffff",
E2E core flows (chromium)	UNKNOWN STEP	2026-09-13T08:41:24.3150188Z                   "contrastRatio": 2.46,
E2E core flows (chromium)	UNKNOWN STEP	2026-09-13T08:41:24.3150493Z                   "fontSize": "10.5pt (14px)",
E2E core flows (chromium)	UNKNOWN STEP	2026-09-13T08:41:24.3150799Z                   "fontWeight": "normal",
E2E core flows (chromium)	UNKNOWN STEP	2026-09-13T08:41:24.3151091Z                   "messageKey": null,
E2E core flows (chromium)	UNKNOWN STEP	2026-09-13T08:41:24.3151554Z                   "expectedContrastRatio": "4.5:1"
E2E core flows (chromium)	UNKNOWN STEP	2026-09-13T08:41:24.3151836Z                 },
E2E core flows (chromium)	UNKNOWN STEP	2026-09-13T08:41:24.3152061Z                 "relatedNodes": [
E2E core flows (chromium)	UNKNOWN STEP	2026-09-13T08:41:24.3152304Z                   {
E2E core flows (chromium)	UNKNOWN STEP	2026-09-13T08:41:24.3153008Z                     "html": "<div class=\"MuiPaper-root MuiPaper-elevation MuiPaper-rounded MuiPaper-elevation0 MuiCard-root css-gzki00-MuiPaper-root-MuiCard-root\">",
E2E core flows (chromium)	UNKNOWN STEP	2026-09-13T08:41:24.3153698Z                     "target": [
E2E core flows (chromium)	UNKNOWN STEP	2026-09-13T08:41:24.3154028Z                       ".css-gzki00-MuiPaper-root-MuiCard-root"
E2E core flows (chromium)	UNKNOWN STEP	2026-09-13T08:41:24.3154338Z                     ]
E2E core flows (chromium)	UNKNOWN STEP	2026-09-13T08:41:24.3154538Z                   }
E2E core flows (chromium)	UNKNOWN STEP	2026-09-13T08:41:24.3154732Z                 ],
E2E core flows (chromium)	UNKNOWN STEP	2026-09-13T08:41:24.3154965Z                 "impact": "serious",
E2E core flows (chromium)	UNKNOWN STEP	2026-09-13T08:41:24.3155832Z                 "message": "Element has insufficient color contrast of 2.46 (foreground color: #a5a5a5, background color: #ffffff, font size: 10.5pt (14px), font weight: normal). Expected contrast ratio of 4.5:1"
E2E core flows (chromium)	UNKNOWN STEP	2026-09-13T08:41:24.3156590Z               }
E2E core flows (chromium)	UNKNOWN STEP	2026-09-13T08:41:24.3156777Z             ],
E2E core flows (chromium)	UNKNOWN STEP	2026-09-13T08:41:24.3156967Z             "all": [],
E2E core flows (chromium)	UNKNOWN STEP	2026-09-13T08:41:24.3157181Z             "none": [],
E2E core flows (chromium)	UNKNOWN STEP	2026-09-13T08:41:24.3157415Z             "impact": "serious",
E2E core flows (chromium)	UNKNOWN STEP	2026-09-13T08:41:24.3158023Z             "html": "<p class=\"MuiTypography-root MuiTypography-body2 MuiTypography-paragraph css-1jup1d4-MuiTypography-root\">",
E2E core flows (chromium)	UNKNOWN STEP	2026-09-13T08:41:24.3158602Z             "target": [
E2E core flows (chromium)	UNKNOWN STEP	2026-09-13T08:41:24.3159480Z               ".css-gzki00-MuiPaper-root-MuiCard-root > .css-dfwo07-MuiCardContent-root.MuiCardContent-root > .css-1jup1d4-MuiTypography-root.MuiTypography-paragraph.MuiTypography-body2"
E2E core flows (chromium)	UNKNOWN STEP	2026-09-13T08:41:24.3160325Z             ],
E2E core flows (chromium)	UNKNOWN STEP	2026-09-13T08:41:24.3161559Z             "failureSummary": "Fix any of the following:\n  Element has insufficient color contrast of 2.46 (foreground color: #a5a5a5, background color: #ffffff, font size: 10.5pt (14px), font weight: normal). Expected contrast ratio of 4.5:1"
E2E core flows (chromium)	UNKNOWN STEP	2026-09-13T08:41:24.3162480Z           },
E2E core flows (chromium)	UNKNOWN STEP	2026-09-13T08:41:24.3162755Z           {
E2E core flows (chromium)	UNKNOWN STEP	2026-09-13T08:41:24.3162942Z             "any": [
E2E core flows (chromium)	UNKNOWN STEP	2026-09-13T08:41:24.3163151Z               {
E2E core flows (chromium)	UNKNOWN STEP	2026-09-13T08:41:24.3163390Z                 "id": "color-contrast",
E2E core flows (chromium)	UNKNOWN STEP	2026-09-13T08:41:24.3163662Z                 "data": {
E2E core flows (chromium)	UNKNOWN STEP	2026-09-13T08:41:24.3163912Z                   "fgColor": "#7f9ecd",
E2E core flows (chromium)	UNKNOWN STEP	2026-09-13T08:41:24.3164196Z                   "bgColor": "#f0f8fe",
E2E core flows (chromium)	UNKNOWN STEP	2026-09-13T08:41:24.3164578Z                   "contrastRatio": 2.54,
E2E core flows (chromium)	UNKNOWN STEP	2026-09-13T08:41:24.3164989Z                   "fontSize": "9.0pt (12px)",
E2E core flows (chromium)	UNKNOWN STEP	2026-09-13T08:41:24.3165443Z                   "fontWeight": "normal",
E2E core flows (chromium)	UNKNOWN STEP	2026-09-13T08:41:24.3165997Z                   "messageKey": null,
E2E core flows (chromium)	UNKNOWN STEP	2026-09-13T08:41:24.3166581Z                   "expectedContrastRatio": "4.5:1"
E2E core flows (chromium)	UNKNOWN STEP	2026-09-13T08:41:24.3167022Z                 },
E2E core flows (chromium)	UNKNOWN STEP	2026-09-13T08:41:24.3167357Z                 "relatedNodes": [
E2E core flows (chromium)	UNKNOWN STEP	2026-09-13T08:41:24.3167793Z                   {
E2E core flows (chromium)	UNKNOWN STEP	2026-09-13T08:41:24.3169266Z                     "html": "<div class=\"MuiPaper-root MuiPaper-elevation MuiPaper-rounded MuiPaper-elevation0 css-1mntddu-MuiPaper-root\"><span class=\"MuiTypography-root MuiTypography-caption css-agrcj6-MuiTypography-root\">Compare the same spell, target turn and settings before interpreting a change.</span></div>",
E2E core flows (chromium)	UNKNOWN STEP	2026-09-13T08:41:24.3170592Z                     "target": [
E2E core flows (chromium)	UNKNOWN STEP	2026-09-13T08:41:24.3171072Z                       ".css-1mntddu-MuiPaper-root"
E2E core flows (chromium)	UNKNOWN STEP	2026-09-13T08:41:24.3171675Z                     ]
E2E core flows (chromium)	UNKNOWN STEP	2026-09-13T08:41:24.3172020Z                   }
E2E core flows (chromium)	UNKNOWN STEP	2026-09-13T08:41:24.3172370Z                 ],
E2E core flows (chromium)	UNKNOWN STEP	2026-09-13T08:41:24.3172681Z                 "impact": "serious",
E2E core flows (chromium)	UNKNOWN STEP	2026-09-13T08:41:24.3173715Z                 "message": "Element has insufficient color contrast of 2.54 (foreground color: #7f9ecd, background color: #f0f8fe, font size: 9.0pt (12px), font weight: normal). Expected contrast ratio of 4.5:1"
E2E core flows (chromium)	UNKNOWN STEP	2026-09-13T08:41:24.3174641Z               }
E2E core flows (chromium)	UNKNOWN STEP	2026-09-13T08:41:24.3174972Z             ],
E2E core flows (chromium)	UNKNOWN STEP	2026-09-13T08:41:24.3175261Z             "all": [],
E2E core flows (chromium)	UNKNOWN STEP	2026-09-13T08:41:24.3175632Z             "none": [],
E2E core flows (chromium)	UNKNOWN STEP	2026-09-13T08:41:24.3176020Z             "impact": "serious",
E2E core flows (chromium)	UNKNOWN STEP	2026-09-13T08:41:24.3177001Z             "html": "<span class=\"MuiTypography-root MuiTypography-caption css-agrcj6-MuiTypography-root\">Compare the same spell, target turn and settings before interpreting a change.</span>",
E2E core flows (chromium)	UNKNOWN STEP	2026-09-13T08:41:24.3177978Z             "target": [
E2E core flows (chromium)	UNKNOWN STEP	2026-09-13T08:41:24.3178347Z               ".css-agrcj6-MuiTypography-root"
E2E core flows (chromium)	UNKNOWN STEP	2026-09-13T08:41:24.3191434Z             ],
E2E core flows (chromium)	UNKNOWN STEP	2026-09-13T08:41:24.3192535Z             "failureSummary": "Fix any of the following:\n  Element has insufficient color contrast of 2.54 (foreground color: #7f9ecd, background color: #f0f8fe, font size: 9.0pt (12px), font weight: normal). Expected contrast ratio of 4.5:1"
E2E core flows (chromium)	UNKNOWN STEP	2026-09-13T08:41:24.3193492Z           },
E2E core flows (chromium)	UNKNOWN STEP	2026-09-13T08:41:24.3193697Z           {
E2E core flows (chromium)	UNKNOWN STEP	2026-09-13T08:41:24.3193892Z             "any": [
E2E core flows (chromium)	UNKNOWN STEP	2026-09-13T08:41:24.3194108Z               {
E2E core flows (chromium)	UNKNOWN STEP	2026-09-13T08:41:24.3194363Z                 "id": "color-contrast",
E2E core flows (chromium)	UNKNOWN STEP	2026-09-13T08:41:24.3194644Z                 "data": {
E2E core flows (chromium)	UNKNOWN STEP	2026-09-13T08:41:24.3194914Z                   "fgColor": "#e3ebe3",
E2E core flows (chromium)	UNKNOWN STEP	2026-09-13T08:41:24.3195215Z                   "bgColor": "#fcfefc",
E2E core flows (chromium)	UNKNOWN STEP	2026-09-13T08:41:24.3195505Z                   "contrastRatio": 1.2,
E2E core flows (chromium)	UNKNOWN STEP	2026-09-13T08:41:24.3195826Z                   "fontSize": "9.8pt (13px)",
E2E core flows (chromium)	UNKNOWN STEP	2026-09-13T08:41:24.3196142Z                   "fontWeight": "bold",
E2E core flows (chromium)	UNKNOWN STEP	2026-09-13T08:41:24.3196430Z                   "messageKey": null,
E2E core flows (chromium)	UNKNOWN STEP	2026-09-13T08:41:24.3196751Z                   "expectedContrastRatio": "4.5:1"
E2E core flows (chromium)	UNKNOWN STEP	2026-09-13T08:41:24.3197040Z                 },
E2E core flows (chromium)	UNKNOWN STEP	2026-09-13T08:41:24.3197270Z                 "relatedNodes": [
E2E core flows (chromium)	UNKNOWN STEP	2026-09-13T08:41:24.3197520Z                   {
E2E core flows (chromium)	UNKNOWN STEP	2026-09-13T08:41:24.3198812Z                     "html": "<div class=\"MuiChip-root MuiChip-filled MuiChip-sizeSmall MuiChip-colorDefault MuiChip-filledDefault css-j2zaxp-MuiChip-root\"><span class=\"MuiChip-label MuiChip-labelSmall css-t3ycia-MuiChip-label\">Recommendations</span></div>",
E2E core flows (chromium)	UNKNOWN STEP	2026-09-13T08:41:24.3199860Z                     "target": [
E2E core flows (chromium)	UNKNOWN STEP	2026-09-13T08:41:24.3200168Z                       ".css-j2zaxp-MuiChip-root"
E2E core flows (chromium)	UNKNOWN STEP	2026-09-13T08:41:24.3200462Z                     ]
E2E core flows (chromium)	UNKNOWN STEP	2026-09-13T08:41:24.3200673Z                   }
E2E core flows (chromium)	UNKNOWN STEP	2026-09-13T08:41:24.3200876Z                 ],
E2E core flows (chromium)	UNKNOWN STEP	2026-09-13T08:41:24.3201109Z                 "impact": "serious",
E2E core flows (chromium)	UNKNOWN STEP	2026-09-13T08:41:24.3202180Z                 "message": "Element has insufficient color contrast of 1.2 (foreground color: #e3ebe3, background color: #fcfefc, font size: 9.8pt (13px), font weight: bold). Expected contrast ratio of 4.5:1"
E2E core flows (chromium)	UNKNOWN STEP	2026-09-13T08:41:24.3202970Z               }
E2E core flows (chromium)	UNKNOWN STEP	2026-09-13T08:41:24.3203166Z             ],
E2E core flows (chromium)	UNKNOWN STEP	2026-09-13T08:41:24.3203360Z             "all": [],
E2E core flows (chromium)	UNKNOWN STEP	2026-09-13T08:41:24.3203713Z             "none": [],
E2E core flows (chromium)	UNKNOWN STEP	2026-09-13T08:41:24.3203965Z             "impact": "serious",
E2E core flows (chromium)	UNKNOWN STEP	2026-09-13T08:41:24.3204537Z             "html": "<span class=\"MuiChip-label MuiChip-labelSmall css-t3ycia-MuiChip-label\">Recommendations</span>",
E2E core flows (chromium)	UNKNOWN STEP	2026-09-13T08:41:24.3205065Z             "target": [
E2E core flows (chromium)	UNKNOWN STEP	2026-09-13T08:41:24.3205421Z               ".css-j2zaxp-MuiChip-root > .css-t3ycia-MuiChip-label.MuiChip-labelSmall.MuiChip-label"
E2E core flows (chromium)	UNKNOWN STEP	2026-09-13T08:41:24.3205507Z             ],
E2E core flows (chromium)	UNKNOWN STEP	2026-09-13T08:41:24.3206344Z             "failureSummary": "Fix any of the following:\n  Element has insufficient color contrast of 1.2 (foreground color: #e3ebe3, background color: #fcfefc, font size: 9.8pt (13px), font weight: bold). Expected contrast ratio of 4.5:1"
E2E core flows (chromium)	UNKNOWN STEP	2026-09-13T08:41:24.3206429Z           },
E2E core flows (chromium)	UNKNOWN STEP	2026-09-13T08:41:24.3206507Z           {
E2E core flows (chromium)	UNKNOWN STEP	2026-09-13T08:41:24.3206596Z             "any": [
E2E core flows (chromium)	UNKNOWN STEP	2026-09-13T08:41:24.3206681Z               {
E2E core flows (chromium)	UNKNOWN STEP	2026-09-13T08:41:24.3206803Z                 "id": "color-contrast",
E2E core flows (chromium)	UNKNOWN STEP	2026-09-13T08:41:24.3206899Z                 "data": {
E2E core flows (chromium)	UNKNOWN STEP	2026-09-13T08:41:24.3207029Z                   "fgColor": "#eaeaea",
E2E core flows (chromium)	UNKNOWN STEP	2026-09-13T08:41:24.3207148Z                   "bgColor": "#ffffff",
E2E core flows (chromium)	UNKNOWN STEP	2026-09-13T08:41:24.3207264Z                   "contrastRatio": 1.2,
E2E core flows (chromium)	UNKNOWN STEP	2026-09-13T08:41:24.3207400Z                   "fontSize": "9.0pt (12px)",
E2E core flows (chromium)	UNKNOWN STEP	2026-09-13T08:41:24.3207526Z                   "fontWeight": "normal",
E2E core flows (chromium)	UNKNOWN STEP	2026-09-13T08:41:24.3207643Z                   "messageKey": null,
E2E core flows (chromium)	UNKNOWN STEP	2026-09-13T08:41:24.3207794Z                   "expectedContrastRatio": "4.5:1"
E2E core flows (chromium)	UNKNOWN STEP	2026-09-13T08:41:24.3207881Z                 },
E2E core flows (chromium)	UNKNOWN STEP	2026-09-13T08:41:24.3207993Z                 "relatedNodes": [
E2E core flows (chromium)	UNKNOWN STEP	2026-09-13T08:41:24.3208078Z                   {
E2E core flows (chromium)	UNKNOWN STEP	2026-09-13T08:41:24.3208670Z                     "html": "<div class=\"MuiPaper-root MuiPaper-elevation MuiPaper-rounded MuiPaper-elevation0 MuiCard-root css-enhwrt-MuiPaper-root-MuiCard-root\">",
E2E core flows (chromium)	UNKNOWN STEP	2026-09-13T08:41:24.3208784Z                     "target": [
E2E core flows (chromium)	UNKNOWN STEP	2026-09-13T08:41:24.3208964Z                       ".css-enhwrt-MuiPaper-root-MuiCard-root"
E2E core flows (chromium)	UNKNOWN STEP	2026-09-13T08:41:24.3209061Z                     ]
E2E core flows (chromium)	UNKNOWN STEP	2026-09-13T08:41:24.3209147Z                   }
E2E core flows (chromium)	UNKNOWN STEP	2026-09-13T08:41:24.3209234Z                 ],
E2E core flows (chromium)	UNKNOWN STEP	2026-09-13T08:41:24.3209352Z                 "impact": "serious",
E2E core flows (chromium)	UNKNOWN STEP	2026-09-13T08:41:24.3210080Z                 "message": "Element has insufficient color contrast of 1.2 (foreground color: #eaeaea, background color: #ffffff, font size: 9.0pt (12px), font weight: normal). Expected contrast ratio of 4.5:1"
E2E core flows (chromium)	UNKNOWN STEP	2026-09-13T08:41:24.3210165Z               }
E2E core flows (chromium)	UNKNOWN STEP	2026-09-13T08:41:24.3210244Z             ],
E2E core flows (chromium)	UNKNOWN STEP	2026-09-13T08:41:24.3210335Z             "all": [],
E2E core flows (chromium)	UNKNOWN STEP	2026-09-13T08:41:24.3210424Z             "none": [],
E2E core flows (chromium)	UNKNOWN STEP	2026-09-13T08:41:24.3210543Z             "impact": "serious",
E2E core flows (chromium)	UNKNOWN STEP	2026-09-13T08:41:24.3211055Z             "html": "<span class=\"MuiTypography-root MuiTypography-caption css-1gnu7ui-MuiTypography-root\">Frank Karsten's Research</span>",
E2E core flows (chromium)	UNKNOWN STEP	2026-09-13T08:41:24.3211146Z             "target": [
E2E core flows (chromium)	UNKNOWN STEP	2026-09-13T08:41:24.3212317Z               ".css-enhwrt-MuiPaper-root-MuiCard-root > .css-dfwo07-MuiCardContent-root.MuiCardContent-root > .css-14csuhd.MuiBox-root > .css-0.MuiBox-root > .css-1gnu7ui-MuiTypography-root.MuiTypography-caption"
E2E core flows (chromium)	UNKNOWN STEP	2026-09-13T08:41:24.3212415Z             ],
E2E core flows (chromium)	UNKNOWN STEP	2026-09-13T08:41:24.3213249Z             "failureSummary": "Fix any of the following:\n  Element has insufficient color contrast of 1.2 (foreground color: #eaeaea, background color: #ffffff, font size: 9.0pt (12px), font weight: normal). Expected contrast ratio of 4.5:1"
E2E core flows (chromium)	UNKNOWN STEP	2026-09-13T08:41:24.3213335Z           },
E2E core flows (chromium)	UNKNOWN STEP	2026-09-13T08:41:24.3213420Z           {
E2E core flows (chromium)	UNKNOWN STEP	2026-09-13T08:41:24.3213502Z             "any": [
E2E core flows (chromium)	UNKNOWN STEP	2026-09-13T08:41:24.3213589Z               {
E2E core flows (chromium)	UNKNOWN STEP	2026-09-13T08:41:24.3213716Z                 "id": "color-contrast",
E2E core flows (chromium)	UNKNOWN STEP	2026-09-13T08:41:24.3213809Z                 "data": {
E2E core flows (chromium)	UNKNOWN STEP	2026-09-13T08:41:24.3213926Z                   "fgColor": "#e2e2e2",
E2E core flows (chromium)	UNKNOWN STEP	2026-09-13T08:41:24.3214045Z                   "bgColor": "#ffffff",
E2E core flows (chromium)	UNKNOWN STEP	2026-09-13T08:41:24.3214171Z                   "contrastRatio": 1.29,
E2E core flows (chromium)	UNKNOWN STEP	2026-09-13T08:41:24.3214304Z                   "fontSize": "12.0pt (16px)",
E2E core flows (chromium)	UNKNOWN STEP	2026-09-13T08:41:24.3214545Z                   "fontWeight": "bold",
E2E core flows (chromium)	UNKNOWN STEP	2026-09-13T08:41:24.3214670Z                   "messageKey": null,
E2E core flows (chromium)	UNKNOWN STEP	2026-09-13T08:41:24.3214821Z                   "expectedContrastRatio": "4.5:1"
E2E core flows (chromium)	UNKNOWN STEP	2026-09-13T08:41:24.3214904Z                 },
E2E core flows (chromium)	UNKNOWN STEP	2026-09-13T08:41:24.3215024Z                 "relatedNodes": [
E2E core flows (chromium)	UNKNOWN STEP	2026-09-13T08:41:24.3215110Z                   {
E2E core flows (chromium)	UNKNOWN STEP	2026-09-13T08:41:24.3215708Z                     "html": "<div class=\"MuiPaper-root MuiPaper-elevation MuiPaper-rounded MuiPaper-elevation0 MuiCard-root css-enhwrt-MuiPaper-root-MuiCard-root\">",
E2E core flows (chromium)	UNKNOWN STEP	2026-09-13T08:41:24.3215821Z                     "target": [
E2E core flows (chromium)	UNKNOWN STEP	2026-09-13T08:41:24.3216007Z                       ".css-enhwrt-MuiPaper-root-MuiCard-root"
E2E core flows (chromium)	UNKNOWN STEP	2026-09-13T08:41:24.3216096Z                     ]
E2E core flows (chromium)	UNKNOWN STEP	2026-09-13T08:41:24.3216176Z                   }
E2E core flows (chromium)	UNKNOWN STEP	2026-09-13T08:41:24.3216261Z                 ],
E2E core flows (chromium)	UNKNOWN STEP	2026-09-13T08:41:24.3216386Z                 "impact": "serious",
E2E core flows (chromium)	UNKNOWN STEP	2026-09-13T08:41:24.3217102Z                 "message": "Element has insufficient color contrast of 1.29 (foreground color: #e2e2e2, background color: #ffffff, font size: 12.0pt (16px), font weight: bold). Expected contrast ratio of 4.5:1"
E2E core flows (chromium)	UNKNOWN STEP	2026-09-13T08:41:24.3217191Z               }
E2E core flows (chromium)	UNKNOWN STEP	2026-09-13T08:41:24.3217276Z             ],
E2E core flows (chromium)	UNKNOWN STEP	2026-09-13T08:41:24.3217366Z             "all": [],
E2E core flows (chromium)	UNKNOWN STEP	2026-09-13T08:41:24.3217452Z             "none": [],
E2E core flows (chromium)	UNKNOWN STEP	2026-09-13T08:41:24.3217572Z             "impact": "serious",
E2E core flows (chromium)	UNKNOWN STEP	2026-09-13T08:41:24.3218241Z             "html": "<h6 class=\"MuiTypography-root MuiTypography-subtitle1 MuiTypography-gutterBottom css-1rk52hw-MuiTypography-root\">\"How many sources do I need?\"</h6>",
E2E core flows (chromium)	UNKNOWN STEP	2026-09-13T08:41:24.3218337Z             "target": [
E2E core flows (chromium)	UNKNOWN STEP	2026-09-13T08:41:24.3219160Z               ".css-enhwrt-MuiPaper-root-MuiCard-root > .css-dfwo07-MuiCardContent-root.MuiCardContent-root > .MuiTypography-subtitle1.css-1rk52hw-MuiTypography-root.MuiTypography-gutterBottom"
E2E core flows (chromium)	UNKNOWN STEP	2026-09-13T08:41:24.3219250Z             ],
E2E core flows (chromium)	UNKNOWN STEP	2026-09-13T08:41:24.3220098Z             "failureSummary": "Fix any of the following:\n  Element has insufficient color contrast of 1.29 (foreground color: #e2e2e2, background color: #ffffff, font size: 12.0pt (16px), font weight: bold). Expected contrast ratio of 4.5:1"
E2E core flows (chromium)	UNKNOWN STEP	2026-09-13T08:41:24.3220189Z           },
E2E core flows (chromium)	UNKNOWN STEP	2026-09-13T08:41:24.3220268Z           {
E2E core flows (chromium)	UNKNOWN STEP	2026-09-13T08:41:24.3220359Z             "any": [
E2E core flows (chromium)	UNKNOWN STEP	2026-09-13T08:41:24.3220444Z               {
E2E core flows (chromium)	UNKNOWN STEP	2026-09-13T08:41:24.3220572Z                 "id": "color-contrast",
E2E core flows (chromium)	UNKNOWN STEP	2026-09-13T08:41:24.3220667Z                 "data": {
E2E core flows (chromium)	UNKNOWN STEP	2026-09-13T08:41:24.3220796Z                   "fgColor": "#eaeaea",
E2E core flows (chromium)	UNKNOWN STEP	2026-09-13T08:41:24.3220916Z                   "bgColor": "#ffffff",
E2E core flows (chromium)	UNKNOWN STEP	2026-09-13T08:41:24.3221033Z                   "contrastRatio": 1.2,
E2E core flows (chromium)	UNKNOWN STEP	2026-09-13T08:41:24.3221312Z                   "fontSize": "10.5pt (14px)",
E2E core flows (chromium)	UNKNOWN STEP	2026-09-13T08:41:24.3221447Z                   "fontWeight": "normal",
E2E core flows (chromium)	UNKNOWN STEP	2026-09-13T08:41:24.3221563Z                   "messageKey": null,
E2E core flows (chromium)	UNKNOWN STEP	2026-09-13T08:41:24.3221718Z                   "expectedContrastRatio": "4.5:1"
E2E core flows (chromium)	UNKNOWN STEP	2026-09-13T08:41:24.3221813Z                 },
E2E core flows (chromium)	UNKNOWN STEP	2026-09-13T08:41:24.3222051Z                 "relatedNodes": [
E2E core flows (chromium)	UNKNOWN STEP	2026-09-13T08:41:24.3222143Z                   {
E2E core flows (chromium)	UNKNOWN STEP	2026-09-13T08:41:24.3222783Z                     "html": "<div class=\"MuiPaper-root MuiPaper-elevation MuiPaper-rounded MuiPaper-elevation0 MuiCard-root css-enhwrt-MuiPaper-root-MuiCard-root\">",
E2E core flows (chromium)	UNKNOWN STEP	2026-09-13T08:41:24.3222896Z                     "target": [
E2E core flows (chromium)	UNKNOWN STEP	2026-09-13T08:41:24.3223078Z                       ".css-enhwrt-MuiPaper-root-MuiCard-root"
E2E core flows (chromium)	UNKNOWN STEP	2026-09-13T08:41:24.3223169Z                     ]
E2E core flows (chromium)	UNKNOWN STEP	2026-09-13T08:41:24.3223254Z                   }
E2E core flows (chromium)	UNKNOWN STEP	2026-09-13T08:41:24.3223334Z                 ],
E2E core flows (chromium)	UNKNOWN STEP	2026-09-13T08:41:24.3223454Z                 "impact": "serious",
E2E core flows (chromium)	UNKNOWN STEP	2026-09-13T08:41:24.3224161Z                 "message": "Element has insufficient color contrast of 1.2 (foreground color: #eaeaea, background color: #ffffff, font size: 10.5pt (14px), font weight: normal). Expected contrast ratio of 4.5:1"
E2E core flows (chromium)	UNKNOWN STEP	2026-09-13T08:41:24.3224247Z               }
E2E core flows (chromium)	UNKNOWN STEP	2026-09-13T08:41:24.3224437Z             ],
E2E core flows (chromium)	UNKNOWN STEP	2026-09-13T08:41:24.3224531Z             "all": [],
E2E core flows (chromium)	UNKNOWN STEP	2026-09-13T08:41:24.3224621Z             "none": [],
E2E core flows (chromium)	UNKNOWN STEP	2026-09-13T08:41:24.3224745Z             "impact": "serious",
E2E core flows (chromium)	UNKNOWN STEP	2026-09-13T08:41:24.3225208Z             "html": "<p class=\"MuiTypography-root MuiTypography-body2 MuiTypography-paragraph css-1jup1d4-MuiTypography-root\">",
E2E core flows (chromium)	UNKNOWN STEP	2026-09-13T08:41:24.3225299Z             "target": [
E2E core flows (chromium)	UNKNOWN STEP	2026-09-13T08:41:24.3226056Z               ".css-enhwrt-MuiPaper-root-MuiCard-root > .css-dfwo07-MuiCardContent-root.MuiCardContent-root > .css-1jup1d4-MuiTypography-root.MuiTypography-paragraph.MuiTypography-body2"
E2E core flows (chromium)	UNKNOWN STEP	2026-09-13T08:41:24.3226143Z             ],
E2E core flows (chromium)	UNKNOWN STEP	2026-09-13T08:41:24.3226971Z             "failureSummary": "Fix any of the following:\n  Element has insufficient color contrast of 1.2 (foreground color: #eaeaea, background color: #ffffff, font size: 10.5pt (14px), font weight: normal). Expected contrast ratio of 4.5:1"
E2E core flows (chromium)	UNKNOWN STEP	2026-09-13T08:41:24.3227058Z           },
E2E core flows (chromium)	UNKNOWN STEP	2026-09-13T08:41:24.3227140Z           {
E2E core flows (chromium)	UNKNOWN STEP	2026-09-13T08:41:24.3227227Z             "any": [
E2E core flows (chromium)	UNKNOWN STEP	2026-09-13T08:41:24.3227319Z               {
E2E core flows (chromium)	UNKNOWN STEP	2026-09-13T08:41:24.3227448Z                 "id": "color-contrast",
E2E core flows (chromium)	UNKNOWN STEP	2026-09-13T08:41:24.3227542Z                 "data": {
E2E core flows (chromium)	UNKNOWN STEP	2026-09-13T08:41:24.3227661Z                   "fgColor": "#e3ebe3",
E2E core flows (chromium)	UNKNOWN STEP	2026-09-13T08:41:24.3227779Z                   "bgColor": "#fcfefc",
E2E core flows (chromium)	UNKNOWN STEP	2026-09-13T08:41:24.3227901Z                   "contrastRatio": 1.2,
E2E core flows (chromium)	UNKNOWN STEP	2026-09-13T08:41:24.3228029Z                   "fontSize": "9.0pt (12px)",
E2E core flows (chromium)	UNKNOWN STEP	2026-09-13T08:41:24.3228154Z                   "fontWeight": "normal",
E2E core flows (chromium)	UNKNOWN STEP	2026-09-13T08:41:24.3228275Z                   "messageKey": null,
E2E core flows (chromium)	UNKNOWN STEP	2026-09-13T08:41:24.3228423Z                   "expectedContrastRatio": "4.5:1"
E2E core flows (chromium)	UNKNOWN STEP	2026-09-13T08:41:24.3228506Z                 },
E2E core flows (chromium)	UNKNOWN STEP	2026-09-13T08:41:24.3228634Z                 "relatedNodes": [
E2E core flows (chromium)	UNKNOWN STEP	2026-09-13T08:41:24.3228726Z                   {
E2E core flows (chromium)	UNKNOWN STEP	2026-09-13T08:41:24.3229846Z                     "html": "<div class=\"MuiPaper-root MuiPaper-elevation MuiPaper-rounded MuiPaper-elevation0 css-jti7l1-MuiPaper-root\"><span class=\"MuiTypography-root MuiTypography-caption css-nyqft1-MuiTypography-root\">For a two-mana spell, the published conditional target is 91%.</span></div>",
E2E core flows (chromium)	UNKNOWN STEP	2026-09-13T08:41:24.3229962Z                     "target": [
E2E core flows (chromium)	UNKNOWN STEP	2026-09-13T08:41:24.3230110Z                       ".css-jti7l1-MuiPaper-root"
E2E core flows (chromium)	UNKNOWN STEP	2026-09-13T08:41:24.3230199Z                     ]
E2E core flows (chromium)	UNKNOWN STEP	2026-09-13T08:41:24.3230279Z                   }
E2E core flows (chromium)	UNKNOWN STEP	2026-09-13T08:41:24.3230365Z                 ],
E2E core flows (chromium)	UNKNOWN STEP	2026-09-13T08:41:24.3230487Z                 "impact": "serious",
E2E core flows (chromium)	UNKNOWN STEP	2026-09-13T08:41:24.3231334Z                 "message": "Element has insufficient color contrast of 1.2 (foreground color: #e3ebe3, background color: #fcfefc, font size: 9.0pt (12px), font weight: normal). Expected contrast ratio of 4.5:1"
E2E core flows (chromium)	UNKNOWN STEP	2026-09-13T08:41:24.3231420Z               }
E2E core flows (chromium)	UNKNOWN STEP	2026-09-13T08:41:24.3231505Z             ],
E2E core flows (chromium)	UNKNOWN STEP	2026-09-13T08:41:24.3231594Z             "all": [],
E2E core flows (chromium)	UNKNOWN STEP	2026-09-13T08:41:24.3231679Z             "none": [],
E2E core flows (chromium)	UNKNOWN STEP	2026-09-13T08:41:24.3231797Z             "impact": "serious",
E2E core flows (chromium)	UNKNOWN STEP	2026-09-13T08:41:24.3232590Z             "html": "<span class=\"MuiTypography-root MuiTypography-caption css-nyqft1-MuiTypography-root\">For a two-mana spell, the published conditional target is 91%.</span>",
E2E core flows (chromium)	UNKNOWN STEP	2026-09-13T08:41:24.3232687Z             "target": [
E2E core flows (chromium)	UNKNOWN STEP	2026-09-13T08:41:24.3232833Z               ".css-nyqft1-MuiTypography-root"
E2E core flows (chromium)	UNKNOWN STEP	2026-09-13T08:41:24.3232917Z             ],
E2E core flows (chromium)	UNKNOWN STEP	2026-09-13T08:41:24.3233767Z             "failureSummary": "Fix any of the following:\n  Element has insufficient color contrast of 1.2 (foreground color: #e3ebe3, background color: #fcfefc, font size: 9.0pt (12px), font weight: normal). Expected contrast ratio of 4.5:1"
E2E core flows (chromium)	UNKNOWN STEP	2026-09-13T08:41:24.3233850Z           }
E2E core flows (chromium)	UNKNOWN STEP	2026-09-13T08:41:24.3233931Z         ]
E2E core flows (chromium)	UNKNOWN STEP	2026-09-13T08:41:24.3234013Z       }
E2E core flows (chromium)	UNKNOWN STEP	2026-09-13T08:41:24.3234095Z     ]
E2E core flows (chromium)	UNKNOWN STEP	2026-09-13T08:41:24.3234105Z 
E2E core flows (chromium)	UNKNOWN STEP	2026-09-13T08:41:24.3234279Z     expect(received).toEqual(expected) // deep equality
E2E core flows (chromium)	UNKNOWN STEP	2026-09-13T08:41:24.3234287Z 
E2E core flows (chromium)	UNKNOWN STEP	2026-09-13T08:41:24.3234388Z     - Expected  -   1
E2E core flows (chromium)	UNKNOWN STEP	2026-09-13T08:41:24.3234593Z     + Received  + 478
E2E core flows (chromium)	UNKNOWN STEP	2026-09-13T08:41:24.3234603Z 
E2E core flows (chromium)	UNKNOWN STEP	2026-09-13T08:41:24.3234693Z     - Array []
E2E core flows (chromium)	UNKNOWN STEP	2026-09-13T08:41:24.3234773Z     + Array [
E2E core flows (chromium)	UNKNOWN STEP	2026-09-13T08:41:24.3234861Z     +   Object {
E2E core flows (chromium)	UNKNOWN STEP	2026-09-13T08:41:24.3235347Z     +     "description": "Ensure the contrast between foreground and background colors meets WCAG 2 AA minimum contrast ratio thresholds",
E2E core flows (chromium)	UNKNOWN STEP	2026-09-13T08:41:24.3235590Z     +     "help": "Elements must meet minimum color contrast ratio thresholds",
E2E core flows (chromium)	UNKNOWN STEP	2026-09-13T08:41:24.3235948Z     +     "helpUrl": "https://dequeuniversity.com/rules/axe/4.11/color-contrast?application=playwright",
E2E core flows (chromium)	UNKNOWN STEP	2026-09-13T08:41:24.3236071Z     +     "id": "color-contrast",
E2E core flows (chromium)	UNKNOWN STEP	2026-09-13T08:41:24.3236187Z     +     "impact": "serious",
E2E core flows (chromium)	UNKNOWN STEP	2026-09-13T08:41:24.3236279Z     +     "nodes": Array [
E2E core flows (chromium)	UNKNOWN STEP	2026-09-13T08:41:24.3236367Z     +       Object {
E2E core flows (chromium)	UNKNOWN STEP	2026-09-13T08:41:24.3236478Z     +         "all": Array [],
E2E core flows (chromium)	UNKNOWN STEP	2026-09-13T08:41:24.3236573Z     +         "any": Array [
E2E core flows (chromium)	UNKNOWN STEP	2026-09-13T08:41:24.3236658Z     +           Object {
E2E core flows (chromium)	UNKNOWN STEP	2026-09-13T08:41:24.3236781Z     +             "data": Object {
E2E core flows (chromium)	UNKNOWN STEP	2026-09-13T08:41:24.3236909Z     +               "bgColor": "#f0f8fe",
E2E core flows (chromium)	UNKNOWN STEP	2026-09-13T08:41:24.3237033Z     +               "contrastRatio": 2.15,
E2E core flows (chromium)	UNKNOWN STEP	2026-09-13T08:41:24.3237188Z     +               "expectedContrastRatio": "4.5:1",
E2E core flows (chromium)	UNKNOWN STEP	2026-09-13T08:41:24.3237308Z     +               "fgColor": "#84aede",
E2E core flows (chromium)	UNKNOWN STEP	2026-09-13T08:41:24.3237443Z     +               "fontSize": "9.8pt (13px)",
E2E core flows (chromium)	UNKNOWN STEP	2026-09-13T08:41:24.3237565Z     +               "fontWeight": "normal",
E2E core flows (chromium)	UNKNOWN STEP	2026-09-13T08:41:24.3237685Z     +               "messageKey": null,
E2E core flows (chromium)	UNKNOWN STEP	2026-09-13T08:41:24.3237771Z     +             },
E2E core flows (chromium)	UNKNOWN STEP	2026-09-13T08:41:24.3237892Z     +             "id": "color-contrast",
E2E core flows (chromium)	UNKNOWN STEP	2026-09-13T08:41:24.3238013Z     +             "impact": "serious",
E2E core flows (chromium)	UNKNOWN STEP	2026-09-13T08:41:24.3238738Z     +             "message": "Element has insufficient color contrast of 2.15 (foreground color: #84aede, background color: #f0f8fe, font size: 9.8pt (13px), font weight: normal). Expected contrast ratio of 4.5:1",
E2E core flows (chromium)	UNKNOWN STEP	2026-09-13T08:41:24.3238871Z     +             "relatedNodes": Array [
E2E core flows (chromium)	UNKNOWN STEP	2026-09-13T08:41:24.3238962Z     +               Object {
E2E core flows (chromium)	UNKNOWN STEP	2026-09-13T08:41:24.3239529Z     +                 "html": "<div class=\"MuiChip-root MuiChip-filled MuiChip-sizeMedium MuiChip-colorDefault MuiChip-filledDefault css-an60gf-MuiChip-root\">",
E2E core flows (chromium)	UNKNOWN STEP	2026-09-13T08:41:24.3239650Z     +                 "target": Array [
E2E core flows (chromium)	UNKNOWN STEP	2026-09-13T08:41:24.3239800Z     +                   ".css-an60gf-MuiChip-root",
E2E core flows (chromium)	UNKNOWN STEP	2026-09-13T08:41:24.3239885Z     +                 ],
E2E core flows (chromium)	UNKNOWN STEP	2026-09-13T08:41:24.3239973Z     +               },
E2E core flows (chromium)	UNKNOWN STEP	2026-09-13T08:41:24.3240059Z     +             ],
E2E core flows (chromium)	UNKNOWN STEP	2026-09-13T08:41:24.3240139Z     +           },
E2E core flows (chromium)	UNKNOWN STEP	2026-09-13T08:41:24.3240224Z     +         ],
E2E core flows (chromium)	UNKNOWN STEP	2026-09-13T08:41:24.3240442Z     +         "failureSummary": "Fix any of the following:
E2E core flows (chromium)	UNKNOWN STEP	2026-09-13T08:41:24.3241091Z     +   Element has insufficient color contrast of 2.15 (foreground color: #84aede, background color: #f0f8fe, font size: 9.8pt (13px), font weight: normal). Expected contrast ratio of 4.5:1",
E2E core flows (chromium)	UNKNOWN STEP	2026-09-13T08:41:24.3241984Z     +         "html": "<span class=\"MuiChip-label MuiChip-labelMedium css-1dybbl5-MuiChip-label\">Exact Draw Probabilities</span>",
E2E core flows (chromium)	UNKNOWN STEP	2026-09-13T08:41:24.3242117Z     +         "impact": "serious",
E2E core flows (chromium)	UNKNOWN STEP	2026-09-13T08:41:24.3242230Z     +         "none": Array [],
E2E core flows (chromium)	UNKNOWN STEP	2026-09-13T08:41:24.3242341Z     +         "target": Array [
E2E core flows (chromium)	UNKNOWN STEP	2026-09-13T08:41:24.3242723Z     +           ".css-an60gf-MuiChip-root > .MuiChip-labelMedium.css-1dybbl5-MuiChip-label.MuiChip-label",
E2E core flows (chromium)	UNKNOWN STEP	2026-09-13T08:41:24.3242812Z     +         ],
E2E core flows (chromium)	UNKNOWN STEP	2026-09-13T08:41:24.3242899Z     +       },
E2E core flows (chromium)	UNKNOWN STEP	2026-09-13T08:41:24.3242983Z     +       Object {
E2E core flows (chromium)	UNKNOWN STEP	2026-09-13T08:41:24.3243103Z     +         "all": Array [],
E2E core flows (chromium)	UNKNOWN STEP	2026-09-13T08:41:24.3243201Z     +         "any": Array [
E2E core flows (chromium)	UNKNOWN STEP	2026-09-13T08:41:24.3243289Z     +           Object {
E2E core flows (chromium)	UNKNOWN STEP	2026-09-13T08:41:24.3243410Z     +             "data": Object {
E2E core flows (chromium)	UNKNOWN STEP	2026-09-13T08:41:24.3243541Z     +               "bgColor": "#c6cebf",
E2E core flows (chromium)	UNKNOWN STEP	2026-09-13T08:41:24.3243672Z     +               "contrastRatio": 3.02,
E2E core flows (chromium)	UNKNOWN STEP	2026-09-13T08:41:24.3243824Z     +               "expectedContrastRatio": "4.5:1",
E2E core flows (chromium)	UNKNOWN STEP	2026-09-13T08:41:24.3244092Z     +               "fgColor": "#866593",
E2E core flows (chromium)	UNKNOWN STEP	2026-09-13T08:41:24.3244230Z     +               "fontSize": "9.8pt (13px)",
E2E core flows (chromium)	UNKNOWN STEP	2026-09-13T08:41:24.3244396Z     +               "fontWeight": "normal",
E2E core flows (chromium)	UNKNOWN STEP	2026-09-13T08:41:24.3244518Z     +               "messageKey": null,
E2E core flows (chromium)	UNKNOWN STEP	2026-09-13T08:41:24.3244608Z     +             },
E2E core flows (chromium)	UNKNOWN STEP	2026-09-13T08:41:24.3244737Z     +             "id": "color-contrast",
E2E core flows (chromium)	UNKNOWN STEP	2026-09-13T08:41:24.3244852Z     +             "impact": "serious",
E2E core flows (chromium)	UNKNOWN STEP	2026-09-13T08:41:24.3245574Z     +             "message": "Element has insufficient color contrast of 3.02 (foreground color: #866593, background color: #c6cebf, font size: 9.8pt (13px), font weight: normal). Expected contrast ratio of 4.5:1",
E2E core flows (chromium)	UNKNOWN STEP	2026-09-13T08:41:24.3245699Z     +             "relatedNodes": Array [
E2E core flows (chromium)	UNKNOWN STEP	2026-09-13T08:41:24.3245792Z     +               Object {
E2E core flows (chromium)	UNKNOWN STEP	2026-09-13T08:41:24.3246356Z     +                 "html": "<div class=\"MuiChip-root MuiChip-filled MuiChip-sizeMedium MuiChip-colorDefault MuiChip-filledDefault css-1356ida-MuiChip-root\">",
E2E core flows (chromium)	UNKNOWN STEP	2026-09-13T08:41:24.3246474Z     +                 "target": Array [
E2E core flows (chromium)	UNKNOWN STEP	2026-09-13T08:41:24.3246624Z     +                   ".css-1356ida-MuiChip-root",
E2E core flows (chromium)	UNKNOWN STEP	2026-09-13T08:41:24.3246716Z     +                 ],
E2E core flows (chromium)	UNKNOWN STEP	2026-09-13T08:41:24.3246802Z     +               },
E2E core flows (chromium)	UNKNOWN STEP	2026-09-13T08:41:24.3246884Z     +             ],
E2E core flows (chromium)	UNKNOWN STEP	2026-09-13T08:41:24.3246969Z     +           },
E2E core flows (chromium)	UNKNOWN STEP	2026-09-13T08:41:24.3247054Z     +         ],
E2E core flows (chromium)	UNKNOWN STEP	2026-09-13T08:41:24.3247217Z     +         "failureSummary": "Fix any of the following:
E2E core flows (chromium)	UNKNOWN STEP	2026-09-13T08:41:24.3247864Z     +   Element has insufficient color contrast of 3.02 (foreground color: #866593, background color: #c6cebf, font size: 9.8pt (13px), font weight: normal). Expected contrast ratio of 4.5:1",
E2E core flows (chromium)	UNKNOWN STEP	2026-09-13T08:41:24.3248291Z     +         "html": "<span class=\"MuiChip-label MuiChip-labelMedium css-1dybbl5-MuiChip-label\">10,000 Simulations</span>",
E2E core flows (chromium)	UNKNOWN STEP	2026-09-13T08:41:24.3248410Z     +         "impact": "serious",
E2E core flows (chromium)	UNKNOWN STEP	2026-09-13T08:41:24.3248528Z     +         "none": Array [],
E2E core flows (chromium)	UNKNOWN STEP	2026-09-13T08:41:24.3248651Z     +         "target": Array [
E2E core flows (chromium)	UNKNOWN STEP	2026-09-13T08:41:24.3249037Z     +           ".css-1356ida-MuiChip-root > .MuiChip-labelMedium.css-1dybbl5-MuiChip-label.MuiChip-label",
E2E core flows (chromium)	UNKNOWN STEP	2026-09-13T08:41:24.3249121Z     +         ],
E2E core flows (chromium)	UNKNOWN STEP	2026-09-13T08:41:24.3249200Z     +       },
E2E core flows (chromium)	UNKNOWN STEP	2026-09-13T08:41:24.3249287Z     +       Object {
E2E core flows (chromium)	UNKNOWN STEP	2026-09-13T08:41:24.3249399Z     +         "all": Array [],
E2E core flows (chromium)	UNKNOWN STEP	2026-09-13T08:41:24.3249487Z     +         "any": Array [
E2E core flows (chromium)	UNKNOWN STEP	2026-09-13T08:41:24.3249578Z     +           Object {
E2E core flows (chromium)	UNKNOWN STEP	2026-09-13T08:41:24.3249695Z     +             "data": Object {
E2E core flows (chromium)	UNKNOWN STEP	2026-09-13T08:41:24.3249817Z     +               "bgColor": "#fff9ef",
E2E core flows (chromium)	UNKNOWN STEP	2026-09-13T08:41:24.3249936Z     +               "contrastRatio": 2.36,
E2E core flows (chromium)	UNKNOWN STEP	2026-09-13T08:41:24.3250088Z     +               "expectedContrastRatio": "4.5:1",
E2E core flows (chromium)	UNKNOWN STEP	2026-09-13T08:41:24.3250208Z     +               "fgColor": "#d19879",
E2E core flows (chromium)	UNKNOWN STEP	2026-09-13T08:41:24.3250337Z     +               "fontSize": "9.8pt (13px)",
E2E core flows (chromium)	UNKNOWN STEP	2026-09-13T08:41:24.3250462Z     +               "fontWeight": "normal",
E2E core flows (chromium)	UNKNOWN STEP	2026-09-13T08:41:24.3250671Z     +               "messageKey": null,
E2E core flows (chromium)	UNKNOWN STEP	2026-09-13T08:41:24.3250760Z     +             },
E2E core flows (chromium)	UNKNOWN STEP	2026-09-13T08:41:24.3250883Z     +             "id": "color-contrast",
E2E core flows (chromium)	UNKNOWN STEP	2026-09-13T08:41:24.3251006Z     +             "impact": "serious",
E2E core flows (chromium)	UNKNOWN STEP	2026-09-13T08:41:24.3251863Z     +             "message": "Element has insufficient color contrast of 2.36 (foreground color: #d19879, background color: #fff9ef, font size: 9.8pt (13px), font weight: normal). Expected contrast ratio of 4.5:1",
E2E core flows (chromium)	UNKNOWN STEP	2026-09-13T08:41:24.3251990Z     +             "relatedNodes": Array [
E2E core flows (chromium)	UNKNOWN STEP	2026-09-13T08:41:24.3252078Z     +               Object {
E2E core flows (chromium)	UNKNOWN STEP	2026-09-13T08:41:24.3252641Z     +                 "html": "<div class=\"MuiChip-root MuiChip-filled MuiChip-sizeMedium MuiChip-colorDefault MuiChip-filledDefault css-yhtqls-MuiChip-root\">",
E2E core flows (chromium)	UNKNOWN STEP	2026-09-13T08:41:24.3252761Z     +                 "target": Array [
E2E core flows (chromium)	UNKNOWN STEP	2026-09-13T08:41:24.3252908Z     +                   ".css-yhtqls-MuiChip-root",
E2E core flows (chromium)	UNKNOWN STEP	2026-09-13T08:41:24.3253210Z     +                 ],
E2E core flows (chromium)	UNKNOWN STEP	2026-09-13T08:41:24.3253312Z     +               },
E2E core flows (chromium)	UNKNOWN STEP	2026-09-13T08:41:24.3253406Z     +             ],
E2E core flows (chromium)	UNKNOWN STEP	2026-09-13T08:41:24.3253486Z     +           },
E2E core flows (chromium)	UNKNOWN STEP	2026-09-13T08:41:24.3253572Z     +         ],
E2E core flows (chromium)	UNKNOWN STEP	2026-09-13T08:41:24.3253738Z     +         "failureSummary": "Fix any of the following:
E2E core flows (chromium)	UNKNOWN STEP	2026-09-13T08:41:24.3254387Z     +   Element has insufficient color contrast of 2.36 (foreground color: #d19879, background color: #fff9ef, font size: 9.8pt (13px), font weight: normal). Expected contrast ratio of 4.5:1",
E2E core flows (chromium)	UNKNOWN STEP	2026-09-13T08:41:24.3254815Z     +         "html": "<span class=\"MuiChip-label MuiChip-labelMedium css-1dybbl5-MuiChip-label\">Pro-Level Research</span>",
E2E core flows (chromium)	UNKNOWN STEP	2026-09-13T08:41:24.3254933Z     +         "impact": "serious",
E2E core flows (chromium)	UNKNOWN STEP	2026-09-13T08:41:24.3255044Z     +         "none": Array [],
E2E core flows (chromium)	UNKNOWN STEP	2026-09-13T08:41:24.3255149Z     +         "target": Array [
E2E core flows (chromium)	UNKNOWN STEP	2026-09-13T08:41:24.3255524Z     +           ".css-yhtqls-MuiChip-root > .MuiChip-labelMedium.css-1dybbl5-MuiChip-label.MuiChip-label",
E2E core flows (chromium)	UNKNOWN STEP	2026-09-13T08:41:24.3255613Z     +         ],
E2E core flows (chromium)	UNKNOWN STEP	2026-09-13T08:41:24.3255700Z     +       },
E2E core flows (chromium)	UNKNOWN STEP	2026-09-13T08:41:24.3255782Z     +       Object {
E2E core flows (chromium)	UNKNOWN STEP	2026-09-13T08:41:24.3255893Z     +         "all": Array [],
E2E core flows (chromium)	UNKNOWN STEP	2026-09-13T08:41:24.3255983Z     +         "any": Array [
E2E core flows (chromium)	UNKNOWN STEP	2026-09-13T08:41:24.3256065Z     +           Object {
E2E core flows (chromium)	UNKNOWN STEP	2026-09-13T08:41:24.3256179Z     +             "data": Object {
E2E core flows (chromium)	UNKNOWN STEP	2026-09-13T08:41:24.3256299Z     +               "bgColor": "#f0f8fe",
E2E core flows (chromium)	UNKNOWN STEP	2026-09-13T08:41:24.3256425Z     +               "contrastRatio": 2.54,
E2E core flows (chromium)	UNKNOWN STEP	2026-09-13T08:41:24.3256572Z     +               "expectedContrastRatio": "4.5:1",
E2E core flows (chromium)	UNKNOWN STEP	2026-09-13T08:41:24.3256692Z     +               "fgColor": "#7f9ecd",
E2E core flows (chromium)	UNKNOWN STEP	2026-09-13T08:41:24.3256824Z     +               "fontSize": "9.8pt (13px)",
E2E core flows (chromium)	UNKNOWN STEP	2026-09-13T08:41:24.3256940Z     +               "fontWeight": "bold",
E2E core flows (chromium)	UNKNOWN STEP	2026-09-13T08:41:24.3257060Z     +               "messageKey": null,
E2E core flows (chromium)	UNKNOWN STEP	2026-09-13T08:41:24.3257145Z     +             },
E2E core flows (chromium)	UNKNOWN STEP	2026-09-13T08:41:24.3257270Z     +             "id": "color-contrast",
E2E core flows (chromium)	UNKNOWN STEP	2026-09-13T08:41:24.3257392Z     +             "impact": "serious",
E2E core flows (chromium)	UNKNOWN STEP	2026-09-13T08:41:24.3258100Z     +             "message": "Element has insufficient color contrast of 2.54 (foreground color: #7f9ecd, background color: #f0f8fe, font size: 9.8pt (13px), font weight: bold). Expected contrast ratio of 4.5:1",
E2E core flows (chromium)	UNKNOWN STEP	2026-09-13T08:41:24.3258221Z     +             "relatedNodes": Array [
E2E core flows (chromium)	UNKNOWN STEP	2026-09-13T08:41:24.3258313Z     +               Object {
E2E core flows (chromium)	UNKNOWN STEP	2026-09-13T08:41:24.3259319Z     +                 "html": "<div class=\"MuiChip-root MuiChip-filled MuiChip-sizeSmall MuiChip-colorDefault MuiChip-filledDefault css-1kjif1b-MuiChip-root\"><span class=\"MuiChip-label MuiChip-labelSmall css-t3ycia-MuiChip-label\">Castability Tab</span></div>",
E2E core flows (chromium)	UNKNOWN STEP	2026-09-13T08:41:24.3259490Z     +                 "target": Array [
E2E core flows (chromium)	UNKNOWN STEP	2026-09-13T08:41:24.3259758Z     +                   ".css-1kjif1b-MuiChip-root",
E2E core flows (chromium)	UNKNOWN STEP	2026-09-13T08:41:24.3259906Z     +                 ],
E2E core flows (chromium)	UNKNOWN STEP	2026-09-13T08:41:24.3260048Z     +               },
E2E core flows (chromium)	UNKNOWN STEP	2026-09-13T08:41:24.3260207Z     +             ],
E2E core flows (chromium)	UNKNOWN STEP	2026-09-13T08:41:24.3260317Z     +           },
E2E core flows (chromium)	UNKNOWN STEP	2026-09-13T08:41:24.3260542Z     +         ],
E2E core flows (chromium)	UNKNOWN STEP	2026-09-13T08:41:24.3260733Z     +         "failureSummary": "Fix any of the following:
E2E core flows (chromium)	UNKNOWN STEP	2026-09-13T08:41:24.3261583Z     +   Element has insufficient color contrast of 2.54 (foreground color: #7f9ecd, background color: #f0f8fe, font size: 9.8pt (13px), font weight: bold). Expected contrast ratio of 4.5:1",
E2E core flows (chromium)	UNKNOWN STEP	2026-09-13T08:41:24.3261996Z     +         "html": "<span class=\"MuiChip-label MuiChip-labelSmall css-t3ycia-MuiChip-label\">Castability Tab</span>",
E2E core flows (chromium)	UNKNOWN STEP	2026-09-13T08:41:24.3262112Z     +         "impact": "serious",
E2E core flows (chromium)	UNKNOWN STEP	2026-09-13T08:41:24.3262225Z     +         "none": Array [],
E2E core flows (chromium)	UNKNOWN STEP	2026-09-13T08:41:24.3262332Z     +         "target": Array [
E2E core flows (chromium)	UNKNOWN STEP	2026-09-13T08:41:24.3262699Z     +           ".css-1kjif1b-MuiChip-root > .css-t3ycia-MuiChip-label.MuiChip-labelSmall.MuiChip-label",
E2E core flows (chromium)	UNKNOWN STEP	2026-09-13T08:41:24.3262780Z     +         ],
E2E core flows (chromium)	UNKNOWN STEP	2026-09-13T08:41:24.3262864Z     +       },
E2E core flows (chromium)	UNKNOWN STEP	2026-09-13T08:41:24.3262950Z     +       Object {
E2E core flows (chromium)	UNKNOWN STEP	2026-09-13T08:41:24.3263182Z     +         "all": Array [],
E2E core flows (chromium)	UNKNOWN STEP	2026-09-13T08:41:24.3263280Z     +         "any": Array [
E2E core flows (chromium)	UNKNOWN STEP	2026-09-13T08:41:24.3263370Z     +           Object {
E2E core flows (chromium)	UNKNOWN STEP	2026-09-13T08:41:24.3263479Z     +             "data": Object {
E2E core flows (chromium)	UNKNOWN STEP	2026-09-13T08:41:24.3263604Z     +               "bgColor": "#ffffff",
E2E core flows (chromium)	UNKNOWN STEP	2026-09-13T08:41:24.3263729Z     +               "contrastRatio": 2.46,
E2E core flows (chromium)	UNKNOWN STEP	2026-09-13T08:41:24.3263882Z     +               "expectedContrastRatio": "4.5:1",
E2E core flows (chromium)	UNKNOWN STEP	2026-09-13T08:41:24.3263997Z     +               "fgColor": "#a5a5a5",
E2E core flows (chromium)	UNKNOWN STEP	2026-09-13T08:41:24.3264131Z     +               "fontSize": "9.0pt (12px)",
E2E core flows (chromium)	UNKNOWN STEP	2026-09-13T08:41:24.3264258Z     +               "fontWeight": "normal",
E2E core flows (chromium)	UNKNOWN STEP	2026-09-13T08:41:24.3264373Z     +               "messageKey": null,
E2E core flows (chromium)	UNKNOWN STEP	2026-09-13T08:41:24.3264459Z     +             },
E2E core flows (chromium)	UNKNOWN STEP	2026-09-13T08:41:24.3264581Z     +             "id": "color-contrast",
E2E core flows (chromium)	UNKNOWN STEP	2026-09-13T08:41:24.3264700Z     +             "impact": "serious",
E2E core flows (chromium)	UNKNOWN STEP	2026-09-13T08:41:24.3265419Z     +             "message": "Element has insufficient color contrast of 2.46 (foreground color: #a5a5a5, background color: #ffffff, font size: 9.0pt (12px), font weight: normal). Expected contrast ratio of 4.5:1",
E2E core flows (chromium)	UNKNOWN STEP	2026-09-13T08:41:24.3265546Z     +             "relatedNodes": Array [
E2E core flows (chromium)	UNKNOWN STEP	2026-09-13T08:41:24.3265637Z     +               Object {
E2E core flows (chromium)	UNKNOWN STEP	2026-09-13T08:41:24.3266233Z     +                 "html": "<div class=\"MuiPaper-root MuiPaper-elevation MuiPaper-rounded MuiPaper-elevation0 MuiCard-root css-gzki00-MuiPaper-root-MuiCard-root\">",
E2E core flows (chromium)	UNKNOWN STEP	2026-09-13T08:41:24.3266349Z     +                 "target": Array [
E2E core flows (chromium)	UNKNOWN STEP	2026-09-13T08:41:24.3266537Z     +                   ".css-gzki00-MuiPaper-root-MuiCard-root",
E2E core flows (chromium)	UNKNOWN STEP	2026-09-13T08:41:24.3266626Z     +                 ],
E2E core flows (chromium)	UNKNOWN STEP	2026-09-13T08:41:24.3266713Z     +               },
E2E core flows (chromium)	UNKNOWN STEP	2026-09-13T08:41:24.3266795Z     +             ],
E2E core flows (chromium)	UNKNOWN STEP	2026-09-13T08:41:24.3266879Z     +           },
E2E core flows (chromium)	UNKNOWN STEP	2026-09-13T08:41:24.3266963Z     +         ],
E2E core flows (chromium)	UNKNOWN STEP	2026-09-13T08:41:24.3267124Z     +         "failureSummary": "Fix any of the following:
E2E core flows (chromium)	UNKNOWN STEP	2026-09-13T08:41:24.3267780Z     +   Element has insufficient color contrast of 2.46 (foreground color: #a5a5a5, background color: #ffffff, font size: 9.0pt (12px), font weight: normal). Expected contrast ratio of 4.5:1",
E2E core flows (chromium)	UNKNOWN STEP	2026-09-13T08:41:24.3268358Z     +         "html": "<span class=\"MuiTypography-root MuiTypography-caption css-1gnu7ui-MuiTypography-root\">Estimates or supported exact goldfish</span>",
E2E core flows (chromium)	UNKNOWN STEP	2026-09-13T08:41:24.3268477Z     +         "impact": "serious",
E2E core flows (chromium)	UNKNOWN STEP	2026-09-13T08:41:24.3268584Z     +         "none": Array [],
E2E core flows (chromium)	UNKNOWN STEP	2026-09-13T08:41:24.3268695Z     +         "target": Array [
E2E core flows (chromium)	UNKNOWN STEP	2026-09-13T08:41:24.3269513Z     +           ".css-gzki00-MuiPaper-root-MuiCard-root > .css-dfwo07-MuiCardContent-root.MuiCardContent-root > .css-14csuhd.MuiBox-root > .css-0.MuiBox-root > .css-1gnu7ui-MuiTypography-root.MuiTypography-caption",
E2E core flows (chromium)	UNKNOWN STEP	2026-09-13T08:41:24.3269599Z     +         ],
E2E core flows (chromium)	UNKNOWN STEP	2026-09-13T08:41:24.3269677Z     +       },
E2E core flows (chromium)	UNKNOWN STEP	2026-09-13T08:41:24.3269764Z     +       Object {
E2E core flows (chromium)	UNKNOWN STEP	2026-09-13T08:41:24.3269875Z     +         "all": Array [],
E2E core flows (chromium)	UNKNOWN STEP	2026-09-13T08:41:24.3269965Z     +         "any": Array [
E2E core flows (chromium)	UNKNOWN STEP	2026-09-13T08:41:24.3270173Z     +           Object {
E2E core flows (chromium)	UNKNOWN STEP	2026-09-13T08:41:24.3270288Z     +             "data": Object {
E2E core flows (chromium)	UNKNOWN STEP	2026-09-13T08:41:24.3270411Z     +               "bgColor": "#ffffff",
E2E core flows (chromium)	UNKNOWN STEP	2026-09-13T08:41:24.3270532Z     +               "contrastRatio": 3.64,
E2E core flows (chromium)	UNKNOWN STEP	2026-09-13T08:41:24.3270683Z     +               "expectedContrastRatio": "4.5:1",
E2E core flows (chromium)	UNKNOWN STEP	2026-09-13T08:41:24.3270801Z     +               "fgColor": "#868686",
E2E core flows (chromium)	UNKNOWN STEP	2026-09-13T08:41:24.3270933Z     +               "fontSize": "12.0pt (16px)",
E2E core flows (chromium)	UNKNOWN STEP	2026-09-13T08:41:24.3271053Z     +               "fontWeight": "bold",
E2E core flows (chromium)	UNKNOWN STEP	2026-09-13T08:41:24.3271303Z     +               "messageKey": null,
E2E core flows (chromium)	UNKNOWN STEP	2026-09-13T08:41:24.3271398Z     +             },
E2E core flows (chromium)	UNKNOWN STEP	2026-09-13T08:41:24.3271517Z     +             "id": "color-contrast",
E2E core flows (chromium)	UNKNOWN STEP	2026-09-13T08:41:24.3271637Z     +             "impact": "serious",
E2E core flows (chromium)	UNKNOWN STEP	2026-09-13T08:41:24.3272352Z     +             "message": "Element has insufficient color contrast of 3.64 (foreground color: #868686, background color: #ffffff, font size: 12.0pt (16px), font weight: bold). Expected contrast ratio of 4.5:1",
E2E core flows (chromium)	UNKNOWN STEP	2026-09-13T08:41:24.3272598Z     +             "relatedNodes": Array [
E2E core flows (chromium)	UNKNOWN STEP	2026-09-13T08:41:24.3272685Z     +               Object {
E2E core flows (chromium)	UNKNOWN STEP	2026-09-13T08:41:24.3273284Z     +                 "html": "<div class=\"MuiPaper-root MuiPaper-elevation MuiPaper-rounded MuiPaper-elevation0 MuiCard-root css-gzki00-MuiPaper-root-MuiCard-root\">",
E2E core flows (chromium)	UNKNOWN STEP	2026-09-13T08:41:24.3273401Z     +                 "target": Array [
E2E core flows (chromium)	UNKNOWN STEP	2026-09-13T08:41:24.3273581Z     +                   ".css-gzki00-MuiPaper-root-MuiCard-root",
E2E core flows (chromium)	UNKNOWN STEP	2026-09-13T08:41:24.3273669Z     +                 ],
E2E core flows (chromium)	UNKNOWN STEP	2026-09-13T08:41:24.3273756Z     +               },
E2E core flows (chromium)	UNKNOWN STEP	2026-09-13T08:41:24.3273843Z     +             ],
E2E core flows (chromium)	UNKNOWN STEP	2026-09-13T08:41:24.3273925Z     +           },
E2E core flows (chromium)	UNKNOWN STEP	2026-09-13T08:41:24.3274009Z     +         ],
E2E core flows (chromium)	UNKNOWN STEP	2026-09-13T08:41:24.3274176Z     +         "failureSummary": "Fix any of the following:
E2E core flows (chromium)	UNKNOWN STEP	2026-09-13T08:41:24.3274821Z     +   Element has insufficient color contrast of 3.64 (foreground color: #868686, background color: #ffffff, font size: 12.0pt (16px), font weight: bold). Expected contrast ratio of 4.5:1",
E2E core flows (chromium)	UNKNOWN STEP	2026-09-13T08:41:24.3275475Z     +         "html": "<h6 class=\"MuiTypography-root MuiTypography-subtitle1 MuiTypography-gutterBottom css-1rk52hw-MuiTypography-root\">\"Can I cast this spell on curve?\"</h6>",
E2E core flows (chromium)	UNKNOWN STEP	2026-09-13T08:41:24.3275590Z     +         "impact": "serious",
E2E core flows (chromium)	UNKNOWN STEP	2026-09-13T08:41:24.3275705Z     +         "none": Array [],
E2E core flows (chromium)	UNKNOWN STEP	2026-09-13T08:41:24.3275811Z     +         "target": Array [
E2E core flows (chromium)	UNKNOWN STEP	2026-09-13T08:41:24.3276599Z     +           ".css-gzki00-MuiPaper-root-MuiCard-root > .css-dfwo07-MuiCardContent-root.MuiCardContent-root > .MuiTypography-subtitle1.css-1rk52hw-MuiTypography-root.MuiTypography-gutterBottom",
E2E core flows (chromium)	UNKNOWN STEP	2026-09-13T08:41:24.3276685Z     +         ],
E2E core flows (chromium)	UNKNOWN STEP	2026-09-13T08:41:24.3276769Z     +       },
E2E core flows (chromium)	UNKNOWN STEP	2026-09-13T08:41:24.3276851Z     +       Object {
E2E core flows (chromium)	UNKNOWN STEP	2026-09-13T08:41:24.3276962Z     +         "all": Array [],
E2E core flows (chromium)	UNKNOWN STEP	2026-09-13T08:41:24.3277053Z     +         "any": Array [
E2E core flows (chromium)	UNKNOWN STEP	2026-09-13T08:41:24.3277151Z     +           Object {
E2E core flows (chromium)	UNKNOWN STEP	2026-09-13T08:41:24.3277288Z     +             "data": Object {
E2E core flows (chromium)	UNKNOWN STEP	2026-09-13T08:41:24.3277411Z     +               "bgColor": "#ffffff",
E2E core flows (chromium)	UNKNOWN STEP	2026-09-13T08:41:24.3277536Z     +               "contrastRatio": 2.46,
E2E core flows (chromium)	UNKNOWN STEP	2026-09-13T08:41:24.3277682Z     +               "expectedContrastRatio": "4.5:1",
E2E core flows (chromium)	UNKNOWN STEP	2026-09-13T08:41:24.3277805Z     +               "fgColor": "#a5a5a5",
E2E core flows (chromium)	UNKNOWN STEP	2026-09-13T08:41:24.3277942Z     +               "fontSize": "10.5pt (14px)",
E2E core flows (chromium)	UNKNOWN STEP	2026-09-13T08:41:24.3278068Z     +               "fontWeight": "normal",
E2E core flows (chromium)	UNKNOWN STEP	2026-09-13T08:41:24.3278184Z     +               "messageKey": null,
E2E core flows (chromium)	UNKNOWN STEP	2026-09-13T08:41:24.3278269Z     +             },
E2E core flows (chromium)	UNKNOWN STEP	2026-09-13T08:41:24.3278393Z     +             "id": "color-contrast",
E2E core flows (chromium)	UNKNOWN STEP	2026-09-13T08:41:24.3278510Z     +             "impact": "serious",
E2E core flows (chromium)	UNKNOWN STEP	2026-09-13T08:41:24.3279236Z     +             "message": "Element has insufficient color contrast of 2.46 (foreground color: #a5a5a5, background color: #ffffff, font size: 10.5pt (14px), font weight: normal). Expected contrast ratio of 4.5:1",
E2E core flows (chromium)	UNKNOWN STEP	2026-09-13T08:41:24.3279482Z     +             "relatedNodes": Array [
E2E core flows (chromium)	UNKNOWN STEP	2026-09-13T08:41:24.3279578Z     +               Object {
E2E core flows (chromium)	UNKNOWN STEP	2026-09-13T08:41:24.3280162Z     +                 "html": "<div class=\"MuiPaper-root MuiPaper-elevation MuiPaper-rounded MuiPaper-elevation0 MuiCard-root css-gzki00-MuiPaper-root-MuiCard-root\">",
E2E core flows (chromium)	UNKNOWN STEP	2026-09-13T08:41:24.3280281Z     +                 "target": Array [
E2E core flows (chromium)	UNKNOWN STEP	2026-09-13T08:41:24.3280464Z     +                   ".css-gzki00-MuiPaper-root-MuiCard-root",
E2E core flows (chromium)	UNKNOWN STEP	2026-09-13T08:41:24.3280553Z     +                 ],
E2E core flows (chromium)	UNKNOWN STEP	2026-09-13T08:41:24.3280635Z     +               },
E2E core flows (chromium)	UNKNOWN STEP	2026-09-13T08:41:24.3280722Z     +             ],
E2E core flows (chromium)	UNKNOWN STEP	2026-09-13T08:41:24.3280806Z     +           },
E2E core flows (chromium)	UNKNOWN STEP	2026-09-13T08:41:24.3280884Z     +         ],
E2E core flows (chromium)	UNKNOWN STEP	2026-09-13T08:41:24.3281050Z     +         "failureSummary": "Fix any of the following:
E2E core flows (chromium)	UNKNOWN STEP	2026-09-13T08:41:24.3282002Z     +   Element has insufficient color contrast of 2.46 (foreground color: #a5a5a5, background color: #ffffff, font size: 10.5pt (14px), font weight: normal). Expected contrast ratio of 4.5:1",
E2E core flows (chromium)	UNKNOWN STEP	2026-09-13T08:41:24.3282633Z     +         "html": "<p class=\"MuiTypography-root MuiTypography-body2 MuiTypography-paragraph css-1jup1d4-MuiTypography-root\">",
E2E core flows (chromium)	UNKNOWN STEP	2026-09-13T08:41:24.3282752Z     +         "impact": "serious",
E2E core flows (chromium)	UNKNOWN STEP	2026-09-13T08:41:24.3282867Z     +         "none": Array [],
E2E core flows (chromium)	UNKNOWN STEP	2026-09-13T08:41:24.3282980Z     +         "target": Array [
E2E core flows (chromium)	UNKNOWN STEP	2026-09-13T08:41:24.3283736Z     +           ".css-gzki00-MuiPaper-root-MuiCard-root > .css-dfwo07-MuiCardContent-root.MuiCardContent-root > .css-1jup1d4-MuiTypography-root.MuiTypography-paragraph.MuiTypography-body2",
E2E core flows (chromium)	UNKNOWN STEP	2026-09-13T08:41:24.3283818Z     +         ],
E2E core flows (chromium)	UNKNOWN STEP	2026-09-13T08:41:24.3283901Z     +       },
E2E core flows (chromium)	UNKNOWN STEP	2026-09-13T08:41:24.3283990Z     +       Object {
E2E core flows (chromium)	UNKNOWN STEP	2026-09-13T08:41:24.3284098Z     +         "all": Array [],
E2E core flows (chromium)	UNKNOWN STEP	2026-09-13T08:41:24.3284191Z     +         "any": Array [
E2E core flows (chromium)	UNKNOWN STEP	2026-09-13T08:41:24.3284279Z     +           Object {
E2E core flows (chromium)	UNKNOWN STEP	2026-09-13T08:41:24.3284396Z     +             "data": Object {
E2E core flows (chromium)	UNKNOWN STEP	2026-09-13T08:41:24.3284514Z     +               "bgColor": "#f0f8fe",
E2E core flows (chromium)	UNKNOWN STEP	2026-09-13T08:41:24.3284648Z     +               "contrastRatio": 2.54,
E2E core flows (chromium)	UNKNOWN STEP	2026-09-13T08:41:24.3284799Z     +               "expectedContrastRatio": "4.5:1",
E2E core flows (chromium)	UNKNOWN STEP	2026-09-13T08:41:24.3284914Z     +               "fgColor": "#7f9ecd",
E2E core flows (chromium)	UNKNOWN STEP	2026-09-13T08:41:24.3285051Z     +               "fontSize": "9.0pt (12px)",
E2E core flows (chromium)	UNKNOWN STEP	2026-09-13T08:41:24.3285175Z     +               "fontWeight": "normal",
E2E core flows (chromium)	UNKNOWN STEP	2026-09-13T08:41:24.3285294Z     +               "messageKey": null,
E2E core flows (chromium)	UNKNOWN STEP	2026-09-13T08:41:24.3285375Z     +             },
E2E core flows (chromium)	UNKNOWN STEP	2026-09-13T08:41:24.3285499Z     +             "id": "color-contrast",
E2E core flows (chromium)	UNKNOWN STEP	2026-09-13T08:41:24.3285619Z     +             "impact": "serious",
E2E core flows (chromium)	UNKNOWN STEP	2026-09-13T08:41:24.3286335Z     +             "message": "Element has insufficient color contrast of 2.54 (foreground color: #7f9ecd, background color: #f0f8fe, font size: 9.0pt (12px), font weight: normal). Expected contrast ratio of 4.5:1",
E2E core flows (chromium)	UNKNOWN STEP	2026-09-13T08:41:24.3286455Z     +             "relatedNodes": Array [
E2E core flows (chromium)	UNKNOWN STEP	2026-09-13T08:41:24.3286548Z     +               Object {
E2E core flows (chromium)	UNKNOWN STEP	2026-09-13T08:41:24.3287753Z     +                 "html": "<div class=\"MuiPaper-root MuiPaper-elevation MuiPaper-rounded MuiPaper-elevation0 css-1mntddu-MuiPaper-root\"><span class=\"MuiTypography-root MuiTypography-caption css-agrcj6-MuiTypography-root\">Compare the same spell, target turn and settings before interpreting a change.</span></div>",
E2E core flows (chromium)	UNKNOWN STEP	2026-09-13T08:41:24.3287875Z     +                 "target": Array [
E2E core flows (chromium)	UNKNOWN STEP	2026-09-13T08:41:24.3288022Z     +                   ".css-1mntddu-MuiPaper-root",
E2E core flows (chromium)	UNKNOWN STEP	2026-09-13T08:41:24.3288111Z     +                 ],
E2E core flows (chromium)	UNKNOWN STEP	2026-09-13T08:41:24.3288197Z     +               },
E2E core flows (chromium)	UNKNOWN STEP	2026-09-13T08:41:24.3288277Z     +             ],
E2E core flows (chromium)	UNKNOWN STEP	2026-09-13T08:41:24.3288363Z     +           },
E2E core flows (chromium)	UNKNOWN STEP	2026-09-13T08:41:24.3288447Z     +         ],
E2E core flows (chromium)	UNKNOWN STEP	2026-09-13T08:41:24.3288617Z     +         "failureSummary": "Fix any of the following:
E2E core flows (chromium)	UNKNOWN STEP	2026-09-13T08:41:24.3289264Z     +   Element has insufficient color contrast of 2.54 (foreground color: #7f9ecd, background color: #f0f8fe, font size: 9.0pt (12px), font weight: normal). Expected contrast ratio of 4.5:1",
E2E core flows (chromium)	UNKNOWN STEP	2026-09-13T08:41:24.3290140Z     +         "html": "<span class=\"MuiTypography-root MuiTypography-caption css-agrcj6-MuiTypography-root\">Compare the same spell, target turn and settings before interpreting a change.</span>",
E2E core flows (chromium)	UNKNOWN STEP	2026-09-13T08:41:24.3290262Z     +         "impact": "serious",
E2E core flows (chromium)	UNKNOWN STEP	2026-09-13T08:41:24.3290376Z     +         "none": Array [],
E2E core flows (chromium)	UNKNOWN STEP	2026-09-13T08:41:24.3290480Z     +         "target": Array [
E2E core flows (chromium)	UNKNOWN STEP	2026-09-13T08:41:24.3290633Z     +           ".css-agrcj6-MuiTypography-root",
E2E core flows (chromium)	UNKNOWN STEP	2026-09-13T08:41:24.3290716Z     +         ],
E2E core flows (chromium)	UNKNOWN STEP	2026-09-13T08:41:24.3290793Z     +       },
E2E core flows (chromium)	UNKNOWN STEP	2026-09-13T08:41:24.3290881Z     +       Object {
E2E core flows (chromium)	UNKNOWN STEP	2026-09-13T08:41:24.3290992Z     +         "all": Array [],
E2E core flows (chromium)	UNKNOWN STEP	2026-09-13T08:41:24.3291083Z     +         "any": Array [
E2E core flows (chromium)	UNKNOWN STEP	2026-09-13T08:41:24.3291305Z     +           Object {
E2E core flows (chromium)	UNKNOWN STEP	2026-09-13T08:41:24.3291427Z     +             "data": Object {
E2E core flows (chromium)	UNKNOWN STEP	2026-09-13T08:41:24.3291552Z     +               "bgColor": "#fcfefc",
E2E core flows (chromium)	UNKNOWN STEP	2026-09-13T08:41:24.3291673Z     +               "contrastRatio": 1.2,
E2E core flows (chromium)	UNKNOWN STEP	2026-09-13T08:41:24.3292068Z     +               "expectedContrastRatio": "4.5:1",
E2E core flows (chromium)	UNKNOWN STEP	2026-09-13T08:41:24.3292283Z     +               "fgColor": "#e3ebe3",
E2E core flows (chromium)	UNKNOWN STEP	2026-09-13T08:41:24.3292512Z     +               "fontSize": "9.8pt (13px)",
E2E core flows (chromium)	UNKNOWN STEP	2026-09-13T08:41:24.3292765Z     +               "fontWeight": "bold",
E2E core flows (chromium)	UNKNOWN STEP	2026-09-13T08:41:24.3292994Z     +               "messageKey": null,
E2E core flows (chromium)	UNKNOWN STEP	2026-09-13T08:41:24.3293134Z     +             },
E2E core flows (chromium)	UNKNOWN STEP	2026-09-13T08:41:24.3293365Z     +             "id": "color-contrast",
E2E core flows (chromium)	UNKNOWN STEP	2026-09-13T08:41:24.3293627Z     +             "impact": "serious",
E2E core flows (chromium)	UNKNOWN STEP	2026-09-13T08:41:24.3294751Z     +             "message": "Element has insufficient color contrast of 1.2 (foreground color: #e3ebe3, background color: #fcfefc, font size: 9.8pt (13px), font weight: bold). Expected contrast ratio of 4.5:1",
E2E core flows (chromium)	UNKNOWN STEP	2026-09-13T08:41:24.3295047Z     +             "relatedNodes": Array [
E2E core flows (chromium)	UNKNOWN STEP	2026-09-13T08:41:24.3295213Z     +               Object {
E2E core flows (chromium)	UNKNOWN STEP	2026-09-13T08:41:24.3296986Z     +                 "html": "<div class=\"MuiChip-root MuiChip-filled MuiChip-sizeSmall MuiChip-colorDefault MuiChip-filledDefault css-j2zaxp-MuiChip-root\"><span class=\"MuiChip-label MuiChip-labelSmall css-t3ycia-MuiChip-label\">Recommendations</span></div>",
E2E core flows (chromium)	UNKNOWN STEP	2026-09-13T08:41:24.3297212Z     +                 "target": Array [
E2E core flows (chromium)	UNKNOWN STEP	2026-09-13T08:41:24.3297468Z     +                   ".css-j2zaxp-MuiChip-root",
E2E core flows (chromium)	UNKNOWN STEP	2026-09-13T08:41:24.3297667Z     +                 ],
E2E core flows (chromium)	UNKNOWN STEP	2026-09-13T08:41:24.3297817Z     +               },
E2E core flows (chromium)	UNKNOWN STEP	2026-09-13T08:41:24.3297954Z     +             ],
E2E core flows (chromium)	UNKNOWN STEP	2026-09-13T08:41:24.3298087Z     +           },
E2E core flows (chromium)	UNKNOWN STEP	2026-09-13T08:41:24.3298246Z     +         ],
E2E core flows (chromium)	UNKNOWN STEP	2026-09-13T08:41:24.3298531Z     +         "failureSummary": "Fix any of the following:
E2E core flows (chromium)	UNKNOWN STEP	2026-09-13T08:41:24.3299712Z     +   Element has insufficient color contrast of 1.2 (foreground color: #e3ebe3, background color: #fcfefc, font size: 9.8pt (13px), font weight: bold). Expected contrast ratio of 4.5:1",
E2E core flows (chromium)	UNKNOWN STEP	2026-09-13T08:41:24.3300496Z     +         "html": "<span class=\"MuiChip-label MuiChip-labelSmall css-t3ycia-MuiChip-label\">Recommendations</span>",
E2E core flows (chromium)	UNKNOWN STEP	2026-09-13T08:41:24.3300714Z     +         "impact": "serious",
E2E core flows (chromium)	UNKNOWN STEP	2026-09-13T08:41:24.3300899Z     +         "none": Array [],
E2E core flows (chromium)	UNKNOWN STEP	2026-09-13T08:41:24.3301082Z     +         "target": Array [
E2E core flows (chromium)	UNKNOWN STEP	2026-09-13T08:41:24.3301934Z     +           ".css-j2zaxp-MuiChip-root > .css-t3ycia-MuiChip-label.MuiChip-labelSmall.MuiChip-label",
E2E core flows (chromium)	UNKNOWN STEP	2026-09-13T08:41:24.3302076Z     +         ],
E2E core flows (chromium)	UNKNOWN STEP	2026-09-13T08:41:24.3302209Z     +       },
E2E core flows (chromium)	UNKNOWN STEP	2026-09-13T08:41:24.3302352Z     +       Object {
E2E core flows (chromium)	UNKNOWN STEP	2026-09-13T08:41:24.3302542Z     +         "all": Array [],
E2E core flows (chromium)	UNKNOWN STEP	2026-09-13T08:41:24.3302695Z     +         "any": Array [
E2E core flows (chromium)	UNKNOWN STEP	2026-09-13T08:41:24.3302840Z     +           Object {
E2E core flows (chromium)	UNKNOWN STEP	2026-09-13T08:41:24.3303031Z     +             "data": Object {
E2E core flows (chromium)	UNKNOWN STEP	2026-09-13T08:41:24.3303248Z     +               "bgColor": "#ffffff",
E2E core flows (chromium)	UNKNOWN STEP	2026-09-13T08:41:24.3303458Z     +               "contrastRatio": 1.2,
E2E core flows (chromium)	UNKNOWN STEP	2026-09-13T08:41:24.3303714Z     +               "expectedContrastRatio": "4.5:1",
E2E core flows (chromium)	UNKNOWN STEP	2026-09-13T08:41:24.3303925Z     +               "fgColor": "#eaeaea",
E2E core flows (chromium)	UNKNOWN STEP	2026-09-13T08:41:24.3304384Z     +               "fontSize": "9.0pt (12px)",
E2E core flows (chromium)	UNKNOWN STEP	2026-09-13T08:41:24.3304611Z     +               "fontWeight": "normal",
E2E core flows (chromium)	UNKNOWN STEP	2026-09-13T08:41:24.3304821Z     +               "messageKey": null,
E2E core flows (chromium)	UNKNOWN STEP	2026-09-13T08:41:24.3304970Z     +             },
E2E core flows (chromium)	UNKNOWN STEP	2026-09-13T08:41:24.3305178Z     +             "id": "color-contrast",
E2E core flows (chromium)	UNKNOWN STEP	2026-09-13T08:41:24.3305378Z     +             "impact": "serious",
E2E core flows (chromium)	UNKNOWN STEP	2026-09-13T08:41:24.3306686Z     +             "message": "Element has insufficient color contrast of 1.2 (foreground color: #eaeaea, background color: #ffffff, font size: 9.0pt (12px), font weight: normal). Expected contrast ratio of 4.5:1",
E2E core flows (chromium)	UNKNOWN STEP	2026-09-13T08:41:24.3306906Z     +             "relatedNodes": Array [
E2E core flows (chromium)	UNKNOWN STEP	2026-09-13T08:41:24.3307064Z     +               Object {
E2E core flows (chromium)	UNKNOWN STEP	2026-09-13T08:41:24.3308131Z     +                 "html": "<div class=\"MuiPaper-root MuiPaper-elevation MuiPaper-rounded MuiPaper-elevation0 MuiCard-root css-enhwrt-MuiPaper-root-MuiCard-root\">",
E2E core flows (chromium)	UNKNOWN STEP	2026-09-13T08:41:24.3308525Z     +                 "target": Array [
E2E core flows (chromium)	UNKNOWN STEP	2026-09-13T08:41:24.3308844Z     +                   ".css-enhwrt-MuiPaper-root-MuiCard-root",
E2E core flows (chromium)	UNKNOWN STEP	2026-09-13T08:41:24.3308992Z     +                 ],
E2E core flows (chromium)	UNKNOWN STEP	2026-09-13T08:41:24.3309133Z     +               },
E2E core flows (chromium)	UNKNOWN STEP	2026-09-13T08:41:24.3309274Z     +             ],
E2E core flows (chromium)	UNKNOWN STEP	2026-09-13T08:41:24.3309416Z     +           },
E2E core flows (chromium)	UNKNOWN STEP	2026-09-13T08:41:24.3309552Z     +         ],
E2E core flows (chromium)	UNKNOWN STEP	2026-09-13T08:41:24.3309841Z     +         "failureSummary": "Fix any of the following:
E2E core flows (chromium)	UNKNOWN STEP	2026-09-13T08:41:24.3311054Z     +   Element has insufficient color contrast of 1.2 (foreground color: #eaeaea, background color: #ffffff, font size: 9.0pt (12px), font weight: normal). Expected contrast ratio of 4.5:1",
E2E core flows (chromium)	UNKNOWN STEP	2026-09-13T08:41:24.3312304Z     +         "html": "<span class=\"MuiTypography-root MuiTypography-caption css-1gnu7ui-MuiTypography-root\">Frank Karsten's Research</span>",
E2E core flows (chromium)	UNKNOWN STEP	2026-09-13T08:41:24.3312511Z     +         "impact": "serious",
E2E core flows (chromium)	UNKNOWN STEP	2026-09-13T08:41:24.3312706Z     +         "none": Array [],
E2E core flows (chromium)	UNKNOWN STEP	2026-09-13T08:41:24.3312904Z     +         "target": Array [
E2E core flows (chromium)	UNKNOWN STEP	2026-09-13T08:41:24.3314420Z     +           ".css-enhwrt-MuiPaper-root-MuiCard-root > .css-dfwo07-MuiCardContent-root.MuiCardContent-root > .css-14csuhd.MuiBox-root > .css-0.MuiBox-root > .css-1gnu7ui-MuiTypography-root.MuiTypography-caption",
E2E core flows (chromium)	UNKNOWN STEP	2026-09-13T08:41:24.3314569Z     +         ],
E2E core flows (chromium)	UNKNOWN STEP	2026-09-13T08:41:24.3314707Z     +       },
E2E core flows (chromium)	UNKNOWN STEP	2026-09-13T08:41:24.3314846Z     +       Object {
E2E core flows (chromium)	UNKNOWN STEP	2026-09-13T08:41:24.3315023Z     +         "all": Array [],
E2E core flows (chromium)	UNKNOWN STEP	2026-09-13T08:41:24.3315174Z     +         "any": Array [
E2E core flows (chromium)	UNKNOWN STEP	2026-09-13T08:41:24.3315321Z     +           Object {
E2E core flows (chromium)	UNKNOWN STEP	2026-09-13T08:41:24.3315518Z     +             "data": Object {
E2E core flows (chromium)	UNKNOWN STEP	2026-09-13T08:41:24.3315724Z     +               "bgColor": "#ffffff",
E2E core flows (chromium)	UNKNOWN STEP	2026-09-13T08:41:24.3315940Z     +               "contrastRatio": 1.29,
E2E core flows (chromium)	UNKNOWN STEP	2026-09-13T08:41:24.3316198Z     +               "expectedContrastRatio": "4.5:1",
E2E core flows (chromium)	UNKNOWN STEP	2026-09-13T08:41:24.3316398Z     +               "fgColor": "#e2e2e2",
E2E core flows (chromium)	UNKNOWN STEP	2026-09-13T08:41:24.3316622Z     +               "fontSize": "12.0pt (16px)",
E2E core flows (chromium)	UNKNOWN STEP	2026-09-13T08:41:24.3316844Z     +               "fontWeight": "bold",
E2E core flows (chromium)	UNKNOWN STEP	2026-09-13T08:41:24.3317054Z     +               "messageKey": null,
E2E core flows (chromium)	UNKNOWN STEP	2026-09-13T08:41:24.3317194Z     +             },
E2E core flows (chromium)	UNKNOWN STEP	2026-09-13T08:41:24.3317407Z     +             "id": "color-contrast",
E2E core flows (chromium)	UNKNOWN STEP	2026-09-13T08:41:24.3317615Z     +             "impact": "serious",
E2E core flows (chromium)	UNKNOWN STEP	2026-09-13T08:41:24.3318905Z     +             "message": "Element has insufficient color contrast of 1.29 (foreground color: #e2e2e2, background color: #ffffff, font size: 12.0pt (16px), font weight: bold). Expected contrast ratio of 4.5:1",
E2E core flows (chromium)	UNKNOWN STEP	2026-09-13T08:41:24.3319124Z     +             "relatedNodes": Array [
E2E core flows (chromium)	UNKNOWN STEP	2026-09-13T08:41:24.3319282Z     +               Object {
E2E core flows (chromium)	UNKNOWN STEP	2026-09-13T08:41:24.3320372Z     +                 "html": "<div class=\"MuiPaper-root MuiPaper-elevation MuiPaper-rounded MuiPaper-elevation0 MuiCard-root css-enhwrt-MuiPaper-root-MuiCard-root\">",
E2E core flows (chromium)	UNKNOWN STEP	2026-09-13T08:41:24.3320573Z     +                 "target": Array [
E2E core flows (chromium)	UNKNOWN STEP	2026-09-13T08:41:24.3321072Z     +                   ".css-enhwrt-MuiPaper-root-MuiCard-root",
E2E core flows (chromium)	UNKNOWN STEP	2026-09-13T08:41:24.3321529Z     +                 ],
E2E core flows (chromium)	UNKNOWN STEP	2026-09-13T08:41:24.3321713Z     +               },
E2E core flows (chromium)	UNKNOWN STEP	2026-09-13T08:41:24.3321852Z     +             ],
E2E core flows (chromium)	UNKNOWN STEP	2026-09-13T08:41:24.3321993Z     +           },
E2E core flows (chromium)	UNKNOWN STEP	2026-09-13T08:41:24.3322135Z     +         ],
E2E core flows (chromium)	UNKNOWN STEP	2026-09-13T08:41:24.3322417Z     +         "failureSummary": "Fix any of the following:
E2E core flows (chromium)	UNKNOWN STEP	2026-09-13T08:41:24.3323572Z     +   Element has insufficient color contrast of 1.29 (foreground color: #e2e2e2, background color: #ffffff, font size: 12.0pt (16px), font weight: bold). Expected contrast ratio of 4.5:1",
E2E core flows (chromium)	UNKNOWN STEP	2026-09-13T08:41:24.3324749Z     +         "html": "<h6 class=\"MuiTypography-root MuiTypography-subtitle1 MuiTypography-gutterBottom css-1rk52hw-MuiTypography-root\">\"How many sources do I need?\"</h6>",
E2E core flows (chromium)	UNKNOWN STEP	2026-09-13T08:41:24.3324956Z     +         "impact": "serious",
E2E core flows (chromium)	UNKNOWN STEP	2026-09-13T08:41:24.3325139Z     +         "none": Array [],
E2E core flows (chromium)	UNKNOWN STEP	2026-09-13T08:41:24.3325325Z     +         "target": Array [
E2E core flows (chromium)	UNKNOWN STEP	2026-09-13T08:41:24.3326964Z     +           ".css-enhwrt-MuiPaper-root-MuiCard-root > .css-dfwo07-MuiCardContent-root.MuiCardContent-root > .MuiTypography-subtitle1.css-1rk52hw-MuiTypography-root.MuiTypography-gutterBottom",
E2E core flows (chromium)	UNKNOWN STEP	2026-09-13T08:41:24.3327117Z     +         ],
E2E core flows (chromium)	UNKNOWN STEP	2026-09-13T08:41:24.3327251Z     +       },
E2E core flows (chromium)	UNKNOWN STEP	2026-09-13T08:41:24.3327396Z     +       Object {
E2E core flows (chromium)	UNKNOWN STEP	2026-09-13T08:41:24.3327580Z     +         "all": Array [],
E2E core flows (chromium)	UNKNOWN STEP	2026-09-13T08:41:24.3327727Z     +         "any": Array [
E2E core flows (chromium)	UNKNOWN STEP	2026-09-13T08:41:24.3327868Z     +           Object {
E2E core flows (chromium)	UNKNOWN STEP	2026-09-13T08:41:24.3328063Z     +             "data": Object {
E2E core flows (chromium)	UNKNOWN STEP	2026-09-13T08:41:24.3328275Z     +               "bgColor": "#ffffff",
E2E core flows (chromium)	UNKNOWN STEP	2026-09-13T08:41:24.3328483Z     +               "contrastRatio": 1.2,
E2E core flows (chromium)	UNKNOWN STEP	2026-09-13T08:41:24.3328745Z     +               "expectedContrastRatio": "4.5:1",
E2E core flows (chromium)	UNKNOWN STEP	2026-09-13T08:41:24.3328946Z     +               "fgColor": "#eaeaea",
E2E core flows (chromium)	UNKNOWN STEP	2026-09-13T08:41:24.3329170Z     +               "fontSize": "10.5pt (14px)",
E2E core flows (chromium)	UNKNOWN STEP	2026-09-13T08:41:24.3329383Z     +               "fontWeight": "normal",
E2E core flows (chromium)	UNKNOWN STEP	2026-09-13T08:41:24.3329595Z     +               "messageKey": null,
E2E core flows (chromium)	UNKNOWN STEP	2026-09-13T08:41:24.3329739Z     +             },
E2E core flows (chromium)	UNKNOWN STEP	2026-09-13T08:41:24.3329947Z     +             "id": "color-contrast",
E2E core flows (chromium)	UNKNOWN STEP	2026-09-13T08:41:24.3330154Z     +             "impact": "serious",
E2E core flows (chromium)	UNKNOWN STEP	2026-09-13T08:41:24.3331688Z     +             "message": "Element has insufficient color contrast of 1.2 (foreground color: #eaeaea, background color: #ffffff, font size: 10.5pt (14px), font weight: normal). Expected contrast ratio of 4.5:1",
E2E core flows (chromium)	UNKNOWN STEP	2026-09-13T08:41:24.3331914Z     +             "relatedNodes": Array [
E2E core flows (chromium)	UNKNOWN STEP	2026-09-13T08:41:24.3332063Z     +               Object {
E2E core flows (chromium)	UNKNOWN STEP	2026-09-13T08:41:24.3333146Z     +                 "html": "<div class=\"MuiPaper-root MuiPaper-elevation MuiPaper-rounded MuiPaper-elevation0 MuiCard-root css-enhwrt-MuiPaper-root-MuiCard-root\">",
E2E core flows (chromium)	UNKNOWN STEP	2026-09-13T08:41:24.3333352Z     +                 "target": Array [
E2E core flows (chromium)	UNKNOWN STEP	2026-09-13T08:41:24.3333666Z     +                   ".css-enhwrt-MuiPaper-root-MuiCard-root",
E2E core flows (chromium)	UNKNOWN STEP	2026-09-13T08:41:24.3333812Z     +                 ],
E2E core flows (chromium)	UNKNOWN STEP	2026-09-13T08:41:24.3333962Z     +               },
E2E core flows (chromium)	UNKNOWN STEP	2026-09-13T08:41:24.3334099Z     +             ],
E2E core flows (chromium)	UNKNOWN STEP	2026-09-13T08:41:24.3334230Z     +           },
E2E core flows (chromium)	UNKNOWN STEP	2026-09-13T08:41:24.3334363Z     +         ],
E2E core flows (chromium)	UNKNOWN STEP	2026-09-13T08:41:24.3334644Z     +         "failureSummary": "Fix any of the following:
E2E core flows (chromium)	UNKNOWN STEP	2026-09-13T08:41:24.3335827Z     +   Element has insufficient color contrast of 1.2 (foreground color: #eaeaea, background color: #ffffff, font size: 10.5pt (14px), font weight: normal). Expected contrast ratio of 4.5:1",
E2E core flows (chromium)	UNKNOWN STEP	2026-09-13T08:41:24.3336658Z     +         "html": "<p class=\"MuiTypography-root MuiTypography-body2 MuiTypography-paragraph css-1jup1d4-MuiTypography-root\">",
E2E core flows (chromium)	UNKNOWN STEP	2026-09-13T08:41:24.3336858Z     +         "impact": "serious",
E2E core flows (chromium)	UNKNOWN STEP	2026-09-13T08:41:24.3337043Z     +         "none": Array [],
E2E core flows (chromium)	UNKNOWN STEP	2026-09-13T08:41:24.3337228Z     +         "target": Array [
E2E core flows (chromium)	UNKNOWN STEP	2026-09-13T08:41:24.3338786Z     +           ".css-enhwrt-MuiPaper-root-MuiCard-root > .css-dfwo07-MuiCardContent-root.MuiCardContent-root > .css-1jup1d4-MuiTypography-root.MuiTypography-paragraph.MuiTypography-body2",
E2E core flows (chromium)	UNKNOWN STEP	2026-09-13T08:41:24.3338950Z     +         ],
E2E core flows (chromium)	UNKNOWN STEP	2026-09-13T08:41:24.3339096Z     +       },
E2E core flows (chromium)	UNKNOWN STEP	2026-09-13T08:41:24.3339236Z     +       Object {
E2E core flows (chromium)	UNKNOWN STEP	2026-09-13T08:41:24.3339422Z     +         "all": Array [],
E2E core flows (chromium)	UNKNOWN STEP	2026-09-13T08:41:24.3339578Z     +         "any": Array [
E2E core flows (chromium)	UNKNOWN STEP	2026-09-13T08:41:24.3339725Z     +           Object {
E2E core flows (chromium)	UNKNOWN STEP	2026-09-13T08:41:24.3339997Z     +             "data": Object {
E2E core flows (chromium)	UNKNOWN STEP	2026-09-13T08:41:24.3340214Z     +               "bgColor": "#fcfefc",
E2E core flows (chromium)	UNKNOWN STEP	2026-09-13T08:41:24.3340421Z     +               "contrastRatio": 1.2,
E2E core flows (chromium)	UNKNOWN STEP	2026-09-13T08:41:24.3340675Z     +               "expectedContrastRatio": "4.5:1",
E2E core flows (chromium)	UNKNOWN STEP	2026-09-13T08:41:24.3340872Z     +               "fgColor": "#e3ebe3",
E2E core flows (chromium)	UNKNOWN STEP	2026-09-13T08:41:24.3341100Z     +               "fontSize": "9.0pt (12px)",
E2E core flows (chromium)	UNKNOWN STEP	2026-09-13T08:41:24.3341632Z     +               "fontWeight": "normal",
E2E core flows (chromium)	UNKNOWN STEP	2026-09-13T08:41:24.3341842Z     +               "messageKey": null,
E2E core flows (chromium)	UNKNOWN STEP	2026-09-13T08:41:24.3341984Z     +             },
E2E core flows (chromium)	UNKNOWN STEP	2026-09-13T08:41:24.3342385Z     +             "id": "color-contrast",
E2E core flows (chromium)	UNKNOWN STEP	2026-09-13T08:41:24.3342583Z     +             "impact": "serious",
E2E core flows (chromium)	UNKNOWN STEP	2026-09-13T08:41:24.3343837Z     +             "message": "Element has insufficient color contrast of 1.2 (foreground color: #e3ebe3, background color: #fcfefc, font size: 9.0pt (12px), font weight: normal). Expected contrast ratio of 4.5:1",
E2E core flows (chromium)	UNKNOWN STEP	2026-09-13T08:41:24.3344051Z     +             "relatedNodes": Array [
E2E core flows (chromium)	UNKNOWN STEP	2026-09-13T08:41:24.3344200Z     +               Object {
E2E core flows (chromium)	UNKNOWN STEP	2026-09-13T08:41:24.3346242Z     +                 "html": "<div class=\"MuiPaper-root MuiPaper-elevation MuiPaper-rounded MuiPaper-elevation0 css-jti7l1-MuiPaper-root\"><span class=\"MuiTypography-root MuiTypography-caption css-nyqft1-MuiTypography-root\">For a two-mana spell, the published conditional target is 91%.</span></div>",
E2E core flows (chromium)	UNKNOWN STEP	2026-09-13T08:41:24.3346459Z     +                 "target": Array [
E2E core flows (chromium)	UNKNOWN STEP	2026-09-13T08:41:24.3346715Z     +                   ".css-jti7l1-MuiPaper-root",
E2E core flows (chromium)	UNKNOWN STEP	2026-09-13T08:41:24.3346869Z     +                 ],
E2E core flows (chromium)	UNKNOWN STEP	2026-09-13T08:41:24.3347009Z     +               },
E2E core flows (chromium)	UNKNOWN STEP	2026-09-13T08:41:24.3347150Z     +             ],
E2E core flows (chromium)	UNKNOWN STEP	2026-09-13T08:41:24.3347293Z     +           },
E2E core flows (chromium)	UNKNOWN STEP	2026-09-13T08:41:24.3347431Z     +         ],
E2E core flows (chromium)	UNKNOWN STEP	2026-09-13T08:41:24.3347694Z     +         "failureSummary": "Fix any of the following:
E2E core flows (chromium)	UNKNOWN STEP	2026-09-13T08:41:24.3348851Z     +   Element has insufficient color contrast of 1.2 (foreground color: #e3ebe3, background color: #fcfefc, font size: 9.0pt (12px), font weight: normal). Expected contrast ratio of 4.5:1",
E2E core flows (chromium)	UNKNOWN STEP	2026-09-13T08:41:24.3350028Z     +         "html": "<span class=\"MuiTypography-root MuiTypography-caption css-nyqft1-MuiTypography-root\">For a two-mana spell, the published conditional target is 91%.</span>",
E2E core flows (chromium)	UNKNOWN STEP	2026-09-13T08:41:24.3350242Z     +         "impact": "serious",
E2E core flows (chromium)	UNKNOWN STEP	2026-09-13T08:41:24.3350436Z     +         "none": Array [],
E2E core flows (chromium)	UNKNOWN STEP	2026-09-13T08:41:24.3350552Z     +         "target": Array [
E2E core flows (chromium)	UNKNOWN STEP	2026-09-13T08:41:24.3350717Z     +           ".css-nyqft1-MuiTypography-root",
E2E core flows (chromium)	UNKNOWN STEP	2026-09-13T08:41:24.3350805Z     +         ],
E2E core flows (chromium)	UNKNOWN STEP	2026-09-13T08:41:24.3350894Z     +       },
E2E core flows (chromium)	UNKNOWN STEP	2026-09-13T08:41:24.3350977Z     +     ],
E2E core flows (chromium)	UNKNOWN STEP	2026-09-13T08:41:24.3351082Z     +     "tags": Array [
E2E core flows (chromium)	UNKNOWN STEP	2026-09-13T08:41:24.3351359Z     +       "cat.color",
E2E core flows (chromium)	UNKNOWN STEP	2026-09-13T08:41:24.3351461Z     +       "wcag2aa",
E2E core flows (chromium)	UNKNOWN STEP	2026-09-13T08:41:24.3351549Z     +       "wcag143",
E2E core flows (chromium)	UNKNOWN STEP	2026-09-13T08:41:24.3351632Z     +       "TTv5",
E2E core flows (chromium)	UNKNOWN STEP	2026-09-13T08:41:24.3351720Z     +       "TT13.c",
E2E core flows (chromium)	UNKNOWN STEP	2026-09-13T08:41:24.3351812Z     +       "EN-301-549",
E2E core flows (chromium)	UNKNOWN STEP	2026-09-13T08:41:24.3351896Z     +       "EN-9.1.4.3",
E2E core flows (chromium)	UNKNOWN STEP	2026-09-13T08:41:24.3351987Z     +       "ACT",
E2E core flows (chromium)	UNKNOWN STEP	2026-09-13T08:41:24.3352076Z     +       "RGAAv4",
E2E core flows (chromium)	UNKNOWN STEP	2026-09-13T08:41:24.3352166Z     +       "RGAA-3.2.1",
E2E core flows (chromium)	UNKNOWN STEP	2026-09-13T08:41:24.3352248Z     +     ],
E2E core flows (chromium)	UNKNOWN STEP	2026-09-13T08:41:24.3352332Z     +   },
E2E core flows (chromium)	UNKNOWN STEP	2026-09-13T08:41:24.3352415Z     + ]
E2E core flows (chromium)	UNKNOWN STEP	2026-09-13T08:41:24.3352424Z 
E2E core flows (chromium)	UNKNOWN STEP	2026-09-13T08:41:24.3352588Z       545 |           contentType: 'application/json',
E2E core flows (chromium)	UNKNOWN STEP	2026-09-13T08:41:24.3352682Z       546 |         })
E2E core flows (chromium)	UNKNOWN STEP	2026-09-13T08:41:24.3353186Z     > 547 |         expect(contrast.violations, JSON.stringify(contrast.violations, null, 2)).toEqual([])
E2E core flows (chromium)	UNKNOWN STEP	2026-09-13T08:41:24.3353404Z           |                                                                                   ^
E2E core flows (chromium)	UNKNOWN STEP	2026-09-13T08:41:24.3353489Z       548 |       }
E2E core flows (chromium)	UNKNOWN STEP	2026-09-13T08:41:24.3353576Z       549 |     })
E2E core flows (chromium)	UNKNOWN STEP	2026-09-13T08:41:24.3353661Z       550 |   }
E2E core flows (chromium)	UNKNOWN STEP	2026-09-13T08:41:24.3354019Z         at /home/runner/work/manatuner/manatuner/tests/e2e/core-flows/persona-followup.spec.js:547:83
E2E core flows (chromium)	UNKNOWN STEP	2026-09-13T08:41:24.3354033Z 
E2E core flows (chromium)	UNKNOWN STEP	2026-09-13T08:41:24.3354643Z     attachment #2: screenshot (image/png) ──────────────────────────────────────────────────────────
E2E core flows (chromium)	UNKNOWN STEP	2026-09-13T08:41:24.3355069Z     test-results/core-flows-persona-followu-623d5-ast-themes-and-viewport-390-chromium/test-failed-1.png
E2E core flows (chromium)	UNKNOWN STEP	2026-09-13T08:41:24.3355419Z     ────────────────────────────────────────────────────────────────────────────────────────────────
E2E core flows (chromium)	UNKNOWN STEP	2026-09-13T08:41:24.3355427Z 
E2E core flows (chromium)	UNKNOWN STEP	2026-09-13T08:41:24.3355810Z     attachment #3: video (video/webm) ──────────────────────────────────────────────────────────────
E2E core flows (chromium)	UNKNOWN STEP	2026-09-13T08:41:24.3356346Z     test-results/core-flows-persona-followu-623d5-ast-themes-and-viewport-390-chromium/video-1.webm
E2E core flows (chromium)	UNKNOWN STEP	2026-09-13T08:41:24.3356711Z     ────────────────────────────────────────────────────────────────────────────────────────────────
E2E core flows (chromium)	UNKNOWN STEP	2026-09-13T08:41:24.3356719Z 
E2E core flows (chromium)	UNKNOWN STEP	2026-09-13T08:41:24.3357097Z     attachment #4: video (video/webm) ──────────────────────────────────────────────────────────────
E2E core flows (chromium)	UNKNOWN STEP	2026-09-13T08:41:24.3357482Z     test-results/core-flows-persona-followu-623d5-ast-themes-and-viewport-390-chromium/video.webm
E2E core flows (chromium)	UNKNOWN STEP	2026-09-13T08:41:24.3357814Z     ────────────────────────────────────────────────────────────────────────────────────────────────
E2E core flows (chromium)	UNKNOWN STEP	2026-09-13T08:41:24.3357822Z 
E2E core flows (chromium)	UNKNOWN STEP	2026-09-13T08:41:24.3358292Z     Error Context: test-results/core-flows-persona-followu-623d5-ast-themes-and-viewport-390-chromium/error-context.md
E2E core flows (chromium)	UNKNOWN STEP	2026-09-13T08:41:24.3358299Z 
E2E core flows (chromium)	UNKNOWN STEP	2026-09-13T08:41:24.3359110Z   6) [chromium] › tests/e2e/core-flows/persona-followup.spec.js:475:9 › R01–R07 /guide keyboard, contrast, themes and viewport 390 
E2E core flows (chromium)	UNKNOWN STEP	2026-09-13T08:41:24.3359132Z 
E2E core flows (chromium)	UNKNOWN STEP	2026-09-13T08:41:24.3359219Z     Error: [
E2E core flows (chromium)	UNKNOWN STEP	2026-09-13T08:41:24.3359306Z       {
E2E core flows (chromium)	UNKNOWN STEP	2026-09-13T08:41:24.3359429Z         "id": "color-contrast",
E2E core flows (chromium)	UNKNOWN STEP	2026-09-13T08:41:24.3359532Z         "impact": "serious",
E2E core flows (chromium)	UNKNOWN STEP	2026-09-13T08:41:24.3359621Z         "tags": [
E2E core flows (chromium)	UNKNOWN STEP	2026-09-13T08:41:24.3359708Z           "cat.color",
E2E core flows (chromium)	UNKNOWN STEP	2026-09-13T08:41:24.3359796Z           "wcag2aa",
E2E core flows (chromium)	UNKNOWN STEP	2026-09-13T08:41:24.3359881Z           "wcag143",
E2E core flows (chromium)	UNKNOWN STEP	2026-09-13T08:41:24.3359961Z           "TTv5",
E2E core flows (chromium)	UNKNOWN STEP	2026-09-13T08:41:24.3360049Z           "TT13.c",
E2E core flows (chromium)	UNKNOWN STEP	2026-09-13T08:41:24.3360142Z           "EN-301-549",
E2E core flows (chromium)	UNKNOWN STEP	2026-09-13T08:41:24.3360233Z           "EN-9.1.4.3",
E2E core flows (chromium)	UNKNOWN STEP	2026-09-13T08:41:24.3360314Z           "ACT",
E2E core flows (chromium)	UNKNOWN STEP	2026-09-13T08:41:24.3360401Z           "RGAAv4",
E2E core flows (chromium)	UNKNOWN STEP	2026-09-13T08:41:24.3360491Z           "RGAA-3.2.1"
E2E core flows (chromium)	UNKNOWN STEP	2026-09-13T08:41:24.3360570Z         ],
E2E core flows (chromium)	UNKNOWN STEP	2026-09-13T08:41:24.3361054Z         "description": "Ensure the contrast between foreground and background colors meets WCAG 2 AA minimum contrast ratio thresholds",
E2E core flows (chromium)	UNKNOWN STEP	2026-09-13T08:41:24.3361600Z         "help": "Elements must meet minimum color contrast ratio thresholds",
E2E core flows (chromium)	UNKNOWN STEP	2026-09-13T08:41:24.3362064Z         "helpUrl": "https://dequeuniversity.com/rules/axe/4.11/color-contrast?application=playwright",
E2E core flows (chromium)	UNKNOWN STEP	2026-09-13T08:41:24.3362165Z         "nodes": [
E2E core flows (chromium)	UNKNOWN STEP	2026-09-13T08:41:24.3362248Z           {
E2E core flows (chromium)	UNKNOWN STEP	2026-09-13T08:41:24.3362336Z             "any": [
E2E core flows (chromium)	UNKNOWN STEP	2026-09-13T08:41:24.3362417Z               {
E2E core flows (chromium)	UNKNOWN STEP	2026-09-13T08:41:24.3362553Z                 "id": "color-contrast",
E2E core flows (chromium)	UNKNOWN STEP	2026-09-13T08:41:24.3362647Z                 "data": {
E2E core flows (chromium)	UNKNOWN STEP	2026-09-13T08:41:24.3362765Z                   "fgColor": "#868686",
E2E core flows (chromium)	UNKNOWN STEP	2026-09-13T08:41:24.3362885Z                   "bgColor": "#ffffff",
E2E core flows (chromium)	UNKNOWN STEP	2026-09-13T08:41:24.3363014Z                   "contrastRatio": 3.64,
E2E core flows (chromium)	UNKNOWN STEP	2026-09-13T08:41:24.3363151Z                   "fontSize": "12.0pt (16px)",
E2E core flows (chromium)	UNKNOWN STEP	2026-09-13T08:41:24.3363267Z                   "fontWeight": "bold",
E2E core flows (chromium)	UNKNOWN STEP	2026-09-13T08:41:24.3363390Z                   "messageKey": null,
E2E core flows (chromium)	UNKNOWN STEP	2026-09-13T08:41:24.3363540Z                   "expectedContrastRatio": "4.5:1"
E2E core flows (chromium)	UNKNOWN STEP	2026-09-13T08:41:24.3363740Z                 },
E2E core flows (chromium)	UNKNOWN STEP	2026-09-13T08:41:24.3363862Z                 "relatedNodes": [
E2E core flows (chromium)	UNKNOWN STEP	2026-09-13T08:41:24.3363949Z                   {
E2E core flows (chromium)	UNKNOWN STEP	2026-09-13T08:41:24.3364553Z                     "html": "<div class=\"MuiPaper-root MuiPaper-elevation MuiPaper-rounded MuiPaper-elevation0 MuiCard-root css-xisrc6-MuiPaper-root-MuiCard-root\">",
E2E core flows (chromium)	UNKNOWN STEP	2026-09-13T08:41:24.3364664Z                     "target": [
E2E core flows (chromium)	UNKNOWN STEP	2026-09-13T08:41:24.3364851Z                       ".css-xisrc6-MuiPaper-root-MuiCard-root"
E2E core flows (chromium)	UNKNOWN STEP	2026-09-13T08:41:24.3364941Z                     ]
E2E core flows (chromium)	UNKNOWN STEP	2026-09-13T08:41:24.3365022Z                   }
E2E core flows (chromium)	UNKNOWN STEP	2026-09-13T08:41:24.3365107Z                 ],
E2E core flows (chromium)	UNKNOWN STEP	2026-09-13T08:41:24.3365230Z                 "impact": "serious",
E2E core flows (chromium)	UNKNOWN STEP	2026-09-13T08:41:24.3365943Z                 "message": "Element has insufficient color contrast of 3.64 (foreground color: #868686, background color: #ffffff, font size: 12.0pt (16px), font weight: bold). Expected contrast ratio of 4.5:1"
E2E core flows (chromium)	UNKNOWN STEP	2026-09-13T08:41:24.3366030Z               }
E2E core flows (chromium)	UNKNOWN STEP	2026-09-13T08:41:24.3366118Z             ],
E2E core flows (chromium)	UNKNOWN STEP	2026-09-13T08:41:24.3366207Z             "all": [],
E2E core flows (chromium)	UNKNOWN STEP	2026-09-13T08:41:24.3366298Z             "none": [],
E2E core flows (chromium)	UNKNOWN STEP	2026-09-13T08:41:24.3366411Z             "impact": "serious",
E2E core flows (chromium)	UNKNOWN STEP	2026-09-13T08:41:24.3366831Z             "html": "<h6 class=\"MuiTypography-root MuiTypography-h6 css-17sn6wo-MuiTypography-root\">1. Castability</h6>",
E2E core flows (chromium)	UNKNOWN STEP	2026-09-13T08:41:24.3366922Z             "target": [
E2E core flows (chromium)	UNKNOWN STEP	2026-09-13T08:41:24.3367738Z               ".css-xisrc6-MuiPaper-root-MuiCard-root > .MuiCardContent-root.css-17pmaar-MuiCardContent-root > .css-ukdiqv.MuiBox-root > .css-0.MuiBox-root > .css-17sn6wo-MuiTypography-root.MuiTypography-h6"
E2E core flows (chromium)	UNKNOWN STEP	2026-09-13T08:41:24.3367822Z             ],
E2E core flows (chromium)	UNKNOWN STEP	2026-09-13T08:41:24.3368652Z             "failureSummary": "Fix any of the following:\n  Element has insufficient color contrast of 3.64 (foreground color: #868686, background color: #ffffff, font size: 12.0pt (16px), font weight: bold). Expected contrast ratio of 4.5:1"
E2E core flows (chromium)	UNKNOWN STEP	2026-09-13T08:41:24.3368744Z           },
E2E core flows (chromium)	UNKNOWN STEP	2026-09-13T08:41:24.3368826Z           {
E2E core flows (chromium)	UNKNOWN STEP	2026-09-13T08:41:24.3368913Z             "any": [
E2E core flows (chromium)	UNKNOWN STEP	2026-09-13T08:41:24.3368997Z               {
E2E core flows (chromium)	UNKNOWN STEP	2026-09-13T08:41:24.3369126Z                 "id": "color-contrast",
E2E core flows (chromium)	UNKNOWN STEP	2026-09-13T08:41:24.3369214Z                 "data": {
E2E core flows (chromium)	UNKNOWN STEP	2026-09-13T08:41:24.3369333Z                   "fgColor": "#ffffff",
E2E core flows (chromium)	UNKNOWN STEP	2026-09-13T08:41:24.3369452Z                   "bgColor": "#7f9ecd",
E2E core flows (chromium)	UNKNOWN STEP	2026-09-13T08:41:24.3369573Z                   "contrastRatio": 2.73,
E2E core flows (chromium)	UNKNOWN STEP	2026-09-13T08:41:24.3369711Z                   "fontSize": "8.4pt (11.2px)",
E2E core flows (chromium)	UNKNOWN STEP	2026-09-13T08:41:24.3369838Z                   "fontWeight": "normal",
E2E core flows (chromium)	UNKNOWN STEP	2026-09-13T08:41:24.3369961Z                   "messageKey": null,
E2E core flows (chromium)	UNKNOWN STEP	2026-09-13T08:41:24.3370106Z                   "expectedContrastRatio": "4.5:1"
E2E core flows (chromium)	UNKNOWN STEP	2026-09-13T08:41:24.3370195Z                 },
E2E core flows (chromium)	UNKNOWN STEP	2026-09-13T08:41:24.3370313Z                 "relatedNodes": [
E2E core flows (chromium)	UNKNOWN STEP	2026-09-13T08:41:24.3370394Z                   {
E2E core flows (chromium)	UNKNOWN STEP	2026-09-13T08:41:24.3371621Z                     "html": "<div class=\"MuiChip-root MuiChip-filled MuiChip-sizeSmall MuiChip-colorDefault MuiChip-filledDefault css-1wy5k0x-MuiChip-root\"><span class=\"MuiChip-label MuiChip-labelSmall css-t3ycia-MuiChip-label\">Core Feature</span></div>",
E2E core flows (chromium)	UNKNOWN STEP	2026-09-13T08:41:24.3371749Z                     "target": [
E2E core flows (chromium)	UNKNOWN STEP	2026-09-13T08:41:24.3371898Z                       ".css-1wy5k0x-MuiChip-root"
E2E core flows (chromium)	UNKNOWN STEP	2026-09-13T08:41:24.3371982Z                     ]
E2E core flows (chromium)	UNKNOWN STEP	2026-09-13T08:41:24.3372068Z                   }
E2E core flows (chromium)	UNKNOWN STEP	2026-09-13T08:41:24.3372157Z                 ],
E2E core flows (chromium)	UNKNOWN STEP	2026-09-13T08:41:24.3372274Z                 "impact": "serious",
E2E core flows (chromium)	UNKNOWN STEP	2026-09-13T08:41:24.3372986Z                 "message": "Element has insufficient color contrast of 2.73 (foreground color: #ffffff, background color: #7f9ecd, font size: 8.4pt (11.2px), font weight: normal). Expected contrast ratio of 4.5:1"
E2E core flows (chromium)	UNKNOWN STEP	2026-09-13T08:41:24.3373070Z               }
E2E core flows (chromium)	UNKNOWN STEP	2026-09-13T08:41:24.3373158Z             ],
E2E core flows (chromium)	UNKNOWN STEP	2026-09-13T08:41:24.3373243Z             "all": [],
E2E core flows (chromium)	UNKNOWN STEP	2026-09-13T08:41:24.3373336Z             "none": [],
E2E core flows (chromium)	UNKNOWN STEP	2026-09-13T08:41:24.3373563Z             "impact": "serious",
E2E core flows (chromium)	UNKNOWN STEP	2026-09-13T08:41:24.3373957Z             "html": "<span class=\"MuiChip-label MuiChip-labelSmall css-t3ycia-MuiChip-label\">Core Feature</span>",
E2E core flows (chromium)	UNKNOWN STEP	2026-09-13T08:41:24.3374046Z             "target": [
E2E core flows (chromium)	UNKNOWN STEP	2026-09-13T08:41:24.3374408Z               ".css-1wy5k0x-MuiChip-root > .css-t3ycia-MuiChip-label.MuiChip-label.MuiChip-labelSmall"
E2E core flows (chromium)	UNKNOWN STEP	2026-09-13T08:41:24.3374492Z             ],
E2E core flows (chromium)	UNKNOWN STEP	2026-09-13T08:41:24.3375320Z             "failureSummary": "Fix any of the following:\n  Element has insufficient color contrast of 2.73 (foreground color: #ffffff, background color: #7f9ecd, font size: 8.4pt (11.2px), font weight: normal). Expected contrast ratio of 4.5:1"
E2E core flows (chromium)	UNKNOWN STEP	2026-09-13T08:41:24.3375404Z           },
E2E core flows (chromium)	UNKNOWN STEP	2026-09-13T08:41:24.3375486Z           {
E2E core flows (chromium)	UNKNOWN STEP	2026-09-13T08:41:24.3375573Z             "any": [
E2E core flows (chromium)	UNKNOWN STEP	2026-09-13T08:41:24.3375653Z               {
E2E core flows (chromium)	UNKNOWN STEP	2026-09-13T08:41:24.3375780Z                 "id": "color-contrast",
E2E core flows (chromium)	UNKNOWN STEP	2026-09-13T08:41:24.3375874Z                 "data": {
E2E core flows (chromium)	UNKNOWN STEP	2026-09-13T08:41:24.3375988Z                   "fgColor": "#a5a5a5",
E2E core flows (chromium)	UNKNOWN STEP	2026-09-13T08:41:24.3376114Z                   "bgColor": "#ffffff",
E2E core flows (chromium)	UNKNOWN STEP	2026-09-13T08:41:24.3376239Z                   "contrastRatio": 2.46,
E2E core flows (chromium)	UNKNOWN STEP	2026-09-13T08:41:24.3376373Z                   "fontSize": "10.5pt (14px)",
E2E core flows (chromium)	UNKNOWN STEP	2026-09-13T08:41:24.3376493Z                   "fontWeight": "normal",
E2E core flows (chromium)	UNKNOWN STEP	2026-09-13T08:41:24.3376613Z                   "messageKey": null,
E2E core flows (chromium)	UNKNOWN STEP	2026-09-13T08:41:24.3376762Z                   "expectedContrastRatio": "4.5:1"
E2E core flows (chromium)	UNKNOWN STEP	2026-09-13T08:41:24.3376845Z                 },
E2E core flows (chromium)	UNKNOWN STEP	2026-09-13T08:41:24.3376963Z                 "relatedNodes": [
E2E core flows (chromium)	UNKNOWN STEP	2026-09-13T08:41:24.3377049Z                   {
E2E core flows (chromium)	UNKNOWN STEP	2026-09-13T08:41:24.3377669Z                     "html": "<div class=\"MuiPaper-root MuiPaper-elevation MuiPaper-rounded MuiPaper-elevation0 MuiCard-root css-xisrc6-MuiPaper-root-MuiCard-root\">",
E2E core flows (chromium)	UNKNOWN STEP	2026-09-13T08:41:24.3377777Z                     "target": [
E2E core flows (chromium)	UNKNOWN STEP	2026-09-13T08:41:24.3377962Z                       ".css-xisrc6-MuiPaper-root-MuiCard-root"
E2E core flows (chromium)	UNKNOWN STEP	2026-09-13T08:41:24.3378049Z                     ]
E2E core flows (chromium)	UNKNOWN STEP	2026-09-13T08:41:24.3378137Z                   }
E2E core flows (chromium)	UNKNOWN STEP	2026-09-13T08:41:24.3378223Z                 ],
E2E core flows (chromium)	UNKNOWN STEP	2026-09-13T08:41:24.3378344Z                 "impact": "serious",
E2E core flows (chromium)	UNKNOWN STEP	2026-09-13T08:41:24.3379088Z                 "message": "Element has insufficient color contrast of 2.46 (foreground color: #a5a5a5, background color: #ffffff, font size: 10.5pt (14px), font weight: normal). Expected contrast ratio of 4.5:1"
E2E core flows (chromium)	UNKNOWN STEP	2026-09-13T08:41:24.3379170Z               }
E2E core flows (chromium)	UNKNOWN STEP	2026-09-13T08:41:24.3379254Z             ],
E2E core flows (chromium)	UNKNOWN STEP	2026-09-13T08:41:24.3379344Z             "all": [],
E2E core flows (chromium)	UNKNOWN STEP	2026-09-13T08:41:24.3379428Z             "none": [],
E2E core flows (chromium)	UNKNOWN STEP	2026-09-13T08:41:24.3379545Z             "impact": "serious",
E2E core flows (chromium)	UNKNOWN STEP	2026-09-13T08:41:24.3380501Z             "html": "<p class=\"MuiTypography-root MuiTypography-body2 css-xndft9-MuiTypography-root\">Model-based castability by turn. The default is an estimate; exact modes state their supported scope. This is the first tab you see after analysis.</p>",
E2E core flows (chromium)	UNKNOWN STEP	2026-09-13T08:41:24.3380591Z             "target": [
E2E core flows (chromium)	UNKNOWN STEP	2026-09-13T08:41:24.3381671Z               ".css-xisrc6-MuiPaper-root-MuiCard-root > .MuiCardContent-root.css-17pmaar-MuiCardContent-root > .css-xndft9-MuiTypography-root.MuiTypography-body2"
E2E core flows (chromium)	UNKNOWN STEP	2026-09-13T08:41:24.3381802Z             ],
E2E core flows (chromium)	UNKNOWN STEP	2026-09-13T08:41:24.3382696Z             "failureSummary": "Fix any of the following:\n  Element has insufficient color contrast of 2.46 (foreground color: #a5a5a5, background color: #ffffff, font size: 10.5pt (14px), font weight: normal). Expected contrast ratio of 4.5:1"
E2E core flows (chromium)	UNKNOWN STEP	2026-09-13T08:41:24.3382785Z           },
E2E core flows (chromium)	UNKNOWN STEP	2026-09-13T08:41:24.3382863Z           {
E2E core flows (chromium)	UNKNOWN STEP	2026-09-13T08:41:24.3382956Z             "any": [
E2E core flows (chromium)	UNKNOWN STEP	2026-09-13T08:41:24.3383040Z               {
E2E core flows (chromium)	UNKNOWN STEP	2026-09-13T08:41:24.3383170Z                 "id": "color-contrast",
E2E core flows (chromium)	UNKNOWN STEP	2026-09-13T08:41:24.3383261Z                 "data": {
E2E core flows (chromium)	UNKNOWN STEP	2026-09-13T08:41:24.3383389Z                   "fgColor": "#e2e2e2",
E2E core flows (chromium)	UNKNOWN STEP	2026-09-13T08:41:24.3383513Z                   "bgColor": "#ffffff",
E2E core flows (chromium)	UNKNOWN STEP	2026-09-13T08:41:24.3383634Z                   "contrastRatio": 1.29,
E2E core flows (chromium)	UNKNOWN STEP	2026-09-13T08:41:24.3383936Z                   "fontSize": "12.0pt (16px)",
E2E core flows (chromium)	UNKNOWN STEP	2026-09-13T08:41:24.3384058Z                   "fontWeight": "bold",
E2E core flows (chromium)	UNKNOWN STEP	2026-09-13T08:41:24.3384177Z                   "messageKey": null,
E2E core flows (chromium)	UNKNOWN STEP	2026-09-13T08:41:24.3384322Z                   "expectedContrastRatio": "4.5:1"
E2E core flows (chromium)	UNKNOWN STEP	2026-09-13T08:41:24.3384411Z                 },
E2E core flows (chromium)	UNKNOWN STEP	2026-09-13T08:41:24.3384531Z                 "relatedNodes": [
E2E core flows (chromium)	UNKNOWN STEP	2026-09-13T08:41:24.3384613Z                   {
E2E core flows (chromium)	UNKNOWN STEP	2026-09-13T08:41:24.3385211Z                     "html": "<div class=\"MuiPaper-root MuiPaper-elevation MuiPaper-rounded MuiPaper-elevation0 MuiCard-root css-3zdfsz-MuiPaper-root-MuiCard-root\">",
E2E core flows (chromium)	UNKNOWN STEP	2026-09-13T08:41:24.3385325Z                     "target": [
E2E core flows (chromium)	UNKNOWN STEP	2026-09-13T08:41:24.3385508Z                       ".css-3zdfsz-MuiPaper-root-MuiCard-root"
E2E core flows (chromium)	UNKNOWN STEP	2026-09-13T08:41:24.3385592Z                     ]
E2E core flows (chromium)	UNKNOWN STEP	2026-09-13T08:41:24.3385678Z                   }
E2E core flows (chromium)	UNKNOWN STEP	2026-09-13T08:41:24.3385763Z                 ],
E2E core flows (chromium)	UNKNOWN STEP	2026-09-13T08:41:24.3385880Z                 "impact": "serious",
E2E core flows (chromium)	UNKNOWN STEP	2026-09-13T08:41:24.3386602Z                 "message": "Element has insufficient color contrast of 1.29 (foreground color: #e2e2e2, background color: #ffffff, font size: 12.0pt (16px), font weight: bold). Expected contrast ratio of 4.5:1"
E2E core flows (chromium)	UNKNOWN STEP	2026-09-13T08:41:24.3386693Z               }
E2E core flows (chromium)	UNKNOWN STEP	2026-09-13T08:41:24.3386777Z             ],
E2E core flows (chromium)	UNKNOWN STEP	2026-09-13T08:41:24.3386864Z             "all": [],
E2E core flows (chromium)	UNKNOWN STEP	2026-09-13T08:41:24.3386953Z             "none": [],
E2E core flows (chromium)	UNKNOWN STEP	2026-09-13T08:41:24.3387071Z             "impact": "serious",
E2E core flows (chromium)	UNKNOWN STEP	2026-09-13T08:41:24.3387473Z             "html": "<h6 class=\"MuiTypography-root MuiTypography-h6 css-17sn6wo-MuiTypography-root\">2. Mulligan</h6>",
E2E core flows (chromium)	UNKNOWN STEP	2026-09-13T08:41:24.3387565Z             "target": [
E2E core flows (chromium)	UNKNOWN STEP	2026-09-13T08:41:24.3388356Z               ".css-3zdfsz-MuiPaper-root-MuiCard-root > .MuiCardContent-root.css-17pmaar-MuiCardContent-root > .css-ukdiqv.MuiBox-root > .css-0.MuiBox-root > .css-17sn6wo-MuiTypography-root.MuiTypography-h6"
E2E core flows (chromium)	UNKNOWN STEP	2026-09-13T08:41:24.3388440Z             ],
E2E core flows (chromium)	UNKNOWN STEP	2026-09-13T08:41:24.3389290Z             "failureSummary": "Fix any of the following:\n  Element has insufficient color contrast of 1.29 (foreground color: #e2e2e2, background color: #ffffff, font size: 12.0pt (16px), font weight: bold). Expected contrast ratio of 4.5:1"
E2E core flows (chromium)	UNKNOWN STEP	2026-09-13T08:41:24.3389376Z           },
E2E core flows (chromium)	UNKNOWN STEP	2026-09-13T08:41:24.3389462Z           {
E2E core flows (chromium)	UNKNOWN STEP	2026-09-13T08:41:24.3389550Z             "any": [
E2E core flows (chromium)	UNKNOWN STEP	2026-09-13T08:41:24.3389630Z               {
E2E core flows (chromium)	UNKNOWN STEP	2026-09-13T08:41:24.3389768Z                 "id": "color-contrast",
E2E core flows (chromium)	UNKNOWN STEP	2026-09-13T08:41:24.3389861Z                 "data": {
E2E core flows (chromium)	UNKNOWN STEP	2026-09-13T08:41:24.3389976Z                   "fgColor": "#ffffff",
E2E core flows (chromium)	UNKNOWN STEP	2026-09-13T08:41:24.3390097Z                   "bgColor": "#f3e4f5",
E2E core flows (chromium)	UNKNOWN STEP	2026-09-13T08:41:24.3390223Z                   "contrastRatio": 1.21,
E2E core flows (chromium)	UNKNOWN STEP	2026-09-13T08:41:24.3390360Z                   "fontSize": "8.4pt (11.2px)",
E2E core flows (chromium)	UNKNOWN STEP	2026-09-13T08:41:24.3390481Z                   "fontWeight": "normal",
E2E core flows (chromium)	UNKNOWN STEP	2026-09-13T08:41:24.3390603Z                   "messageKey": null,
E2E core flows (chromium)	UNKNOWN STEP	2026-09-13T08:41:24.3390866Z                   "expectedContrastRatio": "4.5:1"
E2E core flows (chromium)	UNKNOWN STEP	2026-09-13T08:41:24.3391018Z                 },
E2E core flows (chromium)	UNKNOWN STEP	2026-09-13T08:41:24.3391613Z                 "relatedNodes": [
E2E core flows (chromium)	UNKNOWN STEP	2026-09-13T08:41:24.3391781Z                   {
E2E core flows (chromium)	UNKNOWN STEP	2026-09-13T08:41:24.3393414Z                     "html": "<div class=\"MuiChip-root MuiChip-filled MuiChip-sizeSmall MuiChip-colorDefault MuiChip-filledDefault css-1hvxrj1-MuiChip-root\"><span class=\"MuiChip-label MuiChip-labelSmall css-t3ycia-MuiChip-label\">Unique</span></div>",
E2E core flows (chromium)	UNKNOWN STEP	2026-09-13T08:41:24.3393608Z                     "target": [
E2E core flows (chromium)	UNKNOWN STEP	2026-09-13T08:41:24.3393873Z                       ".css-1hvxrj1-MuiChip-root"
E2E core flows (chromium)	UNKNOWN STEP	2026-09-13T08:41:24.3394003Z                     ]
E2E core flows (chromium)	UNKNOWN STEP	2026-09-13T08:41:24.3394090Z                   }
E2E core flows (chromium)	UNKNOWN STEP	2026-09-13T08:41:24.3394179Z                 ],
E2E core flows (chromium)	UNKNOWN STEP	2026-09-13T08:41:24.3394304Z                 "impact": "serious",
E2E core flows (chromium)	UNKNOWN STEP	2026-09-13T08:41:24.3395028Z                 "message": "Element has insufficient color contrast of 1.21 (foreground color: #ffffff, background color: #f3e4f5, font size: 8.4pt (11.2px), font weight: normal). Expected contrast ratio of 4.5:1"
E2E core flows (chromium)	UNKNOWN STEP	2026-09-13T08:41:24.3395268Z               }
E2E core flows (chromium)	UNKNOWN STEP	2026-09-13T08:41:24.3395358Z             ],
E2E core flows (chromium)	UNKNOWN STEP	2026-09-13T08:41:24.3395449Z             "all": [],
E2E core flows (chromium)	UNKNOWN STEP	2026-09-13T08:41:24.3395537Z             "none": [],
E2E core flows (chromium)	UNKNOWN STEP	2026-09-13T08:41:24.3395652Z             "impact": "serious",
E2E core flows (chromium)	UNKNOWN STEP	2026-09-13T08:41:24.3396029Z             "html": "<span class=\"MuiChip-label MuiChip-labelSmall css-t3ycia-MuiChip-label\">Unique</span>",
E2E core flows (chromium)	UNKNOWN STEP	2026-09-13T08:41:24.3396121Z             "target": [
E2E core flows (chromium)	UNKNOWN STEP	2026-09-13T08:41:24.3396477Z               ".css-1hvxrj1-MuiChip-root > .css-t3ycia-MuiChip-label.MuiChip-label.MuiChip-labelSmall"
E2E core flows (chromium)	UNKNOWN STEP	2026-09-13T08:41:24.3396563Z             ],
E2E core flows (chromium)	UNKNOWN STEP	2026-09-13T08:41:24.3397404Z             "failureSummary": "Fix any of the following:\n  Element has insufficient color contrast of 1.21 (foreground color: #ffffff, background color: #f3e4f5, font size: 8.4pt (11.2px), font weight: normal). Expected contrast ratio of 4.5:1"
E2E core flows (chromium)	UNKNOWN STEP	2026-09-13T08:41:24.3397488Z           },
E2E core flows (chromium)	UNKNOWN STEP	2026-09-13T08:41:24.3397564Z           {
E2E core flows (chromium)	UNKNOWN STEP	2026-09-13T08:41:24.3397654Z             "any": [
E2E core flows (chromium)	UNKNOWN STEP	2026-09-13T08:41:24.3397743Z               {
E2E core flows (chromium)	UNKNOWN STEP	2026-09-13T08:41:24.3397871Z                 "id": "color-contrast",
E2E core flows (chromium)	UNKNOWN STEP	2026-09-13T08:41:24.3397967Z                 "data": {
E2E core flows (chromium)	UNKNOWN STEP	2026-09-13T08:41:24.3398088Z                   "fgColor": "#eaeaea",
E2E core flows (chromium)	UNKNOWN STEP	2026-09-13T08:41:24.3398206Z                   "bgColor": "#ffffff",
E2E core flows (chromium)	UNKNOWN STEP	2026-09-13T08:41:24.3398323Z                   "contrastRatio": 1.2,
E2E core flows (chromium)	UNKNOWN STEP	2026-09-13T08:41:24.3398460Z                   "fontSize": "10.5pt (14px)",
E2E core flows (chromium)	UNKNOWN STEP	2026-09-13T08:41:24.3398587Z                   "fontWeight": "normal",
E2E core flows (chromium)	UNKNOWN STEP	2026-09-13T08:41:24.3398704Z                   "messageKey": null,
E2E core flows (chromium)	UNKNOWN STEP	2026-09-13T08:41:24.3398854Z                   "expectedContrastRatio": "4.5:1"
E2E core flows (chromium)	UNKNOWN STEP	2026-09-13T08:41:24.3398941Z                 },
E2E core flows (chromium)	UNKNOWN STEP	2026-09-13T08:41:24.3399060Z                 "relatedNodes": [
E2E core flows (chromium)	UNKNOWN STEP	2026-09-13T08:41:24.3399144Z                   {
E2E core flows (chromium)	UNKNOWN STEP	2026-09-13T08:41:24.3399759Z                     "html": "<div class=\"MuiPaper-root MuiPaper-elevation MuiPaper-rounded MuiPaper-elevation0 MuiCard-root css-3zdfsz-MuiPaper-root-MuiCard-root\">",
E2E core flows (chromium)	UNKNOWN STEP	2026-09-13T08:41:24.3399881Z                     "target": [
E2E core flows (chromium)	UNKNOWN STEP	2026-09-13T08:41:24.3400071Z                       ".css-3zdfsz-MuiPaper-root-MuiCard-root"
E2E core flows (chromium)	UNKNOWN STEP	2026-09-13T08:41:24.3400160Z                     ]
E2E core flows (chromium)	UNKNOWN STEP	2026-09-13T08:41:24.3400245Z                   }
E2E core flows (chromium)	UNKNOWN STEP	2026-09-13T08:41:24.3400331Z                 ],
E2E core flows (chromium)	UNKNOWN STEP	2026-09-13T08:41:24.3400449Z                 "impact": "serious",
E2E core flows (chromium)	UNKNOWN STEP	2026-09-13T08:41:24.3401545Z                 "message": "Element has insufficient color contrast of 1.2 (foreground color: #eaeaea, background color: #ffffff, font size: 10.5pt (14px), font weight: normal). Expected contrast ratio of 4.5:1"
E2E core flows (chromium)	UNKNOWN STEP	2026-09-13T08:41:24.3401697Z               }
E2E core flows (chromium)	UNKNOWN STEP	2026-09-13T08:41:24.3401788Z             ],
E2E core flows (chromium)	UNKNOWN STEP	2026-09-13T08:41:24.3401877Z             "all": [],
E2E core flows (chromium)	UNKNOWN STEP	2026-09-13T08:41:24.3401969Z             "none": [],
E2E core flows (chromium)	UNKNOWN STEP	2026-09-13T08:41:24.3402093Z             "impact": "serious",
E2E core flows (chromium)	UNKNOWN STEP	2026-09-13T08:41:24.3402728Z             "html": "<p class=\"MuiTypography-root MuiTypography-body2 css-xndft9-MuiTypography-root\">Smart keep/mull advice based on 10,000 simulated opening hands.</p>",
E2E core flows (chromium)	UNKNOWN STEP	2026-09-13T08:41:24.3402956Z             "target": [
E2E core flows (chromium)	UNKNOWN STEP	2026-09-13T08:41:24.3403604Z               ".css-3zdfsz-MuiPaper-root-MuiCard-root > .MuiCardContent-root.css-17pmaar-MuiCardContent-root > .css-xndft9-MuiTypography-root.MuiTypography-body2"
E2E core flows (chromium)	UNKNOWN STEP	2026-09-13T08:41:24.3403691Z             ],
E2E core flows (chromium)	UNKNOWN STEP	2026-09-13T08:41:24.3404522Z             "failureSummary": "Fix any of the following:\n  Element has insufficient color contrast of 1.2 (foreground color: #eaeaea, background color: #ffffff, font size: 10.5pt (14px), font weight: normal). Expected contrast ratio of 4.5:1"
E2E core flows (chromium)	UNKNOWN STEP	2026-09-13T08:41:24.3404611Z           },
E2E core flows (chromium)	UNKNOWN STEP	2026-09-13T08:41:24.3404691Z           {
E2E core flows (chromium)	UNKNOWN STEP	2026-09-13T08:41:24.3404778Z             "any": [
E2E core flows (chromium)	UNKNOWN STEP	2026-09-13T08:41:24.3404856Z               {
E2E core flows (chromium)	UNKNOWN STEP	2026-09-13T08:41:24.3404983Z                 "id": "color-contrast",
E2E core flows (chromium)	UNKNOWN STEP	2026-09-13T08:41:24.3405075Z                 "data": {
E2E core flows (chromium)	UNKNOWN STEP	2026-09-13T08:41:24.3405189Z                   "fgColor": "#8d9396",
E2E core flows (chromium)	UNKNOWN STEP	2026-09-13T08:41:24.3405306Z                   "bgColor": "#f0f8fe",
E2E core flows (chromium)	UNKNOWN STEP	2026-09-13T08:41:24.3405547Z                   "contrastRatio": 2.89,
E2E core flows (chromium)	UNKNOWN STEP	2026-09-13T08:41:24.3405686Z                   "fontSize": "24.0pt (32px)",
E2E core flows (chromium)	UNKNOWN STEP	2026-09-13T08:41:24.3405802Z                   "fontWeight": "bold",
E2E core flows (chromium)	UNKNOWN STEP	2026-09-13T08:41:24.3405921Z                   "messageKey": null,
E2E core flows (chromium)	UNKNOWN STEP	2026-09-13T08:41:24.3406064Z                   "expectedContrastRatio": "3:1"
E2E core flows (chromium)	UNKNOWN STEP	2026-09-13T08:41:24.3406146Z                 },
E2E core flows (chromium)	UNKNOWN STEP	2026-09-13T08:41:24.3406264Z                 "relatedNodes": [
E2E core flows (chromium)	UNKNOWN STEP	2026-09-13T08:41:24.3406353Z                   {
E2E core flows (chromium)	UNKNOWN STEP	2026-09-13T08:41:24.3406851Z                     "html": "<div class=\"MuiPaper-root MuiPaper-elevation MuiPaper-rounded MuiPaper-elevation0 css-15hddgh-MuiPaper-root\">",
E2E core flows (chromium)	UNKNOWN STEP	2026-09-13T08:41:24.3406965Z                     "target": [
E2E core flows (chromium)	UNKNOWN STEP	2026-09-13T08:41:24.3407115Z                       ".css-15hddgh-MuiPaper-root"
E2E core flows (chromium)	UNKNOWN STEP	2026-09-13T08:41:24.3407203Z                     ]
E2E core flows (chromium)	UNKNOWN STEP	2026-09-13T08:41:24.3407284Z                   }
E2E core flows (chromium)	UNKNOWN STEP	2026-09-13T08:41:24.3407369Z                 ],
E2E core flows (chromium)	UNKNOWN STEP	2026-09-13T08:41:24.3407493Z                 "impact": "serious",
E2E core flows (chromium)	UNKNOWN STEP	2026-09-13T08:41:24.3408206Z                 "message": "Element has insufficient color contrast of 2.89 (foreground color: #8d9396, background color: #f0f8fe, font size: 24.0pt (32px), font weight: bold). Expected contrast ratio of 3:1"
E2E core flows (chromium)	UNKNOWN STEP	2026-09-13T08:41:24.3408288Z               }
E2E core flows (chromium)	UNKNOWN STEP	2026-09-13T08:41:24.3408373Z             ],
E2E core flows (chromium)	UNKNOWN STEP	2026-09-13T08:41:24.3408462Z             "all": [],
E2E core flows (chromium)	UNKNOWN STEP	2026-09-13T08:41:24.3408547Z             "none": [],
E2E core flows (chromium)	UNKNOWN STEP	2026-09-13T08:41:24.3408667Z             "impact": "serious",
E2E core flows (chromium)	UNKNOWN STEP	2026-09-13T08:41:24.3409227Z             "html": "<h3 class=\"MuiTypography-root MuiTypography-h3 css-1lb38hi-MuiTypography-root\">P(X≥k)</h3>",
E2E core flows (chromium)	UNKNOWN STEP	2026-09-13T08:41:24.3409320Z             "target": [
E2E core flows (chromium)	UNKNOWN STEP	2026-09-13T08:41:24.3409467Z               ".css-1lb38hi-MuiTypography-root"
E2E core flows (chromium)	UNKNOWN STEP	2026-09-13T08:41:24.3409551Z             ],
E2E core flows (chromium)	UNKNOWN STEP	2026-09-13T08:41:24.3410389Z             "failureSummary": "Fix any of the following:\n  Element has insufficient color contrast of 2.89 (foreground color: #8d9396, background color: #f0f8fe, font size: 24.0pt (32px), font weight: bold). Expected contrast ratio of 3:1"
E2E core flows (chromium)	UNKNOWN STEP	2026-09-13T08:41:24.3410473Z           },
E2E core flows (chromium)	UNKNOWN STEP	2026-09-13T08:41:24.3410558Z           {
E2E core flows (chromium)	UNKNOWN STEP	2026-09-13T08:41:24.3410645Z             "any": [
E2E core flows (chromium)	UNKNOWN STEP	2026-09-13T08:41:24.3410729Z               {
E2E core flows (chromium)	UNKNOWN STEP	2026-09-13T08:41:24.3410850Z                 "id": "color-contrast",
E2E core flows (chromium)	UNKNOWN STEP	2026-09-13T08:41:24.3410942Z                 "data": {
E2E core flows (chromium)	UNKNOWN STEP	2026-09-13T08:41:24.3411062Z                   "fgColor": "#8d9396",
E2E core flows (chromium)	UNKNOWN STEP	2026-09-13T08:41:24.3411319Z                   "bgColor": "#f0f8fe",
E2E core flows (chromium)	UNKNOWN STEP	2026-09-13T08:41:24.3411455Z                   "contrastRatio": 2.89,
E2E core flows (chromium)	UNKNOWN STEP	2026-09-13T08:41:24.3411592Z                   "fontSize": "12.0pt (16px)",
E2E core flows (chromium)	UNKNOWN STEP	2026-09-13T08:41:24.3411715Z                   "fontWeight": "bold",
E2E core flows (chromium)	UNKNOWN STEP	2026-09-13T08:41:24.3411832Z                   "messageKey": null,
E2E core flows (chromium)	UNKNOWN STEP	2026-09-13T08:41:24.3411982Z                   "expectedContrastRatio": "4.5:1"
E2E core flows (chromium)	UNKNOWN STEP	2026-09-13T08:41:24.3412069Z                 },
E2E core flows (chromium)	UNKNOWN STEP	2026-09-13T08:41:24.3412182Z                 "relatedNodes": [
E2E core flows (chromium)	UNKNOWN STEP	2026-09-13T08:41:24.3412274Z                   {
E2E core flows (chromium)	UNKNOWN STEP	2026-09-13T08:41:24.3412902Z                     "html": "<div class=\"MuiPaper-root MuiPaper-elevation MuiPaper-rounded MuiPaper-elevation0 css-15hddgh-MuiPaper-root\">",
E2E core flows (chromium)	UNKNOWN STEP	2026-09-13T08:41:24.3413021Z                     "target": [
E2E core flows (chromium)	UNKNOWN STEP	2026-09-13T08:41:24.3413164Z                       ".css-15hddgh-MuiPaper-root"
E2E core flows (chromium)	UNKNOWN STEP	2026-09-13T08:41:24.3413252Z                     ]
E2E core flows (chromium)	UNKNOWN STEP	2026-09-13T08:41:24.3413337Z                   }
E2E core flows (chromium)	UNKNOWN STEP	2026-09-13T08:41:24.3413416Z                 ],
E2E core flows (chromium)	UNKNOWN STEP	2026-09-13T08:41:24.3413535Z                 "impact": "serious",
E2E core flows (chromium)	UNKNOWN STEP	2026-09-13T08:41:24.3414239Z                 "message": "Element has insufficient color contrast of 2.89 (foreground color: #8d9396, background color: #f0f8fe, font size: 12.0pt (16px), font weight: bold). Expected contrast ratio of 4.5:1"
E2E core flows (chromium)	UNKNOWN STEP	2026-09-13T08:41:24.3414325Z               }
E2E core flows (chromium)	UNKNOWN STEP	2026-09-13T08:41:24.3414402Z             ],
E2E core flows (chromium)	UNKNOWN STEP	2026-09-13T08:41:24.3414493Z             "all": [],
E2E core flows (chromium)	UNKNOWN STEP	2026-09-13T08:41:24.3414583Z             "none": [],
E2E core flows (chromium)	UNKNOWN STEP	2026-09-13T08:41:24.3414808Z             "impact": "serious",
E2E core flows (chromium)	UNKNOWN STEP	2026-09-13T08:41:24.3415244Z             "html": "<h6 class=\"MuiTypography-root MuiTypography-subtitle1 css-173f58y-MuiTypography-root\">Draw Math</h6>",
E2E core flows (chromium)	UNKNOWN STEP	2026-09-13T08:41:24.3415335Z             "target": [
E2E core flows (chromium)	UNKNOWN STEP	2026-09-13T08:41:24.3415481Z               ".css-173f58y-MuiTypography-root"
E2E core flows (chromium)	UNKNOWN STEP	2026-09-13T08:41:24.3415560Z             ],
E2E core flows (chromium)	UNKNOWN STEP	2026-09-13T08:41:24.3416400Z             "failureSummary": "Fix any of the following:\n  Element has insufficient color contrast of 2.89 (foreground color: #8d9396, background color: #f0f8fe, font size: 12.0pt (16px), font weight: bold). Expected contrast ratio of 4.5:1"
E2E core flows (chromium)	UNKNOWN STEP	2026-09-13T08:41:24.3416485Z           },
E2E core flows (chromium)	UNKNOWN STEP	2026-09-13T08:41:24.3416567Z           {
E2E core flows (chromium)	UNKNOWN STEP	2026-09-13T08:41:24.3416650Z             "any": [
E2E core flows (chromium)	UNKNOWN STEP	2026-09-13T08:41:24.3416735Z               {
E2E core flows (chromium)	UNKNOWN STEP	2026-09-13T08:41:24.3416859Z                 "id": "color-contrast",
E2E core flows (chromium)	UNKNOWN STEP	2026-09-13T08:41:24.3416946Z                 "data": {
E2E core flows (chromium)	UNKNOWN STEP	2026-09-13T08:41:24.3417065Z                   "fgColor": "#8d9396",
E2E core flows (chromium)	UNKNOWN STEP	2026-09-13T08:41:24.3417190Z                   "bgColor": "#f0f8fe",
E2E core flows (chromium)	UNKNOWN STEP	2026-09-13T08:41:24.3417314Z                   "contrastRatio": 2.89,
E2E core flows (chromium)	UNKNOWN STEP	2026-09-13T08:41:24.3417449Z                   "fontSize": "10.5pt (14px)",
E2E core flows (chromium)	UNKNOWN STEP	2026-09-13T08:41:24.3417575Z                   "fontWeight": "normal",
E2E core flows (chromium)	UNKNOWN STEP	2026-09-13T08:41:24.3417694Z                   "messageKey": null,
E2E core flows (chromium)	UNKNOWN STEP	2026-09-13T08:41:24.3417836Z                   "expectedContrastRatio": "4.5:1"
E2E core flows (chromium)	UNKNOWN STEP	2026-09-13T08:41:24.3417923Z                 },
E2E core flows (chromium)	UNKNOWN STEP	2026-09-13T08:41:24.3418038Z                 "relatedNodes": [
E2E core flows (chromium)	UNKNOWN STEP	2026-09-13T08:41:24.3418121Z                   {
E2E core flows (chromium)	UNKNOWN STEP	2026-09-13T08:41:24.3418599Z                     "html": "<div class=\"MuiPaper-root MuiPaper-elevation MuiPaper-rounded MuiPaper-elevation0 css-15hddgh-MuiPaper-root\">",
E2E core flows (chromium)	UNKNOWN STEP	2026-09-13T08:41:24.3418712Z                     "target": [
E2E core flows (chromium)	UNKNOWN STEP	2026-09-13T08:41:24.3418860Z                       ".css-15hddgh-MuiPaper-root"
E2E core flows (chromium)	UNKNOWN STEP	2026-09-13T08:41:24.3418945Z                     ]
E2E core flows (chromium)	UNKNOWN STEP	2026-09-13T08:41:24.3419031Z                   }
E2E core flows (chromium)	UNKNOWN STEP	2026-09-13T08:41:24.3419121Z                 ],
E2E core flows (chromium)	UNKNOWN STEP	2026-09-13T08:41:24.3419239Z                 "impact": "serious",
E2E core flows (chromium)	UNKNOWN STEP	2026-09-13T08:41:24.3419948Z                 "message": "Element has insufficient color contrast of 2.89 (foreground color: #8d9396, background color: #f0f8fe, font size: 10.5pt (14px), font weight: normal). Expected contrast ratio of 4.5:1"
E2E core flows (chromium)	UNKNOWN STEP	2026-09-13T08:41:24.3420034Z               }
E2E core flows (chromium)	UNKNOWN STEP	2026-09-13T08:41:24.3420117Z             ],
E2E core flows (chromium)	UNKNOWN STEP	2026-09-13T08:41:24.3420204Z             "all": [],
E2E core flows (chromium)	UNKNOWN STEP	2026-09-13T08:41:24.3420295Z             "none": [],
E2E core flows (chromium)	UNKNOWN STEP	2026-09-13T08:41:24.3420412Z             "impact": "serious",
E2E core flows (chromium)	UNKNOWN STEP	2026-09-13T08:41:24.3421056Z             "html": "<p class=\"MuiTypography-root MuiTypography-body2 css-hcua82-MuiTypography-root\">Chance of drawing the required number of sources under the draw model</p>",
E2E core flows (chromium)	UNKNOWN STEP	2026-09-13T08:41:24.3421148Z             "target": [
E2E core flows (chromium)	UNKNOWN STEP	2026-09-13T08:41:24.3421732Z               ".css-15hddgh-MuiPaper-root > .css-hcua82-MuiTypography-root.MuiTypography-body2"
E2E core flows (chromium)	UNKNOWN STEP	2026-09-13T08:41:24.3421876Z             ],
E2E core flows (chromium)	UNKNOWN STEP	2026-09-13T08:41:24.3422873Z             "failureSummary": "Fix any of the following:\n  Element has insufficient color contrast of 2.89 (foreground color: #8d9396, background color: #f0f8fe, font size: 10.5pt (14px), font weight: normal). Expected contrast ratio of 4.5:1"
E2E core flows (chromium)	UNKNOWN STEP	2026-09-13T08:41:24.3422970Z           },
E2E core flows (chromium)	UNKNOWN STEP	2026-09-13T08:41:24.3423055Z           {
E2E core flows (chromium)	UNKNOWN STEP	2026-09-13T08:41:24.3423145Z             "any": [
E2E core flows (chromium)	UNKNOWN STEP	2026-09-13T08:41:24.3423226Z               {
E2E core flows (chromium)	UNKNOWN STEP	2026-09-13T08:41:24.3423358Z                 "id": "color-contrast",
E2E core flows (chromium)	UNKNOWN STEP	2026-09-13T08:41:24.3423451Z                 "data": {
E2E core flows (chromium)	UNKNOWN STEP	2026-09-13T08:41:24.3423568Z                   "fgColor": "#8d9396",
E2E core flows (chromium)	UNKNOWN STEP	2026-09-13T08:41:24.3423688Z                   "bgColor": "#f8fcfe",
E2E core flows (chromium)	UNKNOWN STEP	2026-09-13T08:41:24.3423813Z                   "contrastRatio": 3.01,
E2E core flows (chromium)	UNKNOWN STEP	2026-09-13T08:41:24.3423948Z                   "fontSize": "9.0pt (12px)",
E2E core flows (chromium)	UNKNOWN STEP	2026-09-13T08:41:24.3424068Z                   "fontWeight": "normal",
E2E core flows (chromium)	UNKNOWN STEP	2026-09-13T08:41:24.3424189Z                   "messageKey": null,
E2E core flows (chromium)	UNKNOWN STEP	2026-09-13T08:41:24.3424337Z                   "expectedContrastRatio": "4.5:1"
E2E core flows (chromium)	UNKNOWN STEP	2026-09-13T08:41:24.3424541Z                 },
E2E core flows (chromium)	UNKNOWN STEP	2026-09-13T08:41:24.3424660Z                 "relatedNodes": [
E2E core flows (chromium)	UNKNOWN STEP	2026-09-13T08:41:24.3424746Z                   {
E2E core flows (chromium)	UNKNOWN STEP	2026-09-13T08:41:24.3425802Z                     "html": "<span class=\"MuiTypography-root MuiTypography-caption css-zxry2f-MuiTypography-root\">Hypergeometric distribution — exact draws under sampling without replacement; casting adds model assumptions</span>",
E2E core flows (chromium)	UNKNOWN STEP	2026-09-13T08:41:24.3425913Z                     "target": [
E2E core flows (chromium)	UNKNOWN STEP	2026-09-13T08:41:24.3426273Z                       ".css-15hddgh-MuiPaper-root > .css-zxry2f-MuiTypography-root.MuiTypography-caption"
E2E core flows (chromium)	UNKNOWN STEP	2026-09-13T08:41:24.3426367Z                     ]
E2E core flows (chromium)	UNKNOWN STEP	2026-09-13T08:41:24.3426456Z                   },
E2E core flows (chromium)	UNKNOWN STEP	2026-09-13T08:41:24.3426537Z                   {
E2E core flows (chromium)	UNKNOWN STEP	2026-09-13T08:41:24.3427023Z                     "html": "<div class=\"MuiPaper-root MuiPaper-elevation MuiPaper-rounded MuiPaper-elevation0 css-15hddgh-MuiPaper-root\">",
E2E core flows (chromium)	UNKNOWN STEP	2026-09-13T08:41:24.3427134Z                     "target": [
E2E core flows (chromium)	UNKNOWN STEP	2026-09-13T08:41:24.3427293Z                       ".css-15hddgh-MuiPaper-root"
E2E core flows (chromium)	UNKNOWN STEP	2026-09-13T08:41:24.3427382Z                     ]
E2E core flows (chromium)	UNKNOWN STEP	2026-09-13T08:41:24.3427468Z                   }
E2E core flows (chromium)	UNKNOWN STEP	2026-09-13T08:41:24.3427549Z                 ],
E2E core flows (chromium)	UNKNOWN STEP	2026-09-13T08:41:24.3427671Z                 "impact": "serious",
E2E core flows (chromium)	UNKNOWN STEP	2026-09-13T08:41:24.3428383Z                 "message": "Element has insufficient color contrast of 3.01 (foreground color: #8d9396, background color: #f8fcfe, font size: 9.0pt (12px), font weight: normal). Expected contrast ratio of 4.5:1"
E2E core flows (chromium)	UNKNOWN STEP	2026-09-13T08:41:24.3428469Z               }
E2E core flows (chromium)	UNKNOWN STEP	2026-09-13T08:41:24.3428547Z             ],
E2E core flows (chromium)	UNKNOWN STEP	2026-09-13T08:41:24.3428639Z             "all": [],
E2E core flows (chromium)	UNKNOWN STEP	2026-09-13T08:41:24.3428730Z             "none": [],
E2E core flows (chromium)	UNKNOWN STEP	2026-09-13T08:41:24.3428846Z             "impact": "serious",
E2E core flows (chromium)	UNKNOWN STEP	2026-09-13T08:41:24.3429837Z             "html": "<span class=\"MuiTypography-root MuiTypography-caption css-zxry2f-MuiTypography-root\">Hypergeometric distribution — exact draws under sampling without replacement; casting adds model assumptions</span>",
E2E core flows (chromium)	UNKNOWN STEP	2026-09-13T08:41:24.3429938Z             "target": [
E2E core flows (chromium)	UNKNOWN STEP	2026-09-13T08:41:24.3430280Z               ".css-15hddgh-MuiPaper-root > .css-zxry2f-MuiTypography-root.MuiTypography-caption"
E2E core flows (chromium)	UNKNOWN STEP	2026-09-13T08:41:24.3430365Z             ],
E2E core flows (chromium)	UNKNOWN STEP	2026-09-13T08:41:24.3431511Z             "failureSummary": "Fix any of the following:\n  Element has insufficient color contrast of 3.01 (foreground color: #8d9396, background color: #f8fcfe, font size: 9.0pt (12px), font weight: normal). Expected contrast ratio of 4.5:1"
E2E core flows (chromium)	UNKNOWN STEP	2026-09-13T08:41:24.3431630Z           },
E2E core flows (chromium)	UNKNOWN STEP	2026-09-13T08:41:24.3431715Z           {
E2E core flows (chromium)	UNKNOWN STEP	2026-09-13T08:41:24.3431805Z             "any": [
E2E core flows (chromium)	UNKNOWN STEP	2026-09-13T08:41:24.3431890Z               {
E2E core flows (chromium)	UNKNOWN STEP	2026-09-13T08:41:24.3432021Z                 "id": "color-contrast",
E2E core flows (chromium)	UNKNOWN STEP	2026-09-13T08:41:24.3432116Z                 "data": {
E2E core flows (chromium)	UNKNOWN STEP	2026-09-13T08:41:24.3432232Z                   "fgColor": "#d7d9da",
E2E core flows (chromium)	UNKNOWN STEP	2026-09-13T08:41:24.3432353Z                   "bgColor": "#fbfdfb",
E2E core flows (chromium)	UNKNOWN STEP	2026-09-13T08:41:24.3432481Z                   "contrastRatio": 1.38,
E2E core flows (chromium)	UNKNOWN STEP	2026-09-13T08:41:24.3432786Z                   "fontSize": "24.0pt (32px)",
E2E core flows (chromium)	UNKNOWN STEP	2026-09-13T08:41:24.3432930Z                   "fontWeight": "bold",
E2E core flows (chromium)	UNKNOWN STEP	2026-09-13T08:41:24.3433054Z                   "messageKey": null,
E2E core flows (chromium)	UNKNOWN STEP	2026-09-13T08:41:24.3433203Z                   "expectedContrastRatio": "3:1"
E2E core flows (chromium)	UNKNOWN STEP	2026-09-13T08:41:24.3433287Z                 },
E2E core flows (chromium)	UNKNOWN STEP	2026-09-13T08:41:24.3433408Z                 "relatedNodes": [
E2E core flows (chromium)	UNKNOWN STEP	2026-09-13T08:41:24.3433498Z                   {
E2E core flows (chromium)	UNKNOWN STEP	2026-09-13T08:41:24.3433982Z                     "html": "<div class=\"MuiPaper-root MuiPaper-elevation MuiPaper-rounded MuiPaper-elevation0 css-xagmc9-MuiPaper-root\">",
E2E core flows (chromium)	UNKNOWN STEP	2026-09-13T08:41:24.3434095Z                     "target": [
E2E core flows (chromium)	UNKNOWN STEP	2026-09-13T08:41:24.3434243Z                       ".css-xagmc9-MuiPaper-root"
E2E core flows (chromium)	UNKNOWN STEP	2026-09-13T08:41:24.3434331Z                     ]
E2E core flows (chromium)	UNKNOWN STEP	2026-09-13T08:41:24.3434411Z                   }
E2E core flows (chromium)	UNKNOWN STEP	2026-09-13T08:41:24.3434498Z                 ],
E2E core flows (chromium)	UNKNOWN STEP	2026-09-13T08:41:24.3434619Z                 "impact": "serious",
E2E core flows (chromium)	UNKNOWN STEP	2026-09-13T08:41:24.3435465Z                 "message": "Element has insufficient color contrast of 1.38 (foreground color: #d7d9da, background color: #fbfdfb, font size: 24.0pt (32px), font weight: bold). Expected contrast ratio of 3:1"
E2E core flows (chromium)	UNKNOWN STEP	2026-09-13T08:41:24.3435552Z               }
E2E core flows (chromium)	UNKNOWN STEP	2026-09-13T08:41:24.3435637Z             ],
E2E core flows (chromium)	UNKNOWN STEP	2026-09-13T08:41:24.3435728Z             "all": [],
E2E core flows (chromium)	UNKNOWN STEP	2026-09-13T08:41:24.3435813Z             "none": [],
E2E core flows (chromium)	UNKNOWN STEP	2026-09-13T08:41:24.3435929Z             "impact": "serious",
E2E core flows (chromium)	UNKNOWN STEP	2026-09-13T08:41:24.3436314Z             "html": "<h3 class=\"MuiTypography-root MuiTypography-h3 css-1splc78-MuiTypography-root\">90%</h3>",
E2E core flows (chromium)	UNKNOWN STEP	2026-09-13T08:41:24.3436401Z             "target": [
E2E core flows (chromium)	UNKNOWN STEP	2026-09-13T08:41:24.3436551Z               ".css-1splc78-MuiTypography-root"
E2E core flows (chromium)	UNKNOWN STEP	2026-09-13T08:41:24.3436635Z             ],
E2E core flows (chromium)	UNKNOWN STEP	2026-09-13T08:41:24.3437482Z             "failureSummary": "Fix any of the following:\n  Element has insufficient color contrast of 1.38 (foreground color: #d7d9da, background color: #fbfdfb, font size: 24.0pt (32px), font weight: bold). Expected contrast ratio of 3:1"
E2E core flows (chromium)	UNKNOWN STEP	2026-09-13T08:41:24.3437570Z           },
E2E core flows (chromium)	UNKNOWN STEP	2026-09-13T08:41:24.3437655Z           {
E2E core flows (chromium)	UNKNOWN STEP	2026-09-13T08:41:24.3437743Z             "any": [
E2E core flows (chromium)	UNKNOWN STEP	2026-09-13T08:41:24.3437823Z               {
E2E core flows (chromium)	UNKNOWN STEP	2026-09-13T08:41:24.3437948Z                 "id": "color-contrast",
E2E core flows (chromium)	UNKNOWN STEP	2026-09-13T08:41:24.3438040Z                 "data": {
E2E core flows (chromium)	UNKNOWN STEP	2026-09-13T08:41:24.3438164Z                   "fgColor": "#d7d9da",
E2E core flows (chromium)	UNKNOWN STEP	2026-09-13T08:41:24.3438278Z                   "bgColor": "#fbfdfb",
E2E core flows (chromium)	UNKNOWN STEP	2026-09-13T08:41:24.3438421Z                   "contrastRatio": 1.38,
E2E core flows (chromium)	UNKNOWN STEP	2026-09-13T08:41:24.3438560Z                   "fontSize": "12.0pt (16px)",
E2E core flows (chromium)	UNKNOWN STEP	2026-09-13T08:41:24.3438676Z                   "fontWeight": "bold",
E2E core flows (chromium)	UNKNOWN STEP	2026-09-13T08:41:24.3438796Z                   "messageKey": null,
E2E core flows (chromium)	UNKNOWN STEP	2026-09-13T08:41:24.3438947Z                   "expectedContrastRatio": "4.5:1"
E2E core flows (chromium)	UNKNOWN STEP	2026-09-13T08:41:24.3439040Z                 },
E2E core flows (chromium)	UNKNOWN STEP	2026-09-13T08:41:24.3439152Z                 "relatedNodes": [
E2E core flows (chromium)	UNKNOWN STEP	2026-09-13T08:41:24.3439242Z                   {
E2E core flows (chromium)	UNKNOWN STEP	2026-09-13T08:41:24.3439787Z                     "html": "<div class=\"MuiPaper-root MuiPaper-elevation MuiPaper-rounded MuiPaper-elevation0 css-xagmc9-MuiPaper-root\">",
E2E core flows (chromium)	UNKNOWN STEP	2026-09-13T08:41:24.3439896Z                     "target": [
E2E core flows (chromium)	UNKNOWN STEP	2026-09-13T08:41:24.3440042Z                       ".css-xagmc9-MuiPaper-root"
E2E core flows (chromium)	UNKNOWN STEP	2026-09-13T08:41:24.3440133Z                     ]
E2E core flows (chromium)	UNKNOWN STEP	2026-09-13T08:41:24.3440221Z                   }
E2E core flows (chromium)	UNKNOWN STEP	2026-09-13T08:41:24.3440307Z                 ],
E2E core flows (chromium)	UNKNOWN STEP	2026-09-13T08:41:24.3440430Z                 "impact": "serious",
E2E core flows (chromium)	UNKNOWN STEP	2026-09-13T08:41:24.3441133Z                 "message": "Element has insufficient color contrast of 1.38 (foreground color: #d7d9da, background color: #fbfdfb, font size: 12.0pt (16px), font weight: bold). Expected contrast ratio of 4.5:1"
E2E core flows (chromium)	UNKNOWN STEP	2026-09-13T08:41:24.3441461Z               }
E2E core flows (chromium)	UNKNOWN STEP	2026-09-13T08:41:24.3441572Z             ],
E2E core flows (chromium)	UNKNOWN STEP	2026-09-13T08:41:24.3441665Z             "all": [],
E2E core flows (chromium)	UNKNOWN STEP	2026-09-13T08:41:24.3441755Z             "none": [],
E2E core flows (chromium)	UNKNOWN STEP	2026-09-13T08:41:24.3441868Z             "impact": "serious",
E2E core flows (chromium)	UNKNOWN STEP	2026-09-13T08:41:24.3442478Z             "html": "<h6 class=\"MuiTypography-root MuiTypography-subtitle1 css-qup1qs-MuiTypography-root\">Karsten Standards</h6>",
E2E core flows (chromium)	UNKNOWN STEP	2026-09-13T08:41:24.3442581Z             "target": [
E2E core flows (chromium)	UNKNOWN STEP	2026-09-13T08:41:24.3442724Z               ".css-qup1qs-MuiTypography-root"
E2E core flows (chromium)	UNKNOWN STEP	2026-09-13T08:41:24.3442811Z             ],
E2E core flows (chromium)	UNKNOWN STEP	2026-09-13T08:41:24.3443659Z             "failureSummary": "Fix any of the following:\n  Element has insufficient color contrast of 1.38 (foreground color: #d7d9da, background color: #fbfdfb, font size: 12.0pt (16px), font weight: bold). Expected contrast ratio of 4.5:1"
E2E core flows (chromium)	UNKNOWN STEP	2026-09-13T08:41:24.3443749Z           },
E2E core flows (chromium)	UNKNOWN STEP	2026-09-13T08:41:24.3443826Z           {
E2E core flows (chromium)	UNKNOWN STEP	2026-09-13T08:41:24.3443918Z             "any": [
E2E core flows (chromium)	UNKNOWN STEP	2026-09-13T08:41:24.3444002Z               {
E2E core flows (chromium)	UNKNOWN STEP	2026-09-13T08:41:24.3444126Z                 "id": "color-contrast",
E2E core flows (chromium)	UNKNOWN STEP	2026-09-13T08:41:24.3444214Z                 "data": {
E2E core flows (chromium)	UNKNOWN STEP	2026-09-13T08:41:24.3444338Z                   "fgColor": "#d7d9da",
E2E core flows (chromium)	UNKNOWN STEP	2026-09-13T08:41:24.3444455Z                   "bgColor": "#fbfdfb",
E2E core flows (chromium)	UNKNOWN STEP	2026-09-13T08:41:24.3444697Z                   "contrastRatio": 1.38,
E2E core flows (chromium)	UNKNOWN STEP	2026-09-13T08:41:24.3444831Z                   "fontSize": "10.5pt (14px)",
E2E core flows (chromium)	UNKNOWN STEP	2026-09-13T08:41:24.3444958Z                   "fontWeight": "normal",
E2E core flows (chromium)	UNKNOWN STEP	2026-09-13T08:41:24.3445074Z                   "messageKey": null,
E2E core flows (chromium)	UNKNOWN STEP	2026-09-13T08:41:24.3445224Z                   "expectedContrastRatio": "4.5:1"
E2E core flows (chromium)	UNKNOWN STEP	2026-09-13T08:41:24.3445313Z                 },
E2E core flows (chromium)	UNKNOWN STEP	2026-09-13T08:41:24.3445430Z                 "relatedNodes": [
E2E core flows (chromium)	UNKNOWN STEP	2026-09-13T08:41:24.3445512Z                   {
E2E core flows (chromium)	UNKNOWN STEP	2026-09-13T08:41:24.3445998Z                     "html": "<div class=\"MuiPaper-root MuiPaper-elevation MuiPaper-rounded MuiPaper-elevation0 css-xagmc9-MuiPaper-root\">",
E2E core flows (chromium)	UNKNOWN STEP	2026-09-13T08:41:24.3446113Z                     "target": [
E2E core flows (chromium)	UNKNOWN STEP	2026-09-13T08:41:24.3446253Z                       ".css-xagmc9-MuiPaper-root"
E2E core flows (chromium)	UNKNOWN STEP	2026-09-13T08:41:24.3446344Z                     ]
E2E core flows (chromium)	UNKNOWN STEP	2026-09-13T08:41:24.3446431Z                   }
E2E core flows (chromium)	UNKNOWN STEP	2026-09-13T08:41:24.3446519Z                 ],
E2E core flows (chromium)	UNKNOWN STEP	2026-09-13T08:41:24.3446634Z                 "impact": "serious",
E2E core flows (chromium)	UNKNOWN STEP	2026-09-13T08:41:24.3447351Z                 "message": "Element has insufficient color contrast of 1.38 (foreground color: #d7d9da, background color: #fbfdfb, font size: 10.5pt (14px), font weight: normal). Expected contrast ratio of 4.5:1"
E2E core flows (chromium)	UNKNOWN STEP	2026-09-13T08:41:24.3447439Z               }
E2E core flows (chromium)	UNKNOWN STEP	2026-09-13T08:41:24.3447525Z             ],
E2E core flows (chromium)	UNKNOWN STEP	2026-09-13T08:41:24.3447611Z             "all": [],
E2E core flows (chromium)	UNKNOWN STEP	2026-09-13T08:41:24.3447704Z             "none": [],
E2E core flows (chromium)	UNKNOWN STEP	2026-09-13T08:41:24.3447822Z             "impact": "serious",
E2E core flows (chromium)	UNKNOWN STEP	2026-09-13T08:41:24.3448367Z             "html": "<p class=\"MuiTypography-root MuiTypography-body2 css-hcua82-MuiTypography-root\">How many sources you actually need per color</p>",
E2E core flows (chromium)	UNKNOWN STEP	2026-09-13T08:41:24.3448460Z             "target": [
E2E core flows (chromium)	UNKNOWN STEP	2026-09-13T08:41:24.3448793Z               ".css-xagmc9-MuiPaper-root > .css-hcua82-MuiTypography-root.MuiTypography-body2"
E2E core flows (chromium)	UNKNOWN STEP	2026-09-13T08:41:24.3448882Z             ],
E2E core flows (chromium)	UNKNOWN STEP	2026-09-13T08:41:24.3449744Z             "failureSummary": "Fix any of the following:\n  Element has insufficient color contrast of 1.38 (foreground color: #d7d9da, background color: #fbfdfb, font size: 10.5pt (14px), font weight: normal). Expected contrast ratio of 4.5:1"
E2E core flows (chromium)	UNKNOWN STEP	2026-09-13T08:41:24.3449841Z           },
E2E core flows (chromium)	UNKNOWN STEP	2026-09-13T08:41:24.3449927Z           {
E2E core flows (chromium)	UNKNOWN STEP	2026-09-13T08:41:24.3450010Z             "any": [
E2E core flows (chromium)	UNKNOWN STEP	2026-09-13T08:41:24.3450095Z               {
E2E core flows (chromium)	UNKNOWN STEP	2026-09-13T08:41:24.3450227Z                 "id": "color-contrast",
E2E core flows (chromium)	UNKNOWN STEP	2026-09-13T08:41:24.3450387Z                 "data": {
E2E core flows (chromium)	UNKNOWN STEP	2026-09-13T08:41:24.3450539Z                   "fgColor": "#d7d9da",
E2E core flows (chromium)	UNKNOWN STEP	2026-09-13T08:41:24.3450775Z                   "bgColor": "#fdfefd",
E2E core flows (chromium)	UNKNOWN STEP	2026-09-13T08:41:24.3450960Z                   "contrastRatio": 1.4,
E2E core flows (chromium)	UNKNOWN STEP	2026-09-13T08:41:24.3461924Z                   "fontSize": "9.0pt (12px)",
E2E core flows (chromium)	UNKNOWN STEP	2026-09-13T08:41:24.3462138Z                   "fontWeight": "normal",
E2E core flows (chromium)	UNKNOWN STEP	2026-09-13T08:41:24.3462281Z                   "messageKey": null,
E2E core flows (chromium)	UNKNOWN STEP	2026-09-13T08:41:24.3462449Z                   "expectedContrastRatio": "4.5:1"
E2E core flows (chromium)	UNKNOWN STEP	2026-09-13T08:41:24.3462552Z                 },
E2E core flows (chromium)	UNKNOWN STEP	2026-09-13T08:41:24.3462881Z                 "relatedNodes": [
E2E core flows (chromium)	UNKNOWN STEP	2026-09-13T08:41:24.3462979Z                   {
E2E core flows (chromium)	UNKNOWN STEP	2026-09-13T08:41:24.3463747Z                     "html": "<span class=\"MuiTypography-root MuiTypography-caption css-zxry2f-MuiTypography-root\">Pro-level targets: 14 sources for 1 pip T1, 20 for 2 pips T2, 23 for 3 pips T3</span>",
E2E core flows (chromium)	UNKNOWN STEP	2026-09-13T08:41:24.3463869Z                     "target": [
E2E core flows (chromium)	UNKNOWN STEP	2026-09-13T08:41:24.3464245Z                       ".css-xagmc9-MuiPaper-root > .css-zxry2f-MuiTypography-root.MuiTypography-caption"
E2E core flows (chromium)	UNKNOWN STEP	2026-09-13T08:41:24.3464332Z                     ]
E2E core flows (chromium)	UNKNOWN STEP	2026-09-13T08:41:24.3464420Z                   },
E2E core flows (chromium)	UNKNOWN STEP	2026-09-13T08:41:24.3464507Z                   {
E2E core flows (chromium)	UNKNOWN STEP	2026-09-13T08:41:24.3465001Z                     "html": "<div class=\"MuiPaper-root MuiPaper-elevation MuiPaper-rounded MuiPaper-elevation0 css-xagmc9-MuiPaper-root\">",
E2E core flows (chromium)	UNKNOWN STEP	2026-09-13T08:41:24.3465115Z                     "target": [
E2E core flows (chromium)	UNKNOWN STEP	2026-09-13T08:41:24.3465271Z                       ".css-xagmc9-MuiPaper-root"
E2E core flows (chromium)	UNKNOWN STEP	2026-09-13T08:41:24.3465477Z                     ]
E2E core flows (chromium)	UNKNOWN STEP	2026-09-13T08:41:24.3465564Z                   }
E2E core flows (chromium)	UNKNOWN STEP	2026-09-13T08:41:24.3465650Z                 ],
E2E core flows (chromium)	UNKNOWN STEP	2026-09-13T08:41:24.3465775Z                 "impact": "serious",
E2E core flows (chromium)	UNKNOWN STEP	2026-09-13T08:41:24.3466500Z                 "message": "Element has insufficient color contrast of 1.4 (foreground color: #d7d9da, background color: #fdfefd, font size: 9.0pt (12px), font weight: normal). Expected contrast ratio of 4.5:1"
E2E core flows (chromium)	UNKNOWN STEP	2026-09-13T08:41:24.3466590Z               }
E2E core flows (chromium)	UNKNOWN STEP	2026-09-13T08:41:24.3466677Z             ],
E2E core flows (chromium)	UNKNOWN STEP	2026-09-13T08:41:24.3466768Z             "all": [],
E2E core flows (chromium)	UNKNOWN STEP	2026-09-13T08:41:24.3466854Z             "none": [],
E2E core flows (chromium)	UNKNOWN STEP	2026-09-13T08:41:24.3466974Z             "impact": "serious",
E2E core flows (chromium)	UNKNOWN STEP	2026-09-13T08:41:24.3467691Z             "html": "<span class=\"MuiTypography-root MuiTypography-caption css-zxry2f-MuiTypography-root\">Pro-level targets: 14 sources for 1 pip T1, 20 for 2 pips T2, 23 for 3 pips T3</span>",
E2E core flows (chromium)	UNKNOWN STEP	2026-09-13T08:41:24.3467782Z             "target": [
E2E core flows (chromium)	UNKNOWN STEP	2026-09-13T08:41:24.3468122Z               ".css-xagmc9-MuiPaper-root > .css-zxry2f-MuiTypography-root.MuiTypography-caption"
E2E core flows (chromium)	UNKNOWN STEP	2026-09-13T08:41:24.3468212Z             ],
E2E core flows (chromium)	UNKNOWN STEP	2026-09-13T08:41:24.3469055Z             "failureSummary": "Fix any of the following:\n  Element has insufficient color contrast of 1.4 (foreground color: #d7d9da, background color: #fdfefd, font size: 9.0pt (12px), font weight: normal). Expected contrast ratio of 4.5:1"
E2E core flows (chromium)	UNKNOWN STEP	2026-09-13T08:41:24.3469142Z           },
E2E core flows (chromium)	UNKNOWN STEP	2026-09-13T08:41:24.3469223Z           {
E2E core flows (chromium)	UNKNOWN STEP	2026-09-13T08:41:24.3469312Z             "any": [
E2E core flows (chromium)	UNKNOWN STEP	2026-09-13T08:41:24.3469399Z               {
E2E core flows (chromium)	UNKNOWN STEP	2026-09-13T08:41:24.3469530Z                 "id": "color-contrast",
E2E core flows (chromium)	UNKNOWN STEP	2026-09-13T08:41:24.3469625Z                 "data": {
E2E core flows (chromium)	UNKNOWN STEP	2026-09-13T08:41:24.3469753Z                   "fgColor": "#fafafa",
E2E core flows (chromium)	UNKNOWN STEP	2026-09-13T08:41:24.3469866Z                   "bgColor": "#fffeff",
E2E core flows (chromium)	UNKNOWN STEP	2026-09-13T08:41:24.3469996Z                   "contrastRatio": 1.03,
E2E core flows (chromium)	UNKNOWN STEP	2026-09-13T08:41:24.3470141Z                   "fontSize": "24.0pt (32px)",
E2E core flows (chromium)	UNKNOWN STEP	2026-09-13T08:41:24.3470261Z                   "fontWeight": "bold",
E2E core flows (chromium)	UNKNOWN STEP	2026-09-13T08:41:24.3470386Z                   "messageKey": null,
E2E core flows (chromium)	UNKNOWN STEP	2026-09-13T08:41:24.3470531Z                   "expectedContrastRatio": "3:1"
E2E core flows (chromium)	UNKNOWN STEP	2026-09-13T08:41:24.3470614Z                 },
E2E core flows (chromium)	UNKNOWN STEP	2026-09-13T08:41:24.3470732Z                 "relatedNodes": [
E2E core flows (chromium)	UNKNOWN STEP	2026-09-13T08:41:24.3470814Z                   {
E2E core flows (chromium)	UNKNOWN STEP	2026-09-13T08:41:24.3471485Z                     "html": "<div class=\"MuiPaper-root MuiPaper-elevation MuiPaper-rounded MuiPaper-elevation0 css-1yk7vib-MuiPaper-root\">",
E2E core flows (chromium)	UNKNOWN STEP	2026-09-13T08:41:24.3471600Z                     "target": [
E2E core flows (chromium)	UNKNOWN STEP	2026-09-13T08:41:24.3471749Z                       ".css-1yk7vib-MuiPaper-root"
E2E core flows (chromium)	UNKNOWN STEP	2026-09-13T08:41:24.3471838Z                     ]
E2E core flows (chromium)	UNKNOWN STEP	2026-09-13T08:41:24.3471926Z                   }
E2E core flows (chromium)	UNKNOWN STEP	2026-09-13T08:41:24.3472012Z                 ],
E2E core flows (chromium)	UNKNOWN STEP	2026-09-13T08:41:24.3472129Z                 "impact": "serious",
E2E core flows (chromium)	UNKNOWN STEP	2026-09-13T08:41:24.3472960Z                 "message": "Element has insufficient color contrast of 1.03 (foreground color: #fafafa, background color: #fffeff, font size: 24.0pt (32px), font weight: bold). Expected contrast ratio of 3:1"
E2E core flows (chromium)	UNKNOWN STEP	2026-09-13T08:41:24.3473058Z               }
E2E core flows (chromium)	UNKNOWN STEP	2026-09-13T08:41:24.3473142Z             ],
E2E core flows (chromium)	UNKNOWN STEP	2026-09-13T08:41:24.3473234Z             "all": [],
E2E core flows (chromium)	UNKNOWN STEP	2026-09-13T08:41:24.3473325Z             "none": [],
E2E core flows (chromium)	UNKNOWN STEP	2026-09-13T08:41:24.3473445Z             "impact": "serious",
E2E core flows (chromium)	UNKNOWN STEP	2026-09-13T08:41:24.3473824Z             "html": "<h3 class=\"MuiTypography-root MuiTypography-h3 css-6xq871-MuiTypography-root\">n=10k</h3>",
E2E core flows (chromium)	UNKNOWN STEP	2026-09-13T08:41:24.3473917Z             "target": [
E2E core flows (chromium)	UNKNOWN STEP	2026-09-13T08:41:24.3474067Z               ".css-6xq871-MuiTypography-root"
E2E core flows (chromium)	UNKNOWN STEP	2026-09-13T08:41:24.3474147Z             ],
E2E core flows (chromium)	UNKNOWN STEP	2026-09-13T08:41:24.3474972Z             "failureSummary": "Fix any of the following:\n  Element has insufficient color contrast of 1.03 (foreground color: #fafafa, background color: #fffeff, font size: 24.0pt (32px), font weight: bold). Expected contrast ratio of 3:1"
E2E core flows (chromium)	UNKNOWN STEP	2026-09-13T08:41:24.3475059Z           },
E2E core flows (chromium)	UNKNOWN STEP	2026-09-13T08:41:24.3475141Z           {
E2E core flows (chromium)	UNKNOWN STEP	2026-09-13T08:41:24.3475225Z             "any": [
E2E core flows (chromium)	UNKNOWN STEP	2026-09-13T08:41:24.3475427Z               {
E2E core flows (chromium)	UNKNOWN STEP	2026-09-13T08:41:24.3475559Z                 "id": "color-contrast",
E2E core flows (chromium)	UNKNOWN STEP	2026-09-13T08:41:24.3475653Z                 "data": {
E2E core flows (chromium)	UNKNOWN STEP	2026-09-13T08:41:24.3475770Z                   "fgColor": "#fafafa",
E2E core flows (chromium)	UNKNOWN STEP	2026-09-13T08:41:24.3475888Z                   "bgColor": "#fffeff",
E2E core flows (chromium)	UNKNOWN STEP	2026-09-13T08:41:24.3476014Z                   "contrastRatio": 1.03,
E2E core flows (chromium)	UNKNOWN STEP	2026-09-13T08:41:24.3476144Z                   "fontSize": "12.0pt (16px)",
E2E core flows (chromium)	UNKNOWN STEP	2026-09-13T08:41:24.3476262Z                   "fontWeight": "bold",
E2E core flows (chromium)	UNKNOWN STEP	2026-09-13T08:41:24.3476385Z                   "messageKey": null,
E2E core flows (chromium)	UNKNOWN STEP	2026-09-13T08:41:24.3476530Z                   "expectedContrastRatio": "4.5:1"
E2E core flows (chromium)	UNKNOWN STEP	2026-09-13T08:41:24.3476619Z                 },
E2E core flows (chromium)	UNKNOWN STEP	2026-09-13T08:41:24.3476735Z                 "relatedNodes": [
E2E core flows (chromium)	UNKNOWN STEP	2026-09-13T08:41:24.3476822Z                   {
E2E core flows (chromium)	UNKNOWN STEP	2026-09-13T08:41:24.3477302Z                     "html": "<div class=\"MuiPaper-root MuiPaper-elevation MuiPaper-rounded MuiPaper-elevation0 css-1yk7vib-MuiPaper-root\">",
E2E core flows (chromium)	UNKNOWN STEP	2026-09-13T08:41:24.3477421Z                     "target": [
E2E core flows (chromium)	UNKNOWN STEP	2026-09-13T08:41:24.3477576Z                       ".css-1yk7vib-MuiPaper-root"
E2E core flows (chromium)	UNKNOWN STEP	2026-09-13T08:41:24.3477660Z                     ]
E2E core flows (chromium)	UNKNOWN STEP	2026-09-13T08:41:24.3477746Z                   }
E2E core flows (chromium)	UNKNOWN STEP	2026-09-13T08:41:24.3477831Z                 ],
E2E core flows (chromium)	UNKNOWN STEP	2026-09-13T08:41:24.3477955Z                 "impact": "serious",
E2E core flows (chromium)	UNKNOWN STEP	2026-09-13T08:41:24.3478654Z                 "message": "Element has insufficient color contrast of 1.03 (foreground color: #fafafa, background color: #fffeff, font size: 12.0pt (16px), font weight: bold). Expected contrast ratio of 4.5:1"
E2E core flows (chromium)	UNKNOWN STEP	2026-09-13T08:41:24.3478740Z               }
E2E core flows (chromium)	UNKNOWN STEP	2026-09-13T08:41:24.3478824Z             ],
E2E core flows (chromium)	UNKNOWN STEP	2026-09-13T08:41:24.3478915Z             "all": [],
E2E core flows (chromium)	UNKNOWN STEP	2026-09-13T08:41:24.3479001Z             "none": [],
E2E core flows (chromium)	UNKNOWN STEP	2026-09-13T08:41:24.3479116Z             "impact": "serious",
E2E core flows (chromium)	UNKNOWN STEP	2026-09-13T08:41:24.3479551Z             "html": "<h6 class=\"MuiTypography-root MuiTypography-subtitle1 css-ei5myi-MuiTypography-root\">Monte Carlo</h6>",
E2E core flows (chromium)	UNKNOWN STEP	2026-09-13T08:41:24.3479637Z             "target": [
E2E core flows (chromium)	UNKNOWN STEP	2026-09-13T08:41:24.3479795Z               ".css-ei5myi-MuiTypography-root"
E2E core flows (chromium)	UNKNOWN STEP	2026-09-13T08:41:24.3479879Z             ],
E2E core flows (chromium)	UNKNOWN STEP	2026-09-13T08:41:24.3480711Z             "failureSummary": "Fix any of the following:\n  Element has insufficient color contrast of 1.03 (foreground color: #fafafa, background color: #fffeff, font size: 12.0pt (16px), font weight: bold). Expected contrast ratio of 4.5:1"
E2E core flows (chromium)	UNKNOWN STEP	2026-09-13T08:41:24.3480796Z           },
E2E core flows (chromium)	UNKNOWN STEP	2026-09-13T08:41:24.3480879Z           {
E2E core flows (chromium)	UNKNOWN STEP	2026-09-13T08:41:24.3480969Z             "any": [
E2E core flows (chromium)	UNKNOWN STEP	2026-09-13T08:41:24.3481048Z               {
E2E core flows (chromium)	UNKNOWN STEP	2026-09-13T08:41:24.3481340Z                 "id": "color-contrast",
E2E core flows (chromium)	UNKNOWN STEP	2026-09-13T08:41:24.3481439Z                 "data": {
E2E core flows (chromium)	UNKNOWN STEP	2026-09-13T08:41:24.3481559Z                   "fgColor": "#fafafa",
E2E core flows (chromium)	UNKNOWN STEP	2026-09-13T08:41:24.3481673Z                   "bgColor": "#fffeff",
E2E core flows (chromium)	UNKNOWN STEP	2026-09-13T08:41:24.3481795Z                   "contrastRatio": 1.03,
E2E core flows (chromium)	UNKNOWN STEP	2026-09-13T08:41:24.3481928Z                   "fontSize": "10.5pt (14px)",
E2E core flows (chromium)	UNKNOWN STEP	2026-09-13T08:41:24.3482055Z                   "fontWeight": "normal",
E2E core flows (chromium)	UNKNOWN STEP	2026-09-13T08:41:24.3482301Z                   "messageKey": null,
E2E core flows (chromium)	UNKNOWN STEP	2026-09-13T08:41:24.3482451Z                   "expectedContrastRatio": "4.5:1"
E2E core flows (chromium)	UNKNOWN STEP	2026-09-13T08:41:24.3482540Z                 },
E2E core flows (chromium)	UNKNOWN STEP	2026-09-13T08:41:24.3482653Z                 "relatedNodes": [
E2E core flows (chromium)	UNKNOWN STEP	2026-09-13T08:41:24.3482740Z                   {
E2E core flows (chromium)	UNKNOWN STEP	2026-09-13T08:41:24.3483223Z                     "html": "<div class=\"MuiPaper-root MuiPaper-elevation MuiPaper-rounded MuiPaper-elevation0 css-1yk7vib-MuiPaper-root\">",
E2E core flows (chromium)	UNKNOWN STEP	2026-09-13T08:41:24.3483329Z                     "target": [
E2E core flows (chromium)	UNKNOWN STEP	2026-09-13T08:41:24.3483476Z                       ".css-1yk7vib-MuiPaper-root"
E2E core flows (chromium)	UNKNOWN STEP	2026-09-13T08:41:24.3483564Z                     ]
E2E core flows (chromium)	UNKNOWN STEP	2026-09-13T08:41:24.3483650Z                   }
E2E core flows (chromium)	UNKNOWN STEP	2026-09-13T08:41:24.3483729Z                 ],
E2E core flows (chromium)	UNKNOWN STEP	2026-09-13T08:41:24.3483851Z                 "impact": "serious",
E2E core flows (chromium)	UNKNOWN STEP	2026-09-13T08:41:24.3484573Z                 "message": "Element has insufficient color contrast of 1.03 (foreground color: #fafafa, background color: #fffeff, font size: 10.5pt (14px), font weight: normal). Expected contrast ratio of 4.5:1"
E2E core flows (chromium)	UNKNOWN STEP	2026-09-13T08:41:24.3484766Z               }
E2E core flows (chromium)	UNKNOWN STEP	2026-09-13T08:41:24.3484853Z             ],
E2E core flows (chromium)	UNKNOWN STEP	2026-09-13T08:41:24.3484943Z             "all": [],
E2E core flows (chromium)	UNKNOWN STEP	2026-09-13T08:41:24.3485033Z             "none": [],
E2E core flows (chromium)	UNKNOWN STEP	2026-09-13T08:41:24.3485146Z             "impact": "serious",
E2E core flows (chromium)	UNKNOWN STEP	2026-09-13T08:41:24.3485688Z             "html": "<p class=\"MuiTypography-root MuiTypography-body2 css-hcua82-MuiTypography-root\">10,000 opening hands shuffled and evaluated</p>",
E2E core flows (chromium)	UNKNOWN STEP	2026-09-13T08:41:24.3485781Z             "target": [
E2E core flows (chromium)	UNKNOWN STEP	2026-09-13T08:41:24.3486109Z               ".css-1yk7vib-MuiPaper-root > .css-hcua82-MuiTypography-root.MuiTypography-body2"
E2E core flows (chromium)	UNKNOWN STEP	2026-09-13T08:41:24.3486193Z             ],
E2E core flows (chromium)	UNKNOWN STEP	2026-09-13T08:41:24.3487038Z             "failureSummary": "Fix any of the following:\n  Element has insufficient color contrast of 1.03 (foreground color: #fafafa, background color: #fffeff, font size: 10.5pt (14px), font weight: normal). Expected contrast ratio of 4.5:1"
E2E core flows (chromium)	UNKNOWN STEP	2026-09-13T08:41:24.3487128Z           },
E2E core flows (chromium)	UNKNOWN STEP	2026-09-13T08:41:24.3487210Z           {
E2E core flows (chromium)	UNKNOWN STEP	2026-09-13T08:41:24.3487299Z             "any": [
E2E core flows (chromium)	UNKNOWN STEP	2026-09-13T08:41:24.3487383Z               {
E2E core flows (chromium)	UNKNOWN STEP	2026-09-13T08:41:24.3487511Z                 "id": "color-contrast",
E2E core flows (chromium)	UNKNOWN STEP	2026-09-13T08:41:24.3487599Z                 "data": {
E2E core flows (chromium)	UNKNOWN STEP	2026-09-13T08:41:24.3487720Z                   "fgColor": "#fafafa",
E2E core flows (chromium)	UNKNOWN STEP	2026-09-13T08:41:24.3487838Z                   "bgColor": "#ffffff",
E2E core flows (chromium)	UNKNOWN STEP	2026-09-13T08:41:24.3487956Z                   "contrastRatio": 1.04,
E2E core flows (chromium)	UNKNOWN STEP	2026-09-13T08:41:24.3488090Z                   "fontSize": "9.0pt (12px)",
E2E core flows (chromium)	UNKNOWN STEP	2026-09-13T08:41:24.3488214Z                   "fontWeight": "normal",
E2E core flows (chromium)	UNKNOWN STEP	2026-09-13T08:41:24.3488330Z                   "messageKey": null,
E2E core flows (chromium)	UNKNOWN STEP	2026-09-13T08:41:24.3488474Z                   "expectedContrastRatio": "4.5:1"
E2E core flows (chromium)	UNKNOWN STEP	2026-09-13T08:41:24.3488561Z                 },
E2E core flows (chromium)	UNKNOWN STEP	2026-09-13T08:41:24.3488677Z                 "relatedNodes": [
E2E core flows (chromium)	UNKNOWN STEP	2026-09-13T08:41:24.3488757Z                   {
E2E core flows (chromium)	UNKNOWN STEP	2026-09-13T08:41:24.3489497Z                     "html": "<span class=\"MuiTypography-root MuiTypography-caption css-zxry2f-MuiTypography-root\">Each hand scored on mana efficiency, curve, colors, early game, and land balance</span>",
E2E core flows (chromium)	UNKNOWN STEP	2026-09-13T08:41:24.3489613Z                     "target": [
E2E core flows (chromium)	UNKNOWN STEP	2026-09-13T08:41:24.3489971Z                       ".css-1yk7vib-MuiPaper-root > .css-zxry2f-MuiTypography-root.MuiTypography-caption"
E2E core flows (chromium)	UNKNOWN STEP	2026-09-13T08:41:24.3490056Z                     ]
E2E core flows (chromium)	UNKNOWN STEP	2026-09-13T08:41:24.3490144Z                   },
E2E core flows (chromium)	UNKNOWN STEP	2026-09-13T08:41:24.3490232Z                   {
E2E core flows (chromium)	UNKNOWN STEP	2026-09-13T08:41:24.3490722Z                     "html": "<div class=\"MuiPaper-root MuiPaper-elevation MuiPaper-rounded MuiPaper-elevation0 css-1yk7vib-MuiPaper-root\">",
E2E core flows (chromium)	UNKNOWN STEP	2026-09-13T08:41:24.3490834Z                     "target": [
E2E core flows (chromium)	UNKNOWN STEP	2026-09-13T08:41:24.3490978Z                       ".css-1yk7vib-MuiPaper-root"
E2E core flows (chromium)	UNKNOWN STEP	2026-09-13T08:41:24.3491063Z                     ]
E2E core flows (chromium)	UNKNOWN STEP	2026-09-13T08:41:24.3491142Z                   }
E2E core flows (chromium)	UNKNOWN STEP	2026-09-13T08:41:24.3491357Z                 ],
E2E core flows (chromium)	UNKNOWN STEP	2026-09-13T08:41:24.3491480Z                 "impact": "serious",
E2E core flows (chromium)	UNKNOWN STEP	2026-09-13T08:41:24.3492324Z                 "message": "Element has insufficient color contrast of 1.04 (foreground color: #fafafa, background color: #ffffff, font size: 9.0pt (12px), font weight: normal). Expected contrast ratio of 4.5:1"
E2E core flows (chromium)	UNKNOWN STEP	2026-09-13T08:41:24.3492418Z               }
E2E core flows (chromium)	UNKNOWN STEP	2026-09-13T08:41:24.3492504Z             ],
E2E core flows (chromium)	UNKNOWN STEP	2026-09-13T08:41:24.3492594Z             "all": [],
E2E core flows (chromium)	UNKNOWN STEP	2026-09-13T08:41:24.3492679Z             "none": [],
E2E core flows (chromium)	UNKNOWN STEP	2026-09-13T08:41:24.3492799Z             "impact": "serious",
E2E core flows (chromium)	UNKNOWN STEP	2026-09-13T08:41:24.3493520Z             "html": "<span class=\"MuiTypography-root MuiTypography-caption css-zxry2f-MuiTypography-root\">Each hand scored on mana efficiency, curve, colors, early game, and land balance</span>",
E2E core flows (chromium)	UNKNOWN STEP	2026-09-13T08:41:24.3493614Z             "target": [
E2E core flows (chromium)	UNKNOWN STEP	2026-09-13T08:41:24.3493946Z               ".css-1yk7vib-MuiPaper-root > .css-zxry2f-MuiTypography-root.MuiTypography-caption"
E2E core flows (chromium)	UNKNOWN STEP	2026-09-13T08:41:24.3494032Z             ],
E2E core flows (chromium)	UNKNOWN STEP	2026-09-13T08:41:24.3494876Z             "failureSummary": "Fix any of the following:\n  Element has insufficient color contrast of 1.04 (foreground color: #fafafa, background color: #ffffff, font size: 9.0pt (12px), font weight: normal). Expected contrast ratio of 4.5:1"
E2E core flows (chromium)	UNKNOWN STEP	2026-09-13T08:41:24.3495094Z           }
E2E core flows (chromium)	UNKNOWN STEP	2026-09-13T08:41:24.3495173Z         ]
E2E core flows (chromium)	UNKNOWN STEP	2026-09-13T08:41:24.3495255Z       }
E2E core flows (chromium)	UNKNOWN STEP	2026-09-13T08:41:24.3495337Z     ]
E2E core flows (chromium)	UNKNOWN STEP	2026-09-13T08:41:24.3495346Z 
E2E core flows (chromium)	UNKNOWN STEP	2026-09-13T08:41:24.3495522Z     expect(received).toEqual(expected) // deep equality
E2E core flows (chromium)	UNKNOWN STEP	2026-09-13T08:41:24.3495530Z 
E2E core flows (chromium)	UNKNOWN STEP	2026-09-13T08:41:24.3495632Z     - Expected  -   1
E2E core flows (chromium)	UNKNOWN STEP	2026-09-13T08:41:24.3495724Z     + Received  + 671
E2E core flows (chromium)	UNKNOWN STEP	2026-09-13T08:41:24.3495732Z 
E2E core flows (chromium)	UNKNOWN STEP	2026-09-13T08:41:24.3495818Z     - Array []
E2E core flows (chromium)	UNKNOWN STEP	2026-09-13T08:41:24.3495897Z     + Array [
E2E core flows (chromium)	UNKNOWN STEP	2026-09-13T08:41:24.3495986Z     +   Object {
E2E core flows (chromium)	UNKNOWN STEP	2026-09-13T08:41:24.3496467Z     +     "description": "Ensure the contrast between foreground and background colors meets WCAG 2 AA minimum contrast ratio thresholds",
E2E core flows (chromium)	UNKNOWN STEP	2026-09-13T08:41:24.3496711Z     +     "help": "Elements must meet minimum color contrast ratio thresholds",
E2E core flows (chromium)	UNKNOWN STEP	2026-09-13T08:41:24.3497072Z     +     "helpUrl": "https://dequeuniversity.com/rules/axe/4.11/color-contrast?application=playwright",
E2E core flows (chromium)	UNKNOWN STEP	2026-09-13T08:41:24.3497198Z     +     "id": "color-contrast",
E2E core flows (chromium)	UNKNOWN STEP	2026-09-13T08:41:24.3497314Z     +     "impact": "serious",
E2E core flows (chromium)	UNKNOWN STEP	2026-09-13T08:41:24.3497404Z     +     "nodes": Array [
E2E core flows (chromium)	UNKNOWN STEP	2026-09-13T08:41:24.3497490Z     +       Object {
E2E core flows (chromium)	UNKNOWN STEP	2026-09-13T08:41:24.3497598Z     +         "all": Array [],
E2E core flows (chromium)	UNKNOWN STEP	2026-09-13T08:41:24.3497691Z     +         "any": Array [
E2E core flows (chromium)	UNKNOWN STEP	2026-09-13T08:41:24.3497777Z     +           Object {
E2E core flows (chromium)	UNKNOWN STEP	2026-09-13T08:41:24.3497891Z     +             "data": Object {
E2E core flows (chromium)	UNKNOWN STEP	2026-09-13T08:41:24.3498017Z     +               "bgColor": "#ffffff",
E2E core flows (chromium)	UNKNOWN STEP	2026-09-13T08:41:24.3498142Z     +               "contrastRatio": 3.64,
E2E core flows (chromium)	UNKNOWN STEP	2026-09-13T08:41:24.3498298Z     +               "expectedContrastRatio": "4.5:1",
E2E core flows (chromium)	UNKNOWN STEP	2026-09-13T08:41:24.3498436Z     +               "fgColor": "#868686",
E2E core flows (chromium)	UNKNOWN STEP	2026-09-13T08:41:24.3498580Z     +               "fontSize": "12.0pt (16px)",
E2E core flows (chromium)	UNKNOWN STEP	2026-09-13T08:41:24.3498705Z     +               "fontWeight": "bold",
E2E core flows (chromium)	UNKNOWN STEP	2026-09-13T08:41:24.3498825Z     +               "messageKey": null,
E2E core flows (chromium)	UNKNOWN STEP	2026-09-13T08:41:24.3498911Z     +             },
E2E core flows (chromium)	UNKNOWN STEP	2026-09-13T08:41:24.3499030Z     +             "id": "color-contrast",
E2E core flows (chromium)	UNKNOWN STEP	2026-09-13T08:41:24.3499156Z     +             "impact": "serious",
E2E core flows (chromium)	UNKNOWN STEP	2026-09-13T08:41:24.3499868Z     +             "message": "Element has insufficient color contrast of 3.64 (foreground color: #868686, background color: #ffffff, font size: 12.0pt (16px), font weight: bold). Expected contrast ratio of 4.5:1",
E2E core flows (chromium)	UNKNOWN STEP	2026-09-13T08:41:24.3499992Z     +             "relatedNodes": Array [
E2E core flows (chromium)	UNKNOWN STEP	2026-09-13T08:41:24.3500080Z     +               Object {
E2E core flows (chromium)	UNKNOWN STEP	2026-09-13T08:41:24.3500679Z     +                 "html": "<div class=\"MuiPaper-root MuiPaper-elevation MuiPaper-rounded MuiPaper-elevation0 MuiCard-root css-xisrc6-MuiPaper-root-MuiCard-root\">",
E2E core flows (chromium)	UNKNOWN STEP	2026-09-13T08:41:24.3500798Z     +                 "target": Array [
E2E core flows (chromium)	UNKNOWN STEP	2026-09-13T08:41:24.3500986Z     +                   ".css-xisrc6-MuiPaper-root-MuiCard-root",
E2E core flows (chromium)	UNKNOWN STEP	2026-09-13T08:41:24.3501294Z     +                 ],
E2E core flows (chromium)	UNKNOWN STEP	2026-09-13T08:41:24.3501394Z     +               },
E2E core flows (chromium)	UNKNOWN STEP	2026-09-13T08:41:24.3501481Z     +             ],
E2E core flows (chromium)	UNKNOWN STEP	2026-09-13T08:41:24.3501560Z     +           },
E2E core flows (chromium)	UNKNOWN STEP	2026-09-13T08:41:24.3501645Z     +         ],
E2E core flows (chromium)	UNKNOWN STEP	2026-09-13T08:41:24.3501824Z     +         "failureSummary": "Fix any of the following:
E2E core flows (chromium)	UNKNOWN STEP	2026-09-13T08:41:24.3502597Z     +   Element has insufficient color contrast of 3.64 (foreground color: #868686, background color: #ffffff, font size: 12.0pt (16px), font weight: bold). Expected contrast ratio of 4.5:1",
E2E core flows (chromium)	UNKNOWN STEP	2026-09-13T08:41:24.3503029Z     +         "html": "<h6 class=\"MuiTypography-root MuiTypography-h6 css-17sn6wo-MuiTypography-root\">1. Castability</h6>",
E2E core flows (chromium)	UNKNOWN STEP	2026-09-13T08:41:24.3503150Z     +         "impact": "serious",
E2E core flows (chromium)	UNKNOWN STEP	2026-09-13T08:41:24.3503262Z     +         "none": Array [],
E2E core flows (chromium)	UNKNOWN STEP	2026-09-13T08:41:24.3503374Z     +         "target": Array [
E2E core flows (chromium)	UNKNOWN STEP	2026-09-13T08:41:24.3504180Z     +           ".css-xisrc6-MuiPaper-root-MuiCard-root > .MuiCardContent-root.css-17pmaar-MuiCardContent-root > .css-ukdiqv.MuiBox-root > .css-0.MuiBox-root > .css-17sn6wo-MuiTypography-root.MuiTypography-h6",
E2E core flows (chromium)	UNKNOWN STEP	2026-09-13T08:41:24.3504397Z     +         ],
E2E core flows (chromium)	UNKNOWN STEP	2026-09-13T08:41:24.3504481Z     +       },
E2E core flows (chromium)	UNKNOWN STEP	2026-09-13T08:41:24.3504564Z     +       Object {
E2E core flows (chromium)	UNKNOWN STEP	2026-09-13T08:41:24.3504678Z     +         "all": Array [],
E2E core flows (chromium)	UNKNOWN STEP	2026-09-13T08:41:24.3504771Z     +         "any": Array [
E2E core flows (chromium)	UNKNOWN STEP	2026-09-13T08:41:24.3504861Z     +           Object {
E2E core flows (chromium)	UNKNOWN STEP	2026-09-13T08:41:24.3504972Z     +             "data": Object {
E2E core flows (chromium)	UNKNOWN STEP	2026-09-13T08:41:24.3505100Z     +               "bgColor": "#7f9ecd",
E2E core flows (chromium)	UNKNOWN STEP	2026-09-13T08:41:24.3505233Z     +               "contrastRatio": 2.73,
E2E core flows (chromium)	UNKNOWN STEP	2026-09-13T08:41:24.3505392Z     +               "expectedContrastRatio": "4.5:1",
E2E core flows (chromium)	UNKNOWN STEP	2026-09-13T08:41:24.3505517Z     +               "fgColor": "#ffffff",
E2E core flows (chromium)	UNKNOWN STEP	2026-09-13T08:41:24.3505659Z     +               "fontSize": "8.4pt (11.2px)",
E2E core flows (chromium)	UNKNOWN STEP	2026-09-13T08:41:24.3505790Z     +               "fontWeight": "normal",
E2E core flows (chromium)	UNKNOWN STEP	2026-09-13T08:41:24.3505907Z     +               "messageKey": null,
E2E core flows (chromium)	UNKNOWN STEP	2026-09-13T08:41:24.3506002Z     +             },
E2E core flows (chromium)	UNKNOWN STEP	2026-09-13T08:41:24.3506128Z     +             "id": "color-contrast",
E2E core flows (chromium)	UNKNOWN STEP	2026-09-13T08:41:24.3506249Z     +             "impact": "serious",
E2E core flows (chromium)	UNKNOWN STEP	2026-09-13T08:41:24.3506995Z     +             "message": "Element has insufficient color contrast of 2.73 (foreground color: #ffffff, background color: #7f9ecd, font size: 8.4pt (11.2px), font weight: normal). Expected contrast ratio of 4.5:1",
E2E core flows (chromium)	UNKNOWN STEP	2026-09-13T08:41:24.3507125Z     +             "relatedNodes": Array [
E2E core flows (chromium)	UNKNOWN STEP	2026-09-13T08:41:24.3507220Z     +               Object {
E2E core flows (chromium)	UNKNOWN STEP	2026-09-13T08:41:24.3508183Z     +                 "html": "<div class=\"MuiChip-root MuiChip-filled MuiChip-sizeSmall MuiChip-colorDefault MuiChip-filledDefault css-1wy5k0x-MuiChip-root\"><span class=\"MuiChip-label MuiChip-labelSmall css-t3ycia-MuiChip-label\">Core Feature</span></div>",
E2E core flows (chromium)	UNKNOWN STEP	2026-09-13T08:41:24.3508300Z     +                 "target": Array [
E2E core flows (chromium)	UNKNOWN STEP	2026-09-13T08:41:24.3508455Z     +                   ".css-1wy5k0x-MuiChip-root",
E2E core flows (chromium)	UNKNOWN STEP	2026-09-13T08:41:24.3508551Z     +                 ],
E2E core flows (chromium)	UNKNOWN STEP	2026-09-13T08:41:24.3508633Z     +               },
E2E core flows (chromium)	UNKNOWN STEP	2026-09-13T08:41:24.3508719Z     +             ],
E2E core flows (chromium)	UNKNOWN STEP	2026-09-13T08:41:24.3508806Z     +           },
E2E core flows (chromium)	UNKNOWN STEP	2026-09-13T08:41:24.3508886Z     +         ],
E2E core flows (chromium)	UNKNOWN STEP	2026-09-13T08:41:24.3509060Z     +         "failureSummary": "Fix any of the following:
E2E core flows (chromium)	UNKNOWN STEP	2026-09-13T08:41:24.3509728Z     +   Element has insufficient color contrast of 2.73 (foreground color: #ffffff, background color: #7f9ecd, font size: 8.4pt (11.2px), font weight: normal). Expected contrast ratio of 4.5:1",
E2E core flows (chromium)	UNKNOWN STEP	2026-09-13T08:41:24.3510127Z     +         "html": "<span class=\"MuiChip-label MuiChip-labelSmall css-t3ycia-MuiChip-label\">Core Feature</span>",
E2E core flows (chromium)	UNKNOWN STEP	2026-09-13T08:41:24.3510251Z     +         "impact": "serious",
E2E core flows (chromium)	UNKNOWN STEP	2026-09-13T08:41:24.3510359Z     +         "none": Array [],
E2E core flows (chromium)	UNKNOWN STEP	2026-09-13T08:41:24.3510469Z     +         "target": Array [
E2E core flows (chromium)	UNKNOWN STEP	2026-09-13T08:41:24.3510846Z     +           ".css-1wy5k0x-MuiChip-root > .css-t3ycia-MuiChip-label.MuiChip-label.MuiChip-labelSmall",
E2E core flows (chromium)	UNKNOWN STEP	2026-09-13T08:41:24.3511048Z     +         ],
E2E core flows (chromium)	UNKNOWN STEP	2026-09-13T08:41:24.3511136Z     +       },
E2E core flows (chromium)	UNKNOWN STEP	2026-09-13T08:41:24.3511455Z     +       Object {
E2E core flows (chromium)	UNKNOWN STEP	2026-09-13T08:41:24.3511678Z     +         "all": Array [],
E2E core flows (chromium)	UNKNOWN STEP	2026-09-13T08:41:24.3511796Z     +         "any": Array [
E2E core flows (chromium)	UNKNOWN STEP	2026-09-13T08:41:24.3511891Z     +           Object {
E2E core flows (chromium)	UNKNOWN STEP	2026-09-13T08:41:24.3512010Z     +             "data": Object {
E2E core flows (chromium)	UNKNOWN STEP	2026-09-13T08:41:24.3512132Z     +               "bgColor": "#ffffff",
E2E core flows (chromium)	UNKNOWN STEP	2026-09-13T08:41:24.3512260Z     +               "contrastRatio": 2.46,
E2E core flows (chromium)	UNKNOWN STEP	2026-09-13T08:41:24.3512419Z     +               "expectedContrastRatio": "4.5:1",
E2E core flows (chromium)	UNKNOWN STEP	2026-09-13T08:41:24.3512535Z     +               "fgColor": "#a5a5a5",
E2E core flows (chromium)	UNKNOWN STEP	2026-09-13T08:41:24.3512675Z     +               "fontSize": "10.5pt (14px)",
E2E core flows (chromium)	UNKNOWN STEP	2026-09-13T08:41:24.3512802Z     +               "fontWeight": "normal",
E2E core flows (chromium)	UNKNOWN STEP	2026-09-13T08:41:24.3512924Z     +               "messageKey": null,
E2E core flows (chromium)	UNKNOWN STEP	2026-09-13T08:41:24.3513007Z     +             },
E2E core flows (chromium)	UNKNOWN STEP	2026-09-13T08:41:24.3513133Z     +             "id": "color-contrast",
E2E core flows (chromium)	UNKNOWN STEP	2026-09-13T08:41:24.3513412Z     +             "impact": "serious",
E2E core flows (chromium)	UNKNOWN STEP	2026-09-13T08:41:24.3514148Z     +             "message": "Element has insufficient color contrast of 2.46 (foreground color: #a5a5a5, background color: #ffffff, font size: 10.5pt (14px), font weight: normal). Expected contrast ratio of 4.5:1",
E2E core flows (chromium)	UNKNOWN STEP	2026-09-13T08:41:24.3514268Z     +             "relatedNodes": Array [
E2E core flows (chromium)	UNKNOWN STEP	2026-09-13T08:41:24.3514363Z     +               Object {
E2E core flows (chromium)	UNKNOWN STEP	2026-09-13T08:41:24.3514967Z     +                 "html": "<div class=\"MuiPaper-root MuiPaper-elevation MuiPaper-rounded MuiPaper-elevation0 MuiCard-root css-xisrc6-MuiPaper-root-MuiCard-root\">",
E2E core flows (chromium)	UNKNOWN STEP	2026-09-13T08:41:24.3515088Z     +                 "target": Array [
E2E core flows (chromium)	UNKNOWN STEP	2026-09-13T08:41:24.3515273Z     +                   ".css-xisrc6-MuiPaper-root-MuiCard-root",
E2E core flows (chromium)	UNKNOWN STEP	2026-09-13T08:41:24.3515363Z     +                 ],
E2E core flows (chromium)	UNKNOWN STEP	2026-09-13T08:41:24.3515452Z     +               },
E2E core flows (chromium)	UNKNOWN STEP	2026-09-13T08:41:24.3515533Z     +             ],
E2E core flows (chromium)	UNKNOWN STEP	2026-09-13T08:41:24.3515619Z     +           },
E2E core flows (chromium)	UNKNOWN STEP	2026-09-13T08:41:24.3515709Z     +         ],
E2E core flows (chromium)	UNKNOWN STEP	2026-09-13T08:41:24.3515876Z     +         "failureSummary": "Fix any of the following:
E2E core flows (chromium)	UNKNOWN STEP	2026-09-13T08:41:24.3516530Z     +   Element has insufficient color contrast of 2.46 (foreground color: #a5a5a5, background color: #ffffff, font size: 10.5pt (14px), font weight: normal). Expected contrast ratio of 4.5:1",
E2E core flows (chromium)	UNKNOWN STEP	2026-09-13T08:41:24.3517520Z     +         "html": "<p class=\"MuiTypography-root MuiTypography-body2 css-xndft9-MuiTypography-root\">Model-based castability by turn. The default is an estimate; exact modes state their supported scope. This is the first tab you see after analysis.</p>",
E2E core flows (chromium)	UNKNOWN STEP	2026-09-13T08:41:24.3517648Z     +         "impact": "serious",
E2E core flows (chromium)	UNKNOWN STEP	2026-09-13T08:41:24.3517767Z     +         "none": Array [],
E2E core flows (chromium)	UNKNOWN STEP	2026-09-13T08:41:24.3517875Z     +         "target": Array [
E2E core flows (chromium)	UNKNOWN STEP	2026-09-13T08:41:24.3518516Z     +           ".css-xisrc6-MuiPaper-root-MuiCard-root > .MuiCardContent-root.css-17pmaar-MuiCardContent-root > .css-xndft9-MuiTypography-root.MuiTypography-body2",
E2E core flows (chromium)	UNKNOWN STEP	2026-09-13T08:41:24.3518605Z     +         ],
E2E core flows (chromium)	UNKNOWN STEP	2026-09-13T08:41:24.3518691Z     +       },
E2E core flows (chromium)	UNKNOWN STEP	2026-09-13T08:41:24.3518776Z     +       Object {
E2E core flows (chromium)	UNKNOWN STEP	2026-09-13T08:41:24.3518889Z     +         "all": Array [],
E2E core flows (chromium)	UNKNOWN STEP	2026-09-13T08:41:24.3518981Z     +         "any": Array [
E2E core flows (chromium)	UNKNOWN STEP	2026-09-13T08:41:24.3519068Z     +           Object {
E2E core flows (chromium)	UNKNOWN STEP	2026-09-13T08:41:24.3519185Z     +             "data": Object {
E2E core flows (chromium)	UNKNOWN STEP	2026-09-13T08:41:24.3519310Z     +               "bgColor": "#ffffff",
E2E core flows (chromium)	UNKNOWN STEP	2026-09-13T08:41:24.3519430Z     +               "contrastRatio": 1.29,
E2E core flows (chromium)	UNKNOWN STEP	2026-09-13T08:41:24.3519581Z     +               "expectedContrastRatio": "4.5:1",
E2E core flows (chromium)	UNKNOWN STEP	2026-09-13T08:41:24.3519701Z     +               "fgColor": "#e2e2e2",
E2E core flows (chromium)	UNKNOWN STEP	2026-09-13T08:41:24.3519837Z     +               "fontSize": "12.0pt (16px)",
E2E core flows (chromium)	UNKNOWN STEP	2026-09-13T08:41:24.3519955Z     +               "fontWeight": "bold",
E2E core flows (chromium)	UNKNOWN STEP	2026-09-13T08:41:24.3520077Z     +               "messageKey": null,
E2E core flows (chromium)	UNKNOWN STEP	2026-09-13T08:41:24.3520167Z     +             },
E2E core flows (chromium)	UNKNOWN STEP	2026-09-13T08:41:24.3520305Z     +             "id": "color-contrast",
E2E core flows (chromium)	UNKNOWN STEP	2026-09-13T08:41:24.3520435Z     +             "impact": "serious",
E2E core flows (chromium)	UNKNOWN STEP	2026-09-13T08:41:24.3521541Z     +             "message": "Element has insufficient color contrast of 1.29 (foreground color: #e2e2e2, background color: #ffffff, font size: 12.0pt (16px), font weight: bold). Expected contrast ratio of 4.5:1",
E2E core flows (chromium)	UNKNOWN STEP	2026-09-13T08:41:24.3521686Z     +             "relatedNodes": Array [
E2E core flows (chromium)	UNKNOWN STEP	2026-09-13T08:41:24.3521779Z     +               Object {
E2E core flows (chromium)	UNKNOWN STEP	2026-09-13T08:41:24.3522389Z     +                 "html": "<div class=\"MuiPaper-root MuiPaper-elevation MuiPaper-rounded MuiPaper-elevation0 MuiCard-root css-3zdfsz-MuiPaper-root-MuiCard-root\">",
E2E core flows (chromium)	UNKNOWN STEP	2026-09-13T08:41:24.3522511Z     +                 "target": Array [
E2E core flows (chromium)	UNKNOWN STEP	2026-09-13T08:41:24.3522702Z     +                   ".css-3zdfsz-MuiPaper-root-MuiCard-root",
E2E core flows (chromium)	UNKNOWN STEP	2026-09-13T08:41:24.3522788Z     +                 ],
E2E core flows (chromium)	UNKNOWN STEP	2026-09-13T08:41:24.3522879Z     +               },
E2E core flows (chromium)	UNKNOWN STEP	2026-09-13T08:41:24.3522967Z     +             ],
E2E core flows (chromium)	UNKNOWN STEP	2026-09-13T08:41:24.3523057Z     +           },
E2E core flows (chromium)	UNKNOWN STEP	2026-09-13T08:41:24.3523138Z     +         ],
E2E core flows (chromium)	UNKNOWN STEP	2026-09-13T08:41:24.3523532Z     +         "failureSummary": "Fix any of the following:
E2E core flows (chromium)	UNKNOWN STEP	2026-09-13T08:41:24.3524196Z     +   Element has insufficient color contrast of 1.29 (foreground color: #e2e2e2, background color: #ffffff, font size: 12.0pt (16px), font weight: bold). Expected contrast ratio of 4.5:1",
E2E core flows (chromium)	UNKNOWN STEP	2026-09-13T08:41:24.3524608Z     +         "html": "<h6 class=\"MuiTypography-root MuiTypography-h6 css-17sn6wo-MuiTypography-root\">2. Mulligan</h6>",
E2E core flows (chromium)	UNKNOWN STEP	2026-09-13T08:41:24.3524722Z     +         "impact": "serious",
E2E core flows (chromium)	UNKNOWN STEP	2026-09-13T08:41:24.3524837Z     +         "none": Array [],
E2E core flows (chromium)	UNKNOWN STEP	2026-09-13T08:41:24.3524948Z     +         "target": Array [
E2E core flows (chromium)	UNKNOWN STEP	2026-09-13T08:41:24.3525747Z     +           ".css-3zdfsz-MuiPaper-root-MuiCard-root > .MuiCardContent-root.css-17pmaar-MuiCardContent-root > .css-ukdiqv.MuiBox-root > .css-0.MuiBox-root > .css-17sn6wo-MuiTypography-root.MuiTypography-h6",
E2E core flows (chromium)	UNKNOWN STEP	2026-09-13T08:41:24.3525832Z     +         ],
E2E core flows (chromium)	UNKNOWN STEP	2026-09-13T08:41:24.3525917Z     +       },
E2E core flows (chromium)	UNKNOWN STEP	2026-09-13T08:41:24.3526005Z     +       Object {
E2E core flows (chromium)	UNKNOWN STEP	2026-09-13T08:41:24.3526119Z     +         "all": Array [],
E2E core flows (chromium)	UNKNOWN STEP	2026-09-13T08:41:24.3526213Z     +         "any": Array [
E2E core flows (chromium)	UNKNOWN STEP	2026-09-13T08:41:24.3526303Z     +           Object {
E2E core flows (chromium)	UNKNOWN STEP	2026-09-13T08:41:24.3526413Z     +             "data": Object {
E2E core flows (chromium)	UNKNOWN STEP	2026-09-13T08:41:24.3526536Z     +               "bgColor": "#f3e4f5",
E2E core flows (chromium)	UNKNOWN STEP	2026-09-13T08:41:24.3526662Z     +               "contrastRatio": 1.21,
E2E core flows (chromium)	UNKNOWN STEP	2026-09-13T08:41:24.3526814Z     +               "expectedContrastRatio": "4.5:1",
E2E core flows (chromium)	UNKNOWN STEP	2026-09-13T08:41:24.3526928Z     +               "fgColor": "#ffffff",
E2E core flows (chromium)	UNKNOWN STEP	2026-09-13T08:41:24.3527068Z     +               "fontSize": "8.4pt (11.2px)",
E2E core flows (chromium)	UNKNOWN STEP	2026-09-13T08:41:24.3527196Z     +               "fontWeight": "normal",
E2E core flows (chromium)	UNKNOWN STEP	2026-09-13T08:41:24.3527313Z     +               "messageKey": null,
E2E core flows (chromium)	UNKNOWN STEP	2026-09-13T08:41:24.3527399Z     +             },
E2E core flows (chromium)	UNKNOWN STEP	2026-09-13T08:41:24.3527523Z     +             "id": "color-contrast",
E2E core flows (chromium)	UNKNOWN STEP	2026-09-13T08:41:24.3527648Z     +             "impact": "serious",
E2E core flows (chromium)	UNKNOWN STEP	2026-09-13T08:41:24.3528370Z     +             "message": "Element has insufficient color contrast of 1.21 (foreground color: #ffffff, background color: #f3e4f5, font size: 8.4pt (11.2px), font weight: normal). Expected contrast ratio of 4.5:1",
E2E core flows (chromium)	UNKNOWN STEP	2026-09-13T08:41:24.3528507Z     +             "relatedNodes": Array [
E2E core flows (chromium)	UNKNOWN STEP	2026-09-13T08:41:24.3528600Z     +               Object {
E2E core flows (chromium)	UNKNOWN STEP	2026-09-13T08:41:24.3529552Z     +                 "html": "<div class=\"MuiChip-root MuiChip-filled MuiChip-sizeSmall MuiChip-colorDefault MuiChip-filledDefault css-1hvxrj1-MuiChip-root\"><span class=\"MuiChip-label MuiChip-labelSmall css-t3ycia-MuiChip-label\">Unique</span></div>",
E2E core flows (chromium)	UNKNOWN STEP	2026-09-13T08:41:24.3529668Z     +                 "target": Array [
E2E core flows (chromium)	UNKNOWN STEP	2026-09-13T08:41:24.3529821Z     +                   ".css-1hvxrj1-MuiChip-root",
E2E core flows (chromium)	UNKNOWN STEP	2026-09-13T08:41:24.3529912Z     +                 ],
E2E core flows (chromium)	UNKNOWN STEP	2026-09-13T08:41:24.3529997Z     +               },
E2E core flows (chromium)	UNKNOWN STEP	2026-09-13T08:41:24.3530078Z     +             ],
E2E core flows (chromium)	UNKNOWN STEP	2026-09-13T08:41:24.3530162Z     +           },
E2E core flows (chromium)	UNKNOWN STEP	2026-09-13T08:41:24.3530246Z     +         ],
E2E core flows (chromium)	UNKNOWN STEP	2026-09-13T08:41:24.3530407Z     +         "failureSummary": "Fix any of the following:
E2E core flows (chromium)	UNKNOWN STEP	2026-09-13T08:41:24.3531331Z     +   Element has insufficient color contrast of 1.21 (foreground color: #ffffff, background color: #f3e4f5, font size: 8.4pt (11.2px), font weight: normal). Expected contrast ratio of 4.5:1",
E2E core flows (chromium)	UNKNOWN STEP	2026-09-13T08:41:24.3531730Z     +         "html": "<span class=\"MuiChip-label MuiChip-labelSmall css-t3ycia-MuiChip-label\">Unique</span>",
E2E core flows (chromium)	UNKNOWN STEP	2026-09-13T08:41:24.3531851Z     +         "impact": "serious",
E2E core flows (chromium)	UNKNOWN STEP	2026-09-13T08:41:24.3531958Z     +         "none": Array [],
E2E core flows (chromium)	UNKNOWN STEP	2026-09-13T08:41:24.3532069Z     +         "target": Array [
E2E core flows (chromium)	UNKNOWN STEP	2026-09-13T08:41:24.3532441Z     +           ".css-1hvxrj1-MuiChip-root > .css-t3ycia-MuiChip-label.MuiChip-label.MuiChip-labelSmall",
E2E core flows (chromium)	UNKNOWN STEP	2026-09-13T08:41:24.3532526Z     +         ],
E2E core flows (chromium)	UNKNOWN STEP	2026-09-13T08:41:24.3532603Z     +       },
E2E core flows (chromium)	UNKNOWN STEP	2026-09-13T08:41:24.3532695Z     +       Object {
E2E core flows (chromium)	UNKNOWN STEP	2026-09-13T08:41:24.3532805Z     +         "all": Array [],
E2E core flows (chromium)	UNKNOWN STEP	2026-09-13T08:41:24.3532891Z     +         "any": Array [
E2E core flows (chromium)	UNKNOWN STEP	2026-09-13T08:41:24.3533098Z     +           Object {
E2E core flows (chromium)	UNKNOWN STEP	2026-09-13T08:41:24.3533214Z     +             "data": Object {
E2E core flows (chromium)	UNKNOWN STEP	2026-09-13T08:41:24.3533334Z     +               "bgColor": "#ffffff",
E2E core flows (chromium)	UNKNOWN STEP	2026-09-13T08:41:24.3533458Z     +               "contrastRatio": 1.2,
E2E core flows (chromium)	UNKNOWN STEP	2026-09-13T08:41:24.3533610Z     +               "expectedContrastRatio": "4.5:1",
E2E core flows (chromium)	UNKNOWN STEP	2026-09-13T08:41:24.3533730Z     +               "fgColor": "#eaeaea",
E2E core flows (chromium)	UNKNOWN STEP	2026-09-13T08:41:24.3533860Z     +               "fontSize": "10.5pt (14px)",
E2E core flows (chromium)	UNKNOWN STEP	2026-09-13T08:41:24.3533989Z     +               "fontWeight": "normal",
E2E core flows (chromium)	UNKNOWN STEP	2026-09-13T08:41:24.3534111Z     +               "messageKey": null,
E2E core flows (chromium)	UNKNOWN STEP	2026-09-13T08:41:24.3534196Z     +             },
E2E core flows (chromium)	UNKNOWN STEP	2026-09-13T08:41:24.3534321Z     +             "id": "color-contrast",
E2E core flows (chromium)	UNKNOWN STEP	2026-09-13T08:41:24.3534442Z     +             "impact": "serious",
E2E core flows (chromium)	UNKNOWN STEP	2026-09-13T08:41:24.3535161Z     +             "message": "Element has insufficient color contrast of 1.2 (foreground color: #eaeaea, background color: #ffffff, font size: 10.5pt (14px), font weight: normal). Expected contrast ratio of 4.5:1",
E2E core flows (chromium)	UNKNOWN STEP	2026-09-13T08:41:24.3535287Z     +             "relatedNodes": Array [
E2E core flows (chromium)	UNKNOWN STEP	2026-09-13T08:41:24.3535382Z     +               Object {
E2E core flows (chromium)	UNKNOWN STEP	2026-09-13T08:41:24.3535982Z     +                 "html": "<div class=\"MuiPaper-root MuiPaper-elevation MuiPaper-rounded MuiPaper-elevation0 MuiCard-root css-3zdfsz-MuiPaper-root-MuiCard-root\">",
E2E core flows (chromium)	UNKNOWN STEP	2026-09-13T08:41:24.3536102Z     +                 "target": Array [
E2E core flows (chromium)	UNKNOWN STEP	2026-09-13T08:41:24.3536286Z     +                   ".css-3zdfsz-MuiPaper-root-MuiCard-root",
E2E core flows (chromium)	UNKNOWN STEP	2026-09-13T08:41:24.3536376Z     +                 ],
E2E core flows (chromium)	UNKNOWN STEP	2026-09-13T08:41:24.3536463Z     +               },
E2E core flows (chromium)	UNKNOWN STEP	2026-09-13T08:41:24.3536548Z     +             ],
E2E core flows (chromium)	UNKNOWN STEP	2026-09-13T08:41:24.3536628Z     +           },
E2E core flows (chromium)	UNKNOWN STEP	2026-09-13T08:41:24.3536712Z     +         ],
E2E core flows (chromium)	UNKNOWN STEP	2026-09-13T08:41:24.3536878Z     +         "failureSummary": "Fix any of the following:
E2E core flows (chromium)	UNKNOWN STEP	2026-09-13T08:41:24.3537529Z     +   Element has insufficient color contrast of 1.2 (foreground color: #eaeaea, background color: #ffffff, font size: 10.5pt (14px), font weight: normal). Expected contrast ratio of 4.5:1",
E2E core flows (chromium)	UNKNOWN STEP	2026-09-13T08:41:24.3538161Z     +         "html": "<p class=\"MuiTypography-root MuiTypography-body2 css-xndft9-MuiTypography-root\">Smart keep/mull advice based on 10,000 simulated opening hands.</p>",
E2E core flows (chromium)	UNKNOWN STEP	2026-09-13T08:41:24.3538284Z     +         "impact": "serious",
E2E core flows (chromium)	UNKNOWN STEP	2026-09-13T08:41:24.3538397Z     +         "none": Array [],
E2E core flows (chromium)	UNKNOWN STEP	2026-09-13T08:41:24.3538503Z     +         "target": Array [
E2E core flows (chromium)	UNKNOWN STEP	2026-09-13T08:41:24.3539139Z     +           ".css-3zdfsz-MuiPaper-root-MuiCard-root > .MuiCardContent-root.css-17pmaar-MuiCardContent-root > .css-xndft9-MuiTypography-root.MuiTypography-body2",
E2E core flows (chromium)	UNKNOWN STEP	2026-09-13T08:41:24.3539268Z     +         ],
E2E core flows (chromium)	UNKNOWN STEP	2026-09-13T08:41:24.3539354Z     +       },
E2E core flows (chromium)	UNKNOWN STEP	2026-09-13T08:41:24.3539438Z     +       Object {
E2E core flows (chromium)	UNKNOWN STEP	2026-09-13T08:41:24.3539549Z     +         "all": Array [],
E2E core flows (chromium)	UNKNOWN STEP	2026-09-13T08:41:24.3539643Z     +         "any": Array [
E2E core flows (chromium)	UNKNOWN STEP	2026-09-13T08:41:24.3539728Z     +           Object {
E2E core flows (chromium)	UNKNOWN STEP	2026-09-13T08:41:24.3539841Z     +             "data": Object {
E2E core flows (chromium)	UNKNOWN STEP	2026-09-13T08:41:24.3539969Z     +               "bgColor": "#f0f8fe",
E2E core flows (chromium)	UNKNOWN STEP	2026-09-13T08:41:24.3540215Z     +               "contrastRatio": 2.89,
E2E core flows (chromium)	UNKNOWN STEP	2026-09-13T08:41:24.3540366Z     +               "expectedContrastRatio": "3:1",
E2E core flows (chromium)	UNKNOWN STEP	2026-09-13T08:41:24.3540486Z     +               "fgColor": "#8d9396",
E2E core flows (chromium)	UNKNOWN STEP	2026-09-13T08:41:24.3540620Z     +               "fontSize": "24.0pt (32px)",
E2E core flows (chromium)	UNKNOWN STEP	2026-09-13T08:41:24.3540738Z     +               "fontWeight": "bold",
E2E core flows (chromium)	UNKNOWN STEP	2026-09-13T08:41:24.3540858Z     +               "messageKey": null,
E2E core flows (chromium)	UNKNOWN STEP	2026-09-13T08:41:24.3540943Z     +             },
E2E core flows (chromium)	UNKNOWN STEP	2026-09-13T08:41:24.3541067Z     +             "id": "color-contrast",
E2E core flows (chromium)	UNKNOWN STEP	2026-09-13T08:41:24.3541347Z     +             "impact": "serious",
E2E core flows (chromium)	UNKNOWN STEP	2026-09-13T08:41:24.3542075Z     +             "message": "Element has insufficient color contrast of 2.89 (foreground color: #8d9396, background color: #f0f8fe, font size: 24.0pt (32px), font weight: bold). Expected contrast ratio of 3:1",
E2E core flows (chromium)	UNKNOWN STEP	2026-09-13T08:41:24.3542202Z     +             "relatedNodes": Array [
E2E core flows (chromium)	UNKNOWN STEP	2026-09-13T08:41:24.3542294Z     +               Object {
E2E core flows (chromium)	UNKNOWN STEP	2026-09-13T08:41:24.3542916Z     +                 "html": "<div class=\"MuiPaper-root MuiPaper-elevation MuiPaper-rounded MuiPaper-elevation0 css-15hddgh-MuiPaper-root\">",
E2E core flows (chromium)	UNKNOWN STEP	2026-09-13T08:41:24.3543039Z     +                 "target": Array [
E2E core flows (chromium)	UNKNOWN STEP	2026-09-13T08:41:24.3543196Z     +                   ".css-15hddgh-MuiPaper-root",
E2E core flows (chromium)	UNKNOWN STEP	2026-09-13T08:41:24.3543280Z     +                 ],
E2E core flows (chromium)	UNKNOWN STEP	2026-09-13T08:41:24.3543367Z     +               },
E2E core flows (chromium)	UNKNOWN STEP	2026-09-13T08:41:24.3543456Z     +             ],
E2E core flows (chromium)	UNKNOWN STEP	2026-09-13T08:41:24.3543539Z     +           },
E2E core flows (chromium)	UNKNOWN STEP	2026-09-13T08:41:24.3543618Z     +         ],
E2E core flows (chromium)	UNKNOWN STEP	2026-09-13T08:41:24.3543784Z     +         "failureSummary": "Fix any of the following:
E2E core flows (chromium)	UNKNOWN STEP	2026-09-13T08:41:24.3544433Z     +   Element has insufficient color contrast of 2.89 (foreground color: #8d9396, background color: #f0f8fe, font size: 24.0pt (32px), font weight: bold). Expected contrast ratio of 3:1",
E2E core flows (chromium)	UNKNOWN STEP	2026-09-13T08:41:24.3545522Z     +         "html": "<h3 class=\"MuiTypography-root MuiTypography-h3 css-1lb38hi-MuiTypography-root\">P(X≥k)</h3>",
E2E core flows (chromium)	UNKNOWN STEP	2026-09-13T08:41:24.3545740Z     +         "impact": "serious",
E2E core flows (chromium)	UNKNOWN STEP	2026-09-13T08:41:24.3545930Z     +         "none": Array [],
E2E core flows (chromium)	UNKNOWN STEP	2026-09-13T08:41:24.3546112Z     +         "target": Array [
E2E core flows (chromium)	UNKNOWN STEP	2026-09-13T08:41:24.3546357Z     +           ".css-1lb38hi-MuiTypography-root",
E2E core flows (chromium)	UNKNOWN STEP	2026-09-13T08:41:24.3546499Z     +         ],
E2E core flows (chromium)	UNKNOWN STEP	2026-09-13T08:41:24.3546635Z     +       },
E2E core flows (chromium)	UNKNOWN STEP	2026-09-13T08:41:24.3546769Z     +       Object {
E2E core flows (chromium)	UNKNOWN STEP	2026-09-13T08:41:24.3546968Z     +         "all": Array [],
E2E core flows (chromium)	UNKNOWN STEP	2026-09-13T08:41:24.3547123Z     +         "any": Array [
E2E core flows (chromium)	UNKNOWN STEP	2026-09-13T08:41:24.3547275Z     +           Object {
E2E core flows (chromium)	UNKNOWN STEP	2026-09-13T08:41:24.3547476Z     +             "data": Object {
E2E core flows (chromium)	UNKNOWN STEP	2026-09-13T08:41:24.3547679Z     +               "bgColor": "#f0f8fe",
E2E core flows (chromium)	UNKNOWN STEP	2026-09-13T08:41:24.3547891Z     +               "contrastRatio": 2.89,
E2E core flows (chromium)	UNKNOWN STEP	2026-09-13T08:41:24.3548146Z     +               "expectedContrastRatio": "4.5:1",
E2E core flows (chromium)	UNKNOWN STEP	2026-09-13T08:41:24.3548374Z     +               "fgColor": "#8d9396",
E2E core flows (chromium)	UNKNOWN STEP	2026-09-13T08:41:24.3548630Z     +               "fontSize": "12.0pt (16px)",
E2E core flows (chromium)	UNKNOWN STEP	2026-09-13T08:41:24.3548783Z     +               "fontWeight": "bold",
E2E core flows (chromium)	UNKNOWN STEP	2026-09-13T08:41:24.3548903Z     +               "messageKey": null,
E2E core flows (chromium)	UNKNOWN STEP	2026-09-13T08:41:24.3549050Z     +             },
E2E core flows (chromium)	UNKNOWN STEP	2026-09-13T08:41:24.3549211Z     +             "id": "color-contrast",
E2E core flows (chromium)	UNKNOWN STEP	2026-09-13T08:41:24.3549333Z     +             "impact": "serious",
E2E core flows (chromium)	UNKNOWN STEP	2026-09-13T08:41:24.3550069Z     +             "message": "Element has insufficient color contrast of 2.89 (foreground color: #8d9396, background color: #f0f8fe, font size: 12.0pt (16px), font weight: bold). Expected contrast ratio of 4.5:1",
E2E core flows (chromium)	UNKNOWN STEP	2026-09-13T08:41:24.3550193Z     +             "relatedNodes": Array [
E2E core flows (chromium)	UNKNOWN STEP	2026-09-13T08:41:24.3550286Z     +               Object {
E2E core flows (chromium)	UNKNOWN STEP	2026-09-13T08:41:24.3550784Z     +                 "html": "<div class=\"MuiPaper-root MuiPaper-elevation MuiPaper-rounded MuiPaper-elevation0 css-15hddgh-MuiPaper-root\">",
E2E core flows (chromium)	UNKNOWN STEP	2026-09-13T08:41:24.3550926Z     +                 "target": Array [
E2E core flows (chromium)	UNKNOWN STEP	2026-09-13T08:41:24.3551088Z     +                   ".css-15hddgh-MuiPaper-root",
E2E core flows (chromium)	UNKNOWN STEP	2026-09-13T08:41:24.3551669Z     +                 ],
E2E core flows (chromium)	UNKNOWN STEP	2026-09-13T08:41:24.3551788Z     +               },
E2E core flows (chromium)	UNKNOWN STEP	2026-09-13T08:41:24.3551879Z     +             ],
E2E core flows (chromium)	UNKNOWN STEP	2026-09-13T08:41:24.3551965Z     +           },
E2E core flows (chromium)	UNKNOWN STEP	2026-09-13T08:41:24.3552046Z     +         ],
E2E core flows (chromium)	UNKNOWN STEP	2026-09-13T08:41:24.3552236Z     +         "failureSummary": "Fix any of the following:
E2E core flows (chromium)	UNKNOWN STEP	2026-09-13T08:41:24.3552917Z     +   Element has insufficient color contrast of 2.89 (foreground color: #8d9396, background color: #f0f8fe, font size: 12.0pt (16px), font weight: bold). Expected contrast ratio of 4.5:1",
E2E core flows (chromium)	UNKNOWN STEP	2026-09-13T08:41:24.3553361Z     +         "html": "<h6 class=\"MuiTypography-root MuiTypography-subtitle1 css-173f58y-MuiTypography-root\">Draw Math</h6>",
E2E core flows (chromium)	UNKNOWN STEP	2026-09-13T08:41:24.3553478Z     +         "impact": "serious",
E2E core flows (chromium)	UNKNOWN STEP	2026-09-13T08:41:24.3553592Z     +         "none": Array [],
E2E core flows (chromium)	UNKNOWN STEP	2026-09-13T08:41:24.3553704Z     +         "target": Array [
E2E core flows (chromium)	UNKNOWN STEP	2026-09-13T08:41:24.3553856Z     +           ".css-173f58y-MuiTypography-root",
E2E core flows (chromium)	UNKNOWN STEP	2026-09-13T08:41:24.3554057Z     +         ],
E2E core flows (chromium)	UNKNOWN STEP	2026-09-13T08:41:24.3554145Z     +       },
E2E core flows (chromium)	UNKNOWN STEP	2026-09-13T08:41:24.3554232Z     +       Object {
E2E core flows (chromium)	UNKNOWN STEP	2026-09-13T08:41:24.3554340Z     +         "all": Array [],
E2E core flows (chromium)	UNKNOWN STEP	2026-09-13T08:41:24.3554433Z     +         "any": Array [
E2E core flows (chromium)	UNKNOWN STEP	2026-09-13T08:41:24.3554525Z     +           Object {
E2E core flows (chromium)	UNKNOWN STEP	2026-09-13T08:41:24.3554640Z     +             "data": Object {
E2E core flows (chromium)	UNKNOWN STEP	2026-09-13T08:41:24.3554758Z     +               "bgColor": "#f0f8fe",
E2E core flows (chromium)	UNKNOWN STEP	2026-09-13T08:41:24.3554884Z     +               "contrastRatio": 2.89,
E2E core flows (chromium)	UNKNOWN STEP	2026-09-13T08:41:24.3555039Z     +               "expectedContrastRatio": "4.5:1",
E2E core flows (chromium)	UNKNOWN STEP	2026-09-13T08:41:24.3555151Z     +               "fgColor": "#8d9396",
E2E core flows (chromium)	UNKNOWN STEP	2026-09-13T08:41:24.3555290Z     +               "fontSize": "10.5pt (14px)",
E2E core flows (chromium)	UNKNOWN STEP	2026-09-13T08:41:24.3555417Z     +               "fontWeight": "normal",
E2E core flows (chromium)	UNKNOWN STEP	2026-09-13T08:41:24.3555539Z     +               "messageKey": null,
E2E core flows (chromium)	UNKNOWN STEP	2026-09-13T08:41:24.3555620Z     +             },
E2E core flows (chromium)	UNKNOWN STEP	2026-09-13T08:41:24.3555747Z     +             "id": "color-contrast",
E2E core flows (chromium)	UNKNOWN STEP	2026-09-13T08:41:24.3555873Z     +             "impact": "serious",
E2E core flows (chromium)	UNKNOWN STEP	2026-09-13T08:41:24.3556608Z     +             "message": "Element has insufficient color contrast of 2.89 (foreground color: #8d9396, background color: #f0f8fe, font size: 10.5pt (14px), font weight: normal). Expected contrast ratio of 4.5:1",
E2E core flows (chromium)	UNKNOWN STEP	2026-09-13T08:41:24.3556732Z     +             "relatedNodes": Array [
E2E core flows (chromium)	UNKNOWN STEP	2026-09-13T08:41:24.3556826Z     +               Object {
E2E core flows (chromium)	UNKNOWN STEP	2026-09-13T08:41:24.3557312Z     +                 "html": "<div class=\"MuiPaper-root MuiPaper-elevation MuiPaper-rounded MuiPaper-elevation0 css-15hddgh-MuiPaper-root\">",
E2E core flows (chromium)	UNKNOWN STEP	2026-09-13T08:41:24.3557428Z     +                 "target": Array [
E2E core flows (chromium)	UNKNOWN STEP	2026-09-13T08:41:24.3557586Z     +                   ".css-15hddgh-MuiPaper-root",
E2E core flows (chromium)	UNKNOWN STEP	2026-09-13T08:41:24.3557676Z     +                 ],
E2E core flows (chromium)	UNKNOWN STEP	2026-09-13T08:41:24.3557764Z     +               },
E2E core flows (chromium)	UNKNOWN STEP	2026-09-13T08:41:24.3557845Z     +             ],
E2E core flows (chromium)	UNKNOWN STEP	2026-09-13T08:41:24.3557930Z     +           },
E2E core flows (chromium)	UNKNOWN STEP	2026-09-13T08:41:24.3558017Z     +         ],
E2E core flows (chromium)	UNKNOWN STEP	2026-09-13T08:41:24.3558188Z     +         "failureSummary": "Fix any of the following:
E2E core flows (chromium)	UNKNOWN STEP	2026-09-13T08:41:24.3558850Z     +   Element has insufficient color contrast of 2.89 (foreground color: #8d9396, background color: #f0f8fe, font size: 10.5pt (14px), font weight: normal). Expected contrast ratio of 4.5:1",
E2E core flows (chromium)	UNKNOWN STEP	2026-09-13T08:41:24.3559497Z     +         "html": "<p class=\"MuiTypography-root MuiTypography-body2 css-hcua82-MuiTypography-root\">Chance of drawing the required number of sources under the draw model</p>",
E2E core flows (chromium)	UNKNOWN STEP	2026-09-13T08:41:24.3559616Z     +         "impact": "serious",
E2E core flows (chromium)	UNKNOWN STEP	2026-09-13T08:41:24.3559724Z     +         "none": Array [],
E2E core flows (chromium)	UNKNOWN STEP	2026-09-13T08:41:24.3559834Z     +         "target": Array [
E2E core flows (chromium)	UNKNOWN STEP	2026-09-13T08:41:24.3560171Z     +           ".css-15hddgh-MuiPaper-root > .css-hcua82-MuiTypography-root.MuiTypography-body2",
E2E core flows (chromium)	UNKNOWN STEP	2026-09-13T08:41:24.3560256Z     +         ],
E2E core flows (chromium)	UNKNOWN STEP	2026-09-13T08:41:24.3560333Z     +       },
E2E core flows (chromium)	UNKNOWN STEP	2026-09-13T08:41:24.3560420Z     +       Object {
E2E core flows (chromium)	UNKNOWN STEP	2026-09-13T08:41:24.3560530Z     +         "all": Array [],
E2E core flows (chromium)	UNKNOWN STEP	2026-09-13T08:41:24.3560622Z     +         "any": Array [
E2E core flows (chromium)	UNKNOWN STEP	2026-09-13T08:41:24.3560837Z     +           Object {
E2E core flows (chromium)	UNKNOWN STEP	2026-09-13T08:41:24.3560956Z     +             "data": Object {
E2E core flows (chromium)	UNKNOWN STEP	2026-09-13T08:41:24.3561080Z     +               "bgColor": "#f8fcfe",
E2E core flows (chromium)	UNKNOWN STEP	2026-09-13T08:41:24.3561489Z     +               "contrastRatio": 3.01,
E2E core flows (chromium)	UNKNOWN STEP	2026-09-13T08:41:24.3561817Z     +               "expectedContrastRatio": "4.5:1",
E2E core flows (chromium)	UNKNOWN STEP	2026-09-13T08:41:24.3561949Z     +               "fgColor": "#8d9396",
E2E core flows (chromium)	UNKNOWN STEP	2026-09-13T08:41:24.3562085Z     +               "fontSize": "9.0pt (12px)",
E2E core flows (chromium)	UNKNOWN STEP	2026-09-13T08:41:24.3562214Z     +               "fontWeight": "normal",
E2E core flows (chromium)	UNKNOWN STEP	2026-09-13T08:41:24.3562335Z     +               "messageKey": null,
E2E core flows (chromium)	UNKNOWN STEP	2026-09-13T08:41:24.3562421Z     +             },
E2E core flows (chromium)	UNKNOWN STEP	2026-09-13T08:41:24.3562542Z     +             "id": "color-contrast",
E2E core flows (chromium)	UNKNOWN STEP	2026-09-13T08:41:24.3562664Z     +             "impact": "serious",
E2E core flows (chromium)	UNKNOWN STEP	2026-09-13T08:41:24.3563391Z     +             "message": "Element has insufficient color contrast of 3.01 (foreground color: #8d9396, background color: #f8fcfe, font size: 9.0pt (12px), font weight: normal). Expected contrast ratio of 4.5:1",
E2E core flows (chromium)	UNKNOWN STEP	2026-09-13T08:41:24.3563671Z     +             "relatedNodes": Array [
E2E core flows (chromium)	UNKNOWN STEP	2026-09-13T08:41:24.3563760Z     +               Object {
E2E core flows (chromium)	UNKNOWN STEP	2026-09-13T08:41:24.3564911Z     +                 "html": "<span class=\"MuiTypography-root MuiTypography-caption css-zxry2f-MuiTypography-root\">Hypergeometric distribution — exact draws under sampling without replacement; casting adds model assumptions</span>",
E2E core flows (chromium)	UNKNOWN STEP	2026-09-13T08:41:24.3565036Z     +                 "target": Array [
E2E core flows (chromium)	UNKNOWN STEP	2026-09-13T08:41:24.3565412Z     +                   ".css-15hddgh-MuiPaper-root > .css-zxry2f-MuiTypography-root.MuiTypography-caption",
E2E core flows (chromium)	UNKNOWN STEP	2026-09-13T08:41:24.3565499Z     +                 ],
E2E core flows (chromium)	UNKNOWN STEP	2026-09-13T08:41:24.3565587Z     +               },
E2E core flows (chromium)	UNKNOWN STEP	2026-09-13T08:41:24.3565678Z     +               Object {
E2E core flows (chromium)	UNKNOWN STEP	2026-09-13T08:41:24.3566164Z     +                 "html": "<div class=\"MuiPaper-root MuiPaper-elevation MuiPaper-rounded MuiPaper-elevation0 css-15hddgh-MuiPaper-root\">",
E2E core flows (chromium)	UNKNOWN STEP	2026-09-13T08:41:24.3566298Z     +                 "target": Array [
E2E core flows (chromium)	UNKNOWN STEP	2026-09-13T08:41:24.3566468Z     +                   ".css-15hddgh-MuiPaper-root",
E2E core flows (chromium)	UNKNOWN STEP	2026-09-13T08:41:24.3566552Z     +                 ],
E2E core flows (chromium)	UNKNOWN STEP	2026-09-13T08:41:24.3566639Z     +               },
E2E core flows (chromium)	UNKNOWN STEP	2026-09-13T08:41:24.3566723Z     +             ],
E2E core flows (chromium)	UNKNOWN STEP	2026-09-13T08:41:24.3566813Z     +           },
E2E core flows (chromium)	UNKNOWN STEP	2026-09-13T08:41:24.3566892Z     +         ],
E2E core flows (chromium)	UNKNOWN STEP	2026-09-13T08:41:24.3567066Z     +         "failureSummary": "Fix any of the following:
E2E core flows (chromium)	UNKNOWN STEP	2026-09-13T08:41:24.3567728Z     +   Element has insufficient color contrast of 3.01 (foreground color: #8d9396, background color: #f8fcfe, font size: 9.0pt (12px), font weight: normal). Expected contrast ratio of 4.5:1",
E2E core flows (chromium)	UNKNOWN STEP	2026-09-13T08:41:24.3568730Z     +         "html": "<span class=\"MuiTypography-root MuiTypography-caption css-zxry2f-MuiTypography-root\">Hypergeometric distribution — exact draws under sampling without replacement; casting adds model assumptions</span>",
E2E core flows (chromium)	UNKNOWN STEP	2026-09-13T08:41:24.3568846Z     +         "impact": "serious",
E2E core flows (chromium)	UNKNOWN STEP	2026-09-13T08:41:24.3568966Z     +         "none": Array [],
E2E core flows (chromium)	UNKNOWN STEP	2026-09-13T08:41:24.3569076Z     +         "target": Array [
E2E core flows (chromium)	UNKNOWN STEP	2026-09-13T08:41:24.3569422Z     +           ".css-15hddgh-MuiPaper-root > .css-zxry2f-MuiTypography-root.MuiTypography-caption",
E2E core flows (chromium)	UNKNOWN STEP	2026-09-13T08:41:24.3569503Z     +         ],
E2E core flows (chromium)	UNKNOWN STEP	2026-09-13T08:41:24.3569585Z     +       },
E2E core flows (chromium)	UNKNOWN STEP	2026-09-13T08:41:24.3569672Z     +       Object {
E2E core flows (chromium)	UNKNOWN STEP	2026-09-13T08:41:24.3569778Z     +         "all": Array [],
E2E core flows (chromium)	UNKNOWN STEP	2026-09-13T08:41:24.3569870Z     +         "any": Array [
E2E core flows (chromium)	UNKNOWN STEP	2026-09-13T08:41:24.3569959Z     +           Object {
E2E core flows (chromium)	UNKNOWN STEP	2026-09-13T08:41:24.3570069Z     +             "data": Object {
E2E core flows (chromium)	UNKNOWN STEP	2026-09-13T08:41:24.3570191Z     +               "bgColor": "#fbfdfb",
E2E core flows (chromium)	UNKNOWN STEP	2026-09-13T08:41:24.3570316Z     +               "contrastRatio": 1.38,
E2E core flows (chromium)	UNKNOWN STEP	2026-09-13T08:41:24.3570470Z     +               "expectedContrastRatio": "3:1",
E2E core flows (chromium)	UNKNOWN STEP	2026-09-13T08:41:24.3570589Z     +               "fgColor": "#d7d9da",
E2E core flows (chromium)	UNKNOWN STEP	2026-09-13T08:41:24.3570727Z     +               "fontSize": "24.0pt (32px)",
E2E core flows (chromium)	UNKNOWN STEP	2026-09-13T08:41:24.3570984Z     +               "fontWeight": "bold",
E2E core flows (chromium)	UNKNOWN STEP	2026-09-13T08:41:24.3571104Z     +               "messageKey": null,
E2E core flows (chromium)	UNKNOWN STEP	2026-09-13T08:41:24.3571363Z     +             },
E2E core flows (chromium)	UNKNOWN STEP	2026-09-13T08:41:24.3571503Z     +             "id": "color-contrast",
E2E core flows (chromium)	UNKNOWN STEP	2026-09-13T08:41:24.3571628Z     +             "impact": "serious",
E2E core flows (chromium)	UNKNOWN STEP	2026-09-13T08:41:24.3572353Z     +             "message": "Element has insufficient color contrast of 1.38 (foreground color: #d7d9da, background color: #fbfdfb, font size: 24.0pt (32px), font weight: bold). Expected contrast ratio of 3:1",
E2E core flows (chromium)	UNKNOWN STEP	2026-09-13T08:41:24.3572482Z     +             "relatedNodes": Array [
E2E core flows (chromium)	UNKNOWN STEP	2026-09-13T08:41:24.3572574Z     +               Object {
E2E core flows (chromium)	UNKNOWN STEP	2026-09-13T08:41:24.3573072Z     +                 "html": "<div class=\"MuiPaper-root MuiPaper-elevation MuiPaper-rounded MuiPaper-elevation0 css-xagmc9-MuiPaper-root\">",
E2E core flows (chromium)	UNKNOWN STEP	2026-09-13T08:41:24.3573184Z     +                 "target": Array [
E2E core flows (chromium)	UNKNOWN STEP	2026-09-13T08:41:24.3573336Z     +                   ".css-xagmc9-MuiPaper-root",
E2E core flows (chromium)	UNKNOWN STEP	2026-09-13T08:41:24.3573550Z     +                 ],
E2E core flows (chromium)	UNKNOWN STEP	2026-09-13T08:41:24.3573636Z     +               },
E2E core flows (chromium)	UNKNOWN STEP	2026-09-13T08:41:24.3573722Z     +             ],
E2E core flows (chromium)	UNKNOWN STEP	2026-09-13T08:41:24.3573806Z     +           },
E2E core flows (chromium)	UNKNOWN STEP	2026-09-13T08:41:24.3573888Z     +         ],
E2E core flows (chromium)	UNKNOWN STEP	2026-09-13T08:41:24.3574051Z     +         "failureSummary": "Fix any of the following:
E2E core flows (chromium)	UNKNOWN STEP	2026-09-13T08:41:24.3574698Z     +   Element has insufficient color contrast of 1.38 (foreground color: #d7d9da, background color: #fbfdfb, font size: 24.0pt (32px), font weight: bold). Expected contrast ratio of 3:1",
E2E core flows (chromium)	UNKNOWN STEP	2026-09-13T08:41:24.3575080Z     +         "html": "<h3 class=\"MuiTypography-root MuiTypography-h3 css-1splc78-MuiTypography-root\">90%</h3>",
E2E core flows (chromium)	UNKNOWN STEP	2026-09-13T08:41:24.3575199Z     +         "impact": "serious",
E2E core flows (chromium)	UNKNOWN STEP	2026-09-13T08:41:24.3575306Z     +         "none": Array [],
E2E core flows (chromium)	UNKNOWN STEP	2026-09-13T08:41:24.3575416Z     +         "target": Array [
E2E core flows (chromium)	UNKNOWN STEP	2026-09-13T08:41:24.3575571Z     +           ".css-1splc78-MuiTypography-root",
E2E core flows (chromium)	UNKNOWN STEP	2026-09-13T08:41:24.3575650Z     +         ],
E2E core flows (chromium)	UNKNOWN STEP	2026-09-13T08:41:24.3575741Z     +       },
E2E core flows (chromium)	UNKNOWN STEP	2026-09-13T08:41:24.3575832Z     +       Object {
E2E core flows (chromium)	UNKNOWN STEP	2026-09-13T08:41:24.3575944Z     +         "all": Array [],
E2E core flows (chromium)	UNKNOWN STEP	2026-09-13T08:41:24.3576031Z     +         "any": Array [
E2E core flows (chromium)	UNKNOWN STEP	2026-09-13T08:41:24.3576119Z     +           Object {
E2E core flows (chromium)	UNKNOWN STEP	2026-09-13T08:41:24.3576231Z     +             "data": Object {
E2E core flows (chromium)	UNKNOWN STEP	2026-09-13T08:41:24.3576348Z     +               "bgColor": "#fbfdfb",
E2E core flows (chromium)	UNKNOWN STEP	2026-09-13T08:41:24.3576477Z     +               "contrastRatio": 1.38,
E2E core flows (chromium)	UNKNOWN STEP	2026-09-13T08:41:24.3576631Z     +               "expectedContrastRatio": "4.5:1",
E2E core flows (chromium)	UNKNOWN STEP	2026-09-13T08:41:24.3576751Z     +               "fgColor": "#d7d9da",
E2E core flows (chromium)	UNKNOWN STEP	2026-09-13T08:41:24.3576879Z     +               "fontSize": "12.0pt (16px)",
E2E core flows (chromium)	UNKNOWN STEP	2026-09-13T08:41:24.3577002Z     +               "fontWeight": "bold",
E2E core flows (chromium)	UNKNOWN STEP	2026-09-13T08:41:24.3577123Z     +               "messageKey": null,
E2E core flows (chromium)	UNKNOWN STEP	2026-09-13T08:41:24.3577205Z     +             },
E2E core flows (chromium)	UNKNOWN STEP	2026-09-13T08:41:24.3577332Z     +             "id": "color-contrast",
E2E core flows (chromium)	UNKNOWN STEP	2026-09-13T08:41:24.3577457Z     +             "impact": "serious",
E2E core flows (chromium)	UNKNOWN STEP	2026-09-13T08:41:24.3578179Z     +             "message": "Element has insufficient color contrast of 1.38 (foreground color: #d7d9da, background color: #fbfdfb, font size: 12.0pt (16px), font weight: bold). Expected contrast ratio of 4.5:1",
E2E core flows (chromium)	UNKNOWN STEP	2026-09-13T08:41:24.3578297Z     +             "relatedNodes": Array [
E2E core flows (chromium)	UNKNOWN STEP	2026-09-13T08:41:24.3578388Z     +               Object {
E2E core flows (chromium)	UNKNOWN STEP	2026-09-13T08:41:24.3578874Z     +                 "html": "<div class=\"MuiPaper-root MuiPaper-elevation MuiPaper-rounded MuiPaper-elevation0 css-xagmc9-MuiPaper-root\">",
E2E core flows (chromium)	UNKNOWN STEP	2026-09-13T08:41:24.3578992Z     +                 "target": Array [
E2E core flows (chromium)	UNKNOWN STEP	2026-09-13T08:41:24.3579138Z     +                   ".css-xagmc9-MuiPaper-root",
E2E core flows (chromium)	UNKNOWN STEP	2026-09-13T08:41:24.3579228Z     +                 ],
E2E core flows (chromium)	UNKNOWN STEP	2026-09-13T08:41:24.3579315Z     +               },
E2E core flows (chromium)	UNKNOWN STEP	2026-09-13T08:41:24.3579395Z     +             ],
E2E core flows (chromium)	UNKNOWN STEP	2026-09-13T08:41:24.3579481Z     +           },
E2E core flows (chromium)	UNKNOWN STEP	2026-09-13T08:41:24.3579565Z     +         ],
E2E core flows (chromium)	UNKNOWN STEP	2026-09-13T08:41:24.3579726Z     +         "failureSummary": "Fix any of the following:
E2E core flows (chromium)	UNKNOWN STEP	2026-09-13T08:41:24.3580511Z     +   Element has insufficient color contrast of 1.38 (foreground color: #d7d9da, background color: #fbfdfb, font size: 12.0pt (16px), font weight: bold). Expected contrast ratio of 4.5:1",
E2E core flows (chromium)	UNKNOWN STEP	2026-09-13T08:41:24.3580991Z     +         "html": "<h6 class=\"MuiTypography-root MuiTypography-subtitle1 css-qup1qs-MuiTypography-root\">Karsten Standards</h6>",
E2E core flows (chromium)	UNKNOWN STEP	2026-09-13T08:41:24.3581114Z     +         "impact": "serious",
E2E core flows (chromium)	UNKNOWN STEP	2026-09-13T08:41:24.3581370Z     +         "none": Array [],
E2E core flows (chromium)	UNKNOWN STEP	2026-09-13T08:41:24.3581480Z     +         "target": Array [
E2E core flows (chromium)	UNKNOWN STEP	2026-09-13T08:41:24.3581637Z     +           ".css-qup1qs-MuiTypography-root",
E2E core flows (chromium)	UNKNOWN STEP	2026-09-13T08:41:24.3581723Z     +         ],
E2E core flows (chromium)	UNKNOWN STEP	2026-09-13T08:41:24.3581800Z     +       },
E2E core flows (chromium)	UNKNOWN STEP	2026-09-13T08:41:24.3581888Z     +       Object {
E2E core flows (chromium)	UNKNOWN STEP	2026-09-13T08:41:24.3582002Z     +         "all": Array [],
E2E core flows (chromium)	UNKNOWN STEP	2026-09-13T08:41:24.3582088Z     +         "any": Array [
E2E core flows (chromium)	UNKNOWN STEP	2026-09-13T08:41:24.3582179Z     +           Object {
E2E core flows (chromium)	UNKNOWN STEP	2026-09-13T08:41:24.3582294Z     +             "data": Object {
E2E core flows (chromium)	UNKNOWN STEP	2026-09-13T08:41:24.3582549Z     +               "bgColor": "#fbfdfb",
E2E core flows (chromium)	UNKNOWN STEP	2026-09-13T08:41:24.3582671Z     +               "contrastRatio": 1.38,
E2E core flows (chromium)	UNKNOWN STEP	2026-09-13T08:41:24.3582825Z     +               "expectedContrastRatio": "4.5:1",
E2E core flows (chromium)	UNKNOWN STEP	2026-09-13T08:41:24.3582944Z     +               "fgColor": "#d7d9da",
E2E core flows (chromium)	UNKNOWN STEP	2026-09-13T08:41:24.3583074Z     +               "fontSize": "10.5pt (14px)",
E2E core flows (chromium)	UNKNOWN STEP	2026-09-13T08:41:24.3583203Z     +               "fontWeight": "normal",
E2E core flows (chromium)	UNKNOWN STEP	2026-09-13T08:41:24.3583324Z     +               "messageKey": null,
E2E core flows (chromium)	UNKNOWN STEP	2026-09-13T08:41:24.3583411Z     +             },
E2E core flows (chromium)	UNKNOWN STEP	2026-09-13T08:41:24.3583530Z     +             "id": "color-contrast",
E2E core flows (chromium)	UNKNOWN STEP	2026-09-13T08:41:24.3583654Z     +             "impact": "serious",
E2E core flows (chromium)	UNKNOWN STEP	2026-09-13T08:41:24.3584385Z     +             "message": "Element has insufficient color contrast of 1.38 (foreground color: #d7d9da, background color: #fbfdfb, font size: 10.5pt (14px), font weight: normal). Expected contrast ratio of 4.5:1",
E2E core flows (chromium)	UNKNOWN STEP	2026-09-13T08:41:24.3584512Z     +             "relatedNodes": Array [
E2E core flows (chromium)	UNKNOWN STEP	2026-09-13T08:41:24.3584604Z     +               Object {
E2E core flows (chromium)	UNKNOWN STEP	2026-09-13T08:41:24.3585093Z     +                 "html": "<div class=\"MuiPaper-root MuiPaper-elevation MuiPaper-rounded MuiPaper-elevation0 css-xagmc9-MuiPaper-root\">",
E2E core flows (chromium)	UNKNOWN STEP	2026-09-13T08:41:24.3585213Z     +                 "target": Array [
E2E core flows (chromium)	UNKNOWN STEP	2026-09-13T08:41:24.3585369Z     +                   ".css-xagmc9-MuiPaper-root",
E2E core flows (chromium)	UNKNOWN STEP	2026-09-13T08:41:24.3585484Z     +                 ],
E2E core flows (chromium)	UNKNOWN STEP	2026-09-13T08:41:24.3585569Z     +               },
E2E core flows (chromium)	UNKNOWN STEP	2026-09-13T08:41:24.3585654Z     +             ],
E2E core flows (chromium)	UNKNOWN STEP	2026-09-13T08:41:24.3585736Z     +           },
E2E core flows (chromium)	UNKNOWN STEP	2026-09-13T08:41:24.3585827Z     +         ],
E2E core flows (chromium)	UNKNOWN STEP	2026-09-13T08:41:24.3586005Z     +         "failureSummary": "Fix any of the following:
E2E core flows (chromium)	UNKNOWN STEP	2026-09-13T08:41:24.3586669Z     +   Element has insufficient color contrast of 1.38 (foreground color: #d7d9da, background color: #fbfdfb, font size: 10.5pt (14px), font weight: normal). Expected contrast ratio of 4.5:1",
E2E core flows (chromium)	UNKNOWN STEP	2026-09-13T08:41:24.3587222Z     +         "html": "<p class=\"MuiTypography-root MuiTypography-body2 css-hcua82-MuiTypography-root\">How many sources you actually need per color</p>",
E2E core flows (chromium)	UNKNOWN STEP	2026-09-13T08:41:24.3587347Z     +         "impact": "serious",
E2E core flows (chromium)	UNKNOWN STEP	2026-09-13T08:41:24.3587460Z     +         "none": Array [],
E2E core flows (chromium)	UNKNOWN STEP	2026-09-13T08:41:24.3587567Z     +         "target": Array [
E2E core flows (chromium)	UNKNOWN STEP	2026-09-13T08:41:24.3587898Z     +           ".css-xagmc9-MuiPaper-root > .css-hcua82-MuiTypography-root.MuiTypography-body2",
E2E core flows (chromium)	UNKNOWN STEP	2026-09-13T08:41:24.3587985Z     +         ],
E2E core flows (chromium)	UNKNOWN STEP	2026-09-13T08:41:24.3588069Z     +       },
E2E core flows (chromium)	UNKNOWN STEP	2026-09-13T08:41:24.3588151Z     +       Object {
E2E core flows (chromium)	UNKNOWN STEP	2026-09-13T08:41:24.3588266Z     +         "all": Array [],
E2E core flows (chromium)	UNKNOWN STEP	2026-09-13T08:41:24.3588359Z     +         "any": Array [
E2E core flows (chromium)	UNKNOWN STEP	2026-09-13T08:41:24.3588443Z     +           Object {
E2E core flows (chromium)	UNKNOWN STEP	2026-09-13T08:41:24.3588561Z     +             "data": Object {
E2E core flows (chromium)	UNKNOWN STEP	2026-09-13T08:41:24.3588686Z     +               "bgColor": "#fdfefd",
E2E core flows (chromium)	UNKNOWN STEP	2026-09-13T08:41:24.3588810Z     +               "contrastRatio": 1.4,
E2E core flows (chromium)	UNKNOWN STEP	2026-09-13T08:41:24.3588960Z     +               "expectedContrastRatio": "4.5:1",
E2E core flows (chromium)	UNKNOWN STEP	2026-09-13T08:41:24.3589197Z     +               "fgColor": "#d7d9da",
E2E core flows (chromium)	UNKNOWN STEP	2026-09-13T08:41:24.3589336Z     +               "fontSize": "9.0pt (12px)",
E2E core flows (chromium)	UNKNOWN STEP	2026-09-13T08:41:24.3589459Z     +               "fontWeight": "normal",
E2E core flows (chromium)	UNKNOWN STEP	2026-09-13T08:41:24.3589581Z     +               "messageKey": null,
E2E core flows (chromium)	UNKNOWN STEP	2026-09-13T08:41:24.3589665Z     +             },
E2E core flows (chromium)	UNKNOWN STEP	2026-09-13T08:41:24.3589787Z     +             "id": "color-contrast",
E2E core flows (chromium)	UNKNOWN STEP	2026-09-13T08:41:24.3589904Z     +             "impact": "serious",
E2E core flows (chromium)	UNKNOWN STEP	2026-09-13T08:41:24.3590621Z     +             "message": "Element has insufficient color contrast of 1.4 (foreground color: #d7d9da, background color: #fdfefd, font size: 9.0pt (12px), font weight: normal). Expected contrast ratio of 4.5:1",
E2E core flows (chromium)	UNKNOWN STEP	2026-09-13T08:41:24.3590745Z     +             "relatedNodes": Array [
E2E core flows (chromium)	UNKNOWN STEP	2026-09-13T08:41:24.3590837Z     +               Object {
E2E core flows (chromium)	UNKNOWN STEP	2026-09-13T08:41:24.3591865Z     +                 "html": "<span class=\"MuiTypography-root MuiTypography-caption css-zxry2f-MuiTypography-root\">Pro-level targets: 14 sources for 1 pip T1, 20 for 2 pips T2, 23 for 3 pips T3</span>",
E2E core flows (chromium)	UNKNOWN STEP	2026-09-13T08:41:24.3592224Z     +                 "target": Array [
E2E core flows (chromium)	UNKNOWN STEP	2026-09-13T08:41:24.3592598Z     +                   ".css-xagmc9-MuiPaper-root > .css-zxry2f-MuiTypography-root.MuiTypography-caption",
E2E core flows (chromium)	UNKNOWN STEP	2026-09-13T08:41:24.3592690Z     +                 ],
E2E core flows (chromium)	UNKNOWN STEP	2026-09-13T08:41:24.3592774Z     +               },
E2E core flows (chromium)	UNKNOWN STEP	2026-09-13T08:41:24.3592870Z     +               Object {
E2E core flows (chromium)	UNKNOWN STEP	2026-09-13T08:41:24.3593358Z     +                 "html": "<div class=\"MuiPaper-root MuiPaper-elevation MuiPaper-rounded MuiPaper-elevation0 css-xagmc9-MuiPaper-root\">",
E2E core flows (chromium)	UNKNOWN STEP	2026-09-13T08:41:24.3593474Z     +                 "target": Array [
E2E core flows (chromium)	UNKNOWN STEP	2026-09-13T08:41:24.3593631Z     +                   ".css-xagmc9-MuiPaper-root",
E2E core flows (chromium)	UNKNOWN STEP	2026-09-13T08:41:24.3593720Z     +                 ],
E2E core flows (chromium)	UNKNOWN STEP	2026-09-13T08:41:24.3593806Z     +               },
E2E core flows (chromium)	UNKNOWN STEP	2026-09-13T08:41:24.3593886Z     +             ],
E2E core flows (chromium)	UNKNOWN STEP	2026-09-13T08:41:24.3593972Z     +           },
E2E core flows (chromium)	UNKNOWN STEP	2026-09-13T08:41:24.3594056Z     +         ],
E2E core flows (chromium)	UNKNOWN STEP	2026-09-13T08:41:24.3594224Z     +         "failureSummary": "Fix any of the following:
E2E core flows (chromium)	UNKNOWN STEP	2026-09-13T08:41:24.3594894Z     +   Element has insufficient color contrast of 1.4 (foreground color: #d7d9da, background color: #fdfefd, font size: 9.0pt (12px), font weight: normal). Expected contrast ratio of 4.5:1",
E2E core flows (chromium)	UNKNOWN STEP	2026-09-13T08:41:24.3595599Z     +         "html": "<span class=\"MuiTypography-root MuiTypography-caption css-zxry2f-MuiTypography-root\">Pro-level targets: 14 sources for 1 pip T1, 20 for 2 pips T2, 23 for 3 pips T3</span>",
E2E core flows (chromium)	UNKNOWN STEP	2026-09-13T08:41:24.3595720Z     +         "impact": "serious",
E2E core flows (chromium)	UNKNOWN STEP	2026-09-13T08:41:24.3595828Z     +         "none": Array [],
E2E core flows (chromium)	UNKNOWN STEP	2026-09-13T08:41:24.3595940Z     +         "target": Array [
E2E core flows (chromium)	UNKNOWN STEP	2026-09-13T08:41:24.3596283Z     +           ".css-xagmc9-MuiPaper-root > .css-zxry2f-MuiTypography-root.MuiTypography-caption",
E2E core flows (chromium)	UNKNOWN STEP	2026-09-13T08:41:24.3596369Z     +         ],
E2E core flows (chromium)	UNKNOWN STEP	2026-09-13T08:41:24.3596447Z     +       },
E2E core flows (chromium)	UNKNOWN STEP	2026-09-13T08:41:24.3596535Z     +       Object {
E2E core flows (chromium)	UNKNOWN STEP	2026-09-13T08:41:24.3596644Z     +         "all": Array [],
E2E core flows (chromium)	UNKNOWN STEP	2026-09-13T08:41:24.3596738Z     +         "any": Array [
E2E core flows (chromium)	UNKNOWN STEP	2026-09-13T08:41:24.3596831Z     +           Object {
E2E core flows (chromium)	UNKNOWN STEP	2026-09-13T08:41:24.3596945Z     +             "data": Object {
E2E core flows (chromium)	UNKNOWN STEP	2026-09-13T08:41:24.3597069Z     +               "bgColor": "#fffeff",
E2E core flows (chromium)	UNKNOWN STEP	2026-09-13T08:41:24.3597191Z     +               "contrastRatio": 1.03,
E2E core flows (chromium)	UNKNOWN STEP	2026-09-13T08:41:24.3597344Z     +               "expectedContrastRatio": "3:1",
E2E core flows (chromium)	UNKNOWN STEP	2026-09-13T08:41:24.3597464Z     +               "fgColor": "#fafafa",
E2E core flows (chromium)	UNKNOWN STEP	2026-09-13T08:41:24.3597595Z     +               "fontSize": "24.0pt (32px)",
E2E core flows (chromium)	UNKNOWN STEP	2026-09-13T08:41:24.3597717Z     +               "fontWeight": "bold",
E2E core flows (chromium)	UNKNOWN STEP	2026-09-13T08:41:24.3597838Z     +               "messageKey": null,
E2E core flows (chromium)	UNKNOWN STEP	2026-09-13T08:41:24.3597924Z     +             },
E2E core flows (chromium)	UNKNOWN STEP	2026-09-13T08:41:24.3598043Z     +             "id": "color-contrast",
E2E core flows (chromium)	UNKNOWN STEP	2026-09-13T08:41:24.3598163Z     +             "impact": "serious",
E2E core flows (chromium)	UNKNOWN STEP	2026-09-13T08:41:24.3598989Z     +             "message": "Element has insufficient color contrast of 1.03 (foreground color: #fafafa, background color: #fffeff, font size: 24.0pt (32px), font weight: bold). Expected contrast ratio of 3:1",
E2E core flows (chromium)	UNKNOWN STEP	2026-09-13T08:41:24.3599123Z     +             "relatedNodes": Array [
E2E core flows (chromium)	UNKNOWN STEP	2026-09-13T08:41:24.3599210Z     +               Object {
E2E core flows (chromium)	UNKNOWN STEP	2026-09-13T08:41:24.3599693Z     +                 "html": "<div class=\"MuiPaper-root MuiPaper-elevation MuiPaper-rounded MuiPaper-elevation0 css-1yk7vib-MuiPaper-root\">",
E2E core flows (chromium)	UNKNOWN STEP	2026-09-13T08:41:24.3599811Z     +                 "target": Array [
E2E core flows (chromium)	UNKNOWN STEP	2026-09-13T08:41:24.3599962Z     +                   ".css-1yk7vib-MuiPaper-root",
E2E core flows (chromium)	UNKNOWN STEP	2026-09-13T08:41:24.3600052Z     +                 ],
E2E core flows (chromium)	UNKNOWN STEP	2026-09-13T08:41:24.3600139Z     +               },
E2E core flows (chromium)	UNKNOWN STEP	2026-09-13T08:41:24.3600225Z     +             ],
E2E core flows (chromium)	UNKNOWN STEP	2026-09-13T08:41:24.3600305Z     +           },
E2E core flows (chromium)	UNKNOWN STEP	2026-09-13T08:41:24.3600387Z     +         ],
E2E core flows (chromium)	UNKNOWN STEP	2026-09-13T08:41:24.3600552Z     +         "failureSummary": "Fix any of the following:
E2E core flows (chromium)	UNKNOWN STEP	2026-09-13T08:41:24.3601466Z     +   Element has insufficient color contrast of 1.03 (foreground color: #fafafa, background color: #fffeff, font size: 24.0pt (32px), font weight: bold). Expected contrast ratio of 3:1",
E2E core flows (chromium)	UNKNOWN STEP	2026-09-13T08:41:24.3602168Z     +         "html": "<h3 class=\"MuiTypography-root MuiTypography-h3 css-6xq871-MuiTypography-root\">n=10k</h3>",
E2E core flows (chromium)	UNKNOWN STEP	2026-09-13T08:41:24.3602298Z     +         "impact": "serious",
E2E core flows (chromium)	UNKNOWN STEP	2026-09-13T08:41:24.3602413Z     +         "none": Array [],
E2E core flows (chromium)	UNKNOWN STEP	2026-09-13T08:41:24.3602519Z     +         "target": Array [
E2E core flows (chromium)	UNKNOWN STEP	2026-09-13T08:41:24.3602677Z     +           ".css-6xq871-MuiTypography-root",
E2E core flows (chromium)	UNKNOWN STEP	2026-09-13T08:41:24.3602762Z     +         ],
E2E core flows (chromium)	UNKNOWN STEP	2026-09-13T08:41:24.3602845Z     +       },
E2E core flows (chromium)	UNKNOWN STEP	2026-09-13T08:41:24.3602928Z     +       Object {
E2E core flows (chromium)	UNKNOWN STEP	2026-09-13T08:41:24.3603040Z     +         "all": Array [],
E2E core flows (chromium)	UNKNOWN STEP	2026-09-13T08:41:24.3603132Z     +         "any": Array [
E2E core flows (chromium)	UNKNOWN STEP	2026-09-13T08:41:24.3603219Z     +           Object {
E2E core flows (chromium)	UNKNOWN STEP	2026-09-13T08:41:24.3603335Z     +             "data": Object {
E2E core flows (chromium)	UNKNOWN STEP	2026-09-13T08:41:24.3603459Z     +               "bgColor": "#fffeff",
E2E core flows (chromium)	UNKNOWN STEP	2026-09-13T08:41:24.3603583Z     +               "contrastRatio": 1.03,
E2E core flows (chromium)	UNKNOWN STEP	2026-09-13T08:41:24.3603750Z     +               "expectedContrastRatio": "4.5:1",
E2E core flows (chromium)	UNKNOWN STEP	2026-09-13T08:41:24.3603871Z     +               "fgColor": "#fafafa",
E2E core flows (chromium)	UNKNOWN STEP	2026-09-13T08:41:24.3604007Z     +               "fontSize": "12.0pt (16px)",
E2E core flows (chromium)	UNKNOWN STEP	2026-09-13T08:41:24.3604124Z     +               "fontWeight": "bold",
E2E core flows (chromium)	UNKNOWN STEP	2026-09-13T08:41:24.3604249Z     +               "messageKey": null,
E2E core flows (chromium)	UNKNOWN STEP	2026-09-13T08:41:24.3604339Z     +             },
E2E core flows (chromium)	UNKNOWN STEP	2026-09-13T08:41:24.3604460Z     +             "id": "color-contrast",
E2E core flows (chromium)	UNKNOWN STEP	2026-09-13T08:41:24.3604585Z     +             "impact": "serious",
E2E core flows (chromium)	UNKNOWN STEP	2026-09-13T08:41:24.3605311Z     +             "message": "Element has insufficient color contrast of 1.03 (foreground color: #fafafa, background color: #fffeff, font size: 12.0pt (16px), font weight: bold). Expected contrast ratio of 4.5:1",
E2E core flows (chromium)	UNKNOWN STEP	2026-09-13T08:41:24.3605439Z     +             "relatedNodes": Array [
E2E core flows (chromium)	UNKNOWN STEP	2026-09-13T08:41:24.3605530Z     +               Object {
E2E core flows (chromium)	UNKNOWN STEP	2026-09-13T08:41:24.3606031Z     +                 "html": "<div class=\"MuiPaper-root MuiPaper-elevation MuiPaper-rounded MuiPaper-elevation0 css-1yk7vib-MuiPaper-root\">",
E2E core flows (chromium)	UNKNOWN STEP	2026-09-13T08:41:24.3606154Z     +                 "target": Array [
E2E core flows (chromium)	UNKNOWN STEP	2026-09-13T08:41:24.3606309Z     +                   ".css-1yk7vib-MuiPaper-root",
E2E core flows (chromium)	UNKNOWN STEP	2026-09-13T08:41:24.3606393Z     +                 ],
E2E core flows (chromium)	UNKNOWN STEP	2026-09-13T08:41:24.3606480Z     +               },
E2E core flows (chromium)	UNKNOWN STEP	2026-09-13T08:41:24.3606565Z     +             ],
E2E core flows (chromium)	UNKNOWN STEP	2026-09-13T08:41:24.3606643Z     +           },
E2E core flows (chromium)	UNKNOWN STEP	2026-09-13T08:41:24.3606727Z     +         ],
E2E core flows (chromium)	UNKNOWN STEP	2026-09-13T08:41:24.3606899Z     +         "failureSummary": "Fix any of the following:
E2E core flows (chromium)	UNKNOWN STEP	2026-09-13T08:41:24.3607568Z     +   Element has insufficient color contrast of 1.03 (foreground color: #fafafa, background color: #fffeff, font size: 12.0pt (16px), font weight: bold). Expected contrast ratio of 4.5:1",
E2E core flows (chromium)	UNKNOWN STEP	2026-09-13T08:41:24.3608008Z     +         "html": "<h6 class=\"MuiTypography-root MuiTypography-subtitle1 css-ei5myi-MuiTypography-root\">Monte Carlo</h6>",
E2E core flows (chromium)	UNKNOWN STEP	2026-09-13T08:41:24.3608132Z     +         "impact": "serious",
E2E core flows (chromium)	UNKNOWN STEP	2026-09-13T08:41:24.3608248Z     +         "none": Array [],
E2E core flows (chromium)	UNKNOWN STEP	2026-09-13T08:41:24.3608481Z     +         "target": Array [
E2E core flows (chromium)	UNKNOWN STEP	2026-09-13T08:41:24.3608637Z     +           ".css-ei5myi-MuiTypography-root",
E2E core flows (chromium)	UNKNOWN STEP	2026-09-13T08:41:24.3608722Z     +         ],
E2E core flows (chromium)	UNKNOWN STEP	2026-09-13T08:41:24.3608807Z     +       },
E2E core flows (chromium)	UNKNOWN STEP	2026-09-13T08:41:24.3608890Z     +       Object {
E2E core flows (chromium)	UNKNOWN STEP	2026-09-13T08:41:24.3609001Z     +         "all": Array [],
E2E core flows (chromium)	UNKNOWN STEP	2026-09-13T08:41:24.3609092Z     +         "any": Array [
E2E core flows (chromium)	UNKNOWN STEP	2026-09-13T08:41:24.3609180Z     +           Object {
E2E core flows (chromium)	UNKNOWN STEP	2026-09-13T08:41:24.3609286Z     +             "data": Object {
E2E core flows (chromium)	UNKNOWN STEP	2026-09-13T08:41:24.3609410Z     +               "bgColor": "#fffeff",
E2E core flows (chromium)	UNKNOWN STEP	2026-09-13T08:41:24.3609537Z     +               "contrastRatio": 1.03,
E2E core flows (chromium)	UNKNOWN STEP	2026-09-13T08:41:24.3609683Z     +               "expectedContrastRatio": "4.5:1",
E2E core flows (chromium)	UNKNOWN STEP	2026-09-13T08:41:24.3609801Z     +               "fgColor": "#fafafa",
E2E core flows (chromium)	UNKNOWN STEP	2026-09-13T08:41:24.3609935Z     +               "fontSize": "10.5pt (14px)",
E2E core flows (chromium)	UNKNOWN STEP	2026-09-13T08:41:24.3610062Z     +               "fontWeight": "normal",
E2E core flows (chromium)	UNKNOWN STEP	2026-09-13T08:41:24.3610259Z     +               "messageKey": null,
E2E core flows (chromium)	UNKNOWN STEP	2026-09-13T08:41:24.3610348Z     +             },
E2E core flows (chromium)	UNKNOWN STEP	2026-09-13T08:41:24.3610472Z     +             "id": "color-contrast",
E2E core flows (chromium)	UNKNOWN STEP	2026-09-13T08:41:24.3610588Z     +             "impact": "serious",
E2E core flows (chromium)	UNKNOWN STEP	2026-09-13T08:41:24.3611614Z     +             "message": "Element has insufficient color contrast of 1.03 (foreground color: #fafafa, background color: #fffeff, font size: 10.5pt (14px), font weight: normal). Expected contrast ratio of 4.5:1",
E2E core flows (chromium)	UNKNOWN STEP	2026-09-13T08:41:24.3611755Z     +             "relatedNodes": Array [
E2E core flows (chromium)	UNKNOWN STEP	2026-09-13T08:41:24.3611853Z     +               Object {
E2E core flows (chromium)	UNKNOWN STEP	2026-09-13T08:41:24.3612341Z     +                 "html": "<div class=\"MuiPaper-root MuiPaper-elevation MuiPaper-rounded MuiPaper-elevation0 css-1yk7vib-MuiPaper-root\">",
E2E core flows (chromium)	UNKNOWN STEP	2026-09-13T08:41:24.3612462Z     +                 "target": Array [
E2E core flows (chromium)	UNKNOWN STEP	2026-09-13T08:41:24.3612617Z     +                   ".css-1yk7vib-MuiPaper-root",
E2E core flows (chromium)	UNKNOWN STEP	2026-09-13T08:41:24.3612709Z     +                 ],
E2E core flows (chromium)	UNKNOWN STEP	2026-09-13T08:41:24.3612792Z     +               },
E2E core flows (chromium)	UNKNOWN STEP	2026-09-13T08:41:24.3612885Z     +             ],
E2E core flows (chromium)	UNKNOWN STEP	2026-09-13T08:41:24.3612970Z     +           },
E2E core flows (chromium)	UNKNOWN STEP	2026-09-13T08:41:24.3613052Z     +         ],
E2E core flows (chromium)	UNKNOWN STEP	2026-09-13T08:41:24.3613224Z     +         "failureSummary": "Fix any of the following:
E2E core flows (chromium)	UNKNOWN STEP	2026-09-13T08:41:24.3613887Z     +   Element has insufficient color contrast of 1.03 (foreground color: #fafafa, background color: #fffeff, font size: 10.5pt (14px), font weight: normal). Expected contrast ratio of 4.5:1",
E2E core flows (chromium)	UNKNOWN STEP	2026-09-13T08:41:24.3614443Z     +         "html": "<p class=\"MuiTypography-root MuiTypography-body2 css-hcua82-MuiTypography-root\">10,000 opening hands shuffled and evaluated</p>",
E2E core flows (chromium)	UNKNOWN STEP	2026-09-13T08:41:24.3614559Z     +         "impact": "serious",
E2E core flows (chromium)	UNKNOWN STEP	2026-09-13T08:41:24.3614674Z     +         "none": Array [],
E2E core flows (chromium)	UNKNOWN STEP	2026-09-13T08:41:24.3614783Z     +         "target": Array [
E2E core flows (chromium)	UNKNOWN STEP	2026-09-13T08:41:24.3615122Z     +           ".css-1yk7vib-MuiPaper-root > .css-hcua82-MuiTypography-root.MuiTypography-body2",
E2E core flows (chromium)	UNKNOWN STEP	2026-09-13T08:41:24.3615203Z     +         ],
E2E core flows (chromium)	UNKNOWN STEP	2026-09-13T08:41:24.3615289Z     +       },
E2E core flows (chromium)	UNKNOWN STEP	2026-09-13T08:41:24.3615380Z     +       Object {
E2E core flows (chromium)	UNKNOWN STEP	2026-09-13T08:41:24.3615488Z     +         "all": Array [],
E2E core flows (chromium)	UNKNOWN STEP	2026-09-13T08:41:24.3615580Z     +         "any": Array [
E2E core flows (chromium)	UNKNOWN STEP	2026-09-13T08:41:24.3615669Z     +           Object {
E2E core flows (chromium)	UNKNOWN STEP	2026-09-13T08:41:24.3615781Z     +             "data": Object {
E2E core flows (chromium)	UNKNOWN STEP	2026-09-13T08:41:24.3615901Z     +               "bgColor": "#ffffff",
E2E core flows (chromium)	UNKNOWN STEP	2026-09-13T08:41:24.3616028Z     +               "contrastRatio": 1.04,
E2E core flows (chromium)	UNKNOWN STEP	2026-09-13T08:41:24.3616181Z     +               "expectedContrastRatio": "4.5:1",
E2E core flows (chromium)	UNKNOWN STEP	2026-09-13T08:41:24.3616295Z     +               "fgColor": "#fafafa",
E2E core flows (chromium)	UNKNOWN STEP	2026-09-13T08:41:24.3616431Z     +               "fontSize": "9.0pt (12px)",
E2E core flows (chromium)	UNKNOWN STEP	2026-09-13T08:41:24.3616558Z     +               "fontWeight": "normal",
E2E core flows (chromium)	UNKNOWN STEP	2026-09-13T08:41:24.3616678Z     +               "messageKey": null,
E2E core flows (chromium)	UNKNOWN STEP	2026-09-13T08:41:24.3616760Z     +             },
E2E core flows (chromium)	UNKNOWN STEP	2026-09-13T08:41:24.3616886Z     +             "id": "color-contrast",
E2E core flows (chromium)	UNKNOWN STEP	2026-09-13T08:41:24.3617005Z     +             "impact": "serious",
E2E core flows (chromium)	UNKNOWN STEP	2026-09-13T08:41:24.3617856Z     +             "message": "Element has insufficient color contrast of 1.04 (foreground color: #fafafa, background color: #ffffff, font size: 9.0pt (12px), font weight: normal). Expected contrast ratio of 4.5:1",
E2E core flows (chromium)	UNKNOWN STEP	2026-09-13T08:41:24.3617988Z     +             "relatedNodes": Array [
E2E core flows (chromium)	UNKNOWN STEP	2026-09-13T08:41:24.3618082Z     +               Object {
E2E core flows (chromium)	UNKNOWN STEP	2026-09-13T08:41:24.3618821Z     +                 "html": "<span class=\"MuiTypography-root MuiTypography-caption css-zxry2f-MuiTypography-root\">Each hand scored on mana efficiency, curve, colors, early game, and land balance</span>",
E2E core flows (chromium)	UNKNOWN STEP	2026-09-13T08:41:24.3618936Z     +                 "target": Array [
E2E core flows (chromium)	UNKNOWN STEP	2026-09-13T08:41:24.3619308Z     +                   ".css-1yk7vib-MuiPaper-root > .css-zxry2f-MuiTypography-root.MuiTypography-caption",
E2E core flows (chromium)	UNKNOWN STEP	2026-09-13T08:41:24.3619400Z     +                 ],
E2E core flows (chromium)	UNKNOWN STEP	2026-09-13T08:41:24.3619485Z     +               },
E2E core flows (chromium)	UNKNOWN STEP	2026-09-13T08:41:24.3619571Z     +               Object {
E2E core flows (chromium)	UNKNOWN STEP	2026-09-13T08:41:24.3620077Z     +                 "html": "<div class=\"MuiPaper-root MuiPaper-elevation MuiPaper-rounded MuiPaper-elevation0 css-1yk7vib-MuiPaper-root\">",
E2E core flows (chromium)	UNKNOWN STEP	2026-09-13T08:41:24.3620418Z     +                 "target": Array [
E2E core flows (chromium)	UNKNOWN STEP	2026-09-13T08:41:24.3620586Z     +                   ".css-1yk7vib-MuiPaper-root",
E2E core flows (chromium)	UNKNOWN STEP	2026-09-13T08:41:24.3620669Z     +                 ],
E2E core flows (chromium)	UNKNOWN STEP	2026-09-13T08:41:24.3620757Z     +               },
E2E core flows (chromium)	UNKNOWN STEP	2026-09-13T08:41:24.3620844Z     +             ],
E2E core flows (chromium)	UNKNOWN STEP	2026-09-13T08:41:24.3620925Z     +           },
E2E core flows (chromium)	UNKNOWN STEP	2026-09-13T08:41:24.3621021Z     +         ],
E2E core flows (chromium)	UNKNOWN STEP	2026-09-13T08:41:24.3621357Z     +         "failureSummary": "Fix any of the following:
E2E core flows (chromium)	UNKNOWN STEP	2026-09-13T08:41:24.3622042Z     +   Element has insufficient color contrast of 1.04 (foreground color: #fafafa, background color: #ffffff, font size: 9.0pt (12px), font weight: normal). Expected contrast ratio of 4.5:1",
E2E core flows (chromium)	UNKNOWN STEP	2026-09-13T08:41:24.3622746Z     +         "html": "<span class=\"MuiTypography-root MuiTypography-caption css-zxry2f-MuiTypography-root\">Each hand scored on mana efficiency, curve, colors, early game, and land balance</span>",
E2E core flows (chromium)	UNKNOWN STEP	2026-09-13T08:41:24.3622876Z     +         "impact": "serious",
E2E core flows (chromium)	UNKNOWN STEP	2026-09-13T08:41:24.3622990Z     +         "none": Array [],
E2E core flows (chromium)	UNKNOWN STEP	2026-09-13T08:41:24.3623102Z     +         "target": Array [
E2E core flows (chromium)	UNKNOWN STEP	2026-09-13T08:41:24.3623447Z     +           ".css-1yk7vib-MuiPaper-root > .css-zxry2f-MuiTypography-root.MuiTypography-caption",
E2E core flows (chromium)	UNKNOWN STEP	2026-09-13T08:41:24.3623534Z     +         ],
E2E core flows (chromium)	UNKNOWN STEP	2026-09-13T08:41:24.3623617Z     +       },
E2E core flows (chromium)	UNKNOWN STEP	2026-09-13T08:41:24.3623697Z     +     ],
E2E core flows (chromium)	UNKNOWN STEP	2026-09-13T08:41:24.3623791Z     +     "tags": Array [
E2E core flows (chromium)	UNKNOWN STEP	2026-09-13T08:41:24.3623882Z     +       "cat.color",
E2E core flows (chromium)	UNKNOWN STEP	2026-09-13T08:41:24.3623969Z     +       "wcag2aa",
E2E core flows (chromium)	UNKNOWN STEP	2026-09-13T08:41:24.3624050Z     +       "wcag143",
E2E core flows (chromium)	UNKNOWN STEP	2026-09-13T08:41:24.3624136Z     +       "TTv5",
E2E core flows (chromium)	UNKNOWN STEP	2026-09-13T08:41:24.3624222Z     +       "TT13.c",
E2E core flows (chromium)	UNKNOWN STEP	2026-09-13T08:41:24.3624309Z     +       "EN-301-549",
E2E core flows (chromium)	UNKNOWN STEP	2026-09-13T08:41:24.3624397Z     +       "EN-9.1.4.3",
E2E core flows (chromium)	UNKNOWN STEP	2026-09-13T08:41:24.3624483Z     +       "ACT",
E2E core flows (chromium)	UNKNOWN STEP	2026-09-13T08:41:24.3624565Z     +       "RGAAv4",
E2E core flows (chromium)	UNKNOWN STEP	2026-09-13T08:41:24.3624661Z     +       "RGAA-3.2.1",
E2E core flows (chromium)	UNKNOWN STEP	2026-09-13T08:41:24.3624758Z     +     ],
E2E core flows (chromium)	UNKNOWN STEP	2026-09-13T08:41:24.3624845Z     +   },
E2E core flows (chromium)	UNKNOWN STEP	2026-09-13T08:41:24.3624925Z     + ]
E2E core flows (chromium)	UNKNOWN STEP	2026-09-13T08:41:24.3624936Z 
E2E core flows (chromium)	UNKNOWN STEP	2026-09-13T08:41:24.3625108Z       545 |           contentType: 'application/json',
E2E core flows (chromium)	UNKNOWN STEP	2026-09-13T08:41:24.3625204Z       546 |         })
E2E core flows (chromium)	UNKNOWN STEP	2026-09-13T08:41:24.3625550Z     > 547 |         expect(contrast.violations, JSON.stringify(contrast.violations, null, 2)).toEqual([])
E2E core flows (chromium)	UNKNOWN STEP	2026-09-13T08:41:24.3625752Z           |                                                                                   ^
E2E core flows (chromium)	UNKNOWN STEP	2026-09-13T08:41:24.3625840Z       548 |       }
E2E core flows (chromium)	UNKNOWN STEP	2026-09-13T08:41:24.3625926Z       549 |     })
E2E core flows (chromium)	UNKNOWN STEP	2026-09-13T08:41:24.3626008Z       550 |   }
E2E core flows (chromium)	UNKNOWN STEP	2026-09-13T08:41:24.3626362Z         at /home/runner/work/manatuner/manatuner/tests/e2e/core-flows/persona-followup.spec.js:547:83
E2E core flows (chromium)	UNKNOWN STEP	2026-09-13T08:41:24.3626370Z 
E2E core flows (chromium)	UNKNOWN STEP	2026-09-13T08:41:24.3626818Z     attachment #2: screenshot (image/png) ──────────────────────────────────────────────────────────
E2E core flows (chromium)	UNKNOWN STEP	2026-09-13T08:41:24.3627386Z     test-results/core-flows-persona-followu-ed122-ast-themes-and-viewport-390-chromium/test-failed-1.png
E2E core flows (chromium)	UNKNOWN STEP	2026-09-13T08:41:24.3627792Z     ────────────────────────────────────────────────────────────────────────────────────────────────
E2E core flows (chromium)	UNKNOWN STEP	2026-09-13T08:41:24.3627800Z 
E2E core flows (chromium)	UNKNOWN STEP	2026-09-13T08:41:24.3628200Z     attachment #3: video (video/webm) ──────────────────────────────────────────────────────────────
E2E core flows (chromium)	UNKNOWN STEP	2026-09-13T08:41:24.3628597Z     test-results/core-flows-persona-followu-ed122-ast-themes-and-viewport-390-chromium/video-1.webm
E2E core flows (chromium)	UNKNOWN STEP	2026-09-13T08:41:24.3628939Z     ────────────────────────────────────────────────────────────────────────────────────────────────
E2E core flows (chromium)	UNKNOWN STEP	2026-09-13T08:41:24.3628946Z 
E2E core flows (chromium)	UNKNOWN STEP	2026-09-13T08:41:24.3629313Z     attachment #4: video (video/webm) ──────────────────────────────────────────────────────────────
E2E core flows (chromium)	UNKNOWN STEP	2026-09-13T08:41:24.3629688Z     test-results/core-flows-persona-followu-ed122-ast-themes-and-viewport-390-chromium/video.webm
E2E core flows (chromium)	UNKNOWN STEP	2026-09-13T08:41:24.3630046Z     ────────────────────────────────────────────────────────────────────────────────────────────────
E2E core flows (chromium)	UNKNOWN STEP	2026-09-13T08:41:24.3630181Z 
E2E core flows (chromium)	UNKNOWN STEP	2026-09-13T08:41:24.3630658Z     Error Context: test-results/core-flows-persona-followu-ed122-ast-themes-and-viewport-390-chromium/error-context.md
E2E core flows (chromium)	UNKNOWN STEP	2026-09-13T08:41:24.3630666Z 
E2E core flows (chromium)	UNKNOWN STEP	2026-09-13T08:41:24.3630749Z   4 failed
E2E core flows (chromium)	UNKNOWN STEP	2026-09-13T08:41:24.3631594Z     [chromium] › tests/e2e/core-flows/analyzer-happy-path.spec.js:10:7 › Analyzer happy path (P0) › Try Example → Analyze → all 5 result tabs without crash 
E2E core flows (chromium)	UNKNOWN STEP	2026-09-13T08:41:24.3632287Z     [chromium] › tests/e2e/core-flows/audit-wave-c-verify.spec.js:45:7 › Audit verification (automated) › analyzer happy path + format controls + health score 
E2E core flows (chromium)	UNKNOWN STEP	2026-09-13T08:41:24.3632960Z     [chromium] › tests/e2e/core-flows/mulligan-worker-recovery.spec.js:3:5 › F13 failed worker asset is recoverable; real worker runs again at 50k precision 
E2E core flows (chromium)	UNKNOWN STEP	2026-09-13T08:41:24.3633545Z     [chromium] › tests/e2e/core-flows/persona-followup.spec.js:475:9 › R01–R07 /library keyboard, contrast, themes and viewport 1440 
E2E core flows (chromium)	UNKNOWN STEP	2026-09-13T08:41:24.3633652Z   2 flaky
E2E core flows (chromium)	UNKNOWN STEP	2026-09-13T08:41:24.3634229Z     [chromium] › tests/e2e/core-flows/persona-followup.spec.js:475:9 › R01–R07 /mathematics keyboard, contrast, themes and viewport 390 
E2E core flows (chromium)	UNKNOWN STEP	2026-09-13T08:41:24.3634757Z     [chromium] › tests/e2e/core-flows/persona-followup.spec.js:475:9 › R01–R07 /guide keyboard, contrast, themes and viewport 390 
E2E core flows (chromium)	UNKNOWN STEP	2026-09-13T08:41:24.3634857Z   68 passed (7.1m)
E2E core flows (chromium)	UNKNOWN STEP	2026-09-13T08:41:24.6490865Z ##[notice]  4 failed
E2E core flows (chromium)	UNKNOWN STEP	    [chromium] › tests/e2e/core-flows/analyzer-happy-path.spec.js:10:7 › Analyzer happy path (P0) › Try Example → Analyze → all 5 result tabs without crash 
E2E core flows (chromium)	UNKNOWN STEP	    [chromium] › tests/e2e/core-flows/audit-wave-c-verify.spec.js:45:7 › Audit verification (automated) › analyzer happy path + format controls + health score 
E2E core flows (chromium)	UNKNOWN STEP	    [chromium] › tests/e2e/core-flows/mulligan-worker-recovery.spec.js:3:5 › F13 failed worker asset is recoverable; real worker runs again at 50k precision 
E2E core flows (chromium)	UNKNOWN STEP	    [chromium] › tests/e2e/core-flows/persona-followup.spec.js:475:9 › R01–R07 /library keyboard, contrast, themes and viewport 1440 
E2E core flows (chromium)	UNKNOWN STEP	  2 flaky
E2E core flows (chromium)	UNKNOWN STEP	    [chromium] › tests/e2e/core-flows/persona-followup.spec.js:475:9 › R01–R07 /mathematics keyboard, contrast, themes and viewport 390 
E2E core flows (chromium)	UNKNOWN STEP	    [chromium] › tests/e2e/core-flows/persona-followup.spec.js:475:9 › R01–R07 /guide keyboard, contrast, themes and viewport 390 
E2E core flows (chromium)	UNKNOWN STEP	  68 passed (7.1m)
E2E core flows (chromium)	UNKNOWN STEP	2026-09-13T08:41:24.6814080Z ##[error]Process completed with exit code 1.
E2E core flows (chromium)	UNKNOWN STEP	2026-09-13T08:41:24.6995078Z Node 20 is being deprecated. This workflow is running with Node 24 by default. If you need to temporarily use Node 20, you can set the ACTIONS_ALLOW_USE_UNSECURE_NODE_VERSION=true environment variable. For more information see: https://github.blog/changelog/2025-09-19-deprecation-of-node-20-on-github-actions-runners/
E2E core flows (chromium)	UNKNOWN STEP	2026-09-13T08:41:24.6996361Z Post job cleanup.
E2E core flows (chromium)	UNKNOWN STEP	2026-09-13T08:41:24.7887077Z [command]/usr/bin/git version
E2E core flows (chromium)	UNKNOWN STEP	2026-09-13T08:41:24.7932711Z git version 2.55.0
E2E core flows (chromium)	UNKNOWN STEP	2026-09-13T08:41:24.7975361Z Temporarily overriding HOME='/home/runner/work/_temp/6cdb080d-bf1b-4e61-b23a-75c0263fa472' before making global git config changes
E2E core flows (chromium)	UNKNOWN STEP	2026-09-13T08:41:24.7977394Z Adding repository directory to the temporary git global config as a safe directory
E2E core flows (chromium)	UNKNOWN STEP	2026-09-13T08:41:24.7982543Z [command]/usr/bin/git config --global --add safe.directory /home/runner/work/manatuner/manatuner
E2E core flows (chromium)	UNKNOWN STEP	2026-09-13T08:41:24.8024538Z [command]/usr/bin/git config --local --name-only --get-regexp core\.sshCommand
E2E core flows (chromium)	UNKNOWN STEP	2026-09-13T08:41:24.8063315Z [command]/usr/bin/git submodule foreach --recursive sh -c "git config --local --name-only --get-regexp 'core\.sshCommand' && git config --local --unset-all 'core.sshCommand' || :"
E2E core flows (chromium)	UNKNOWN STEP	2026-09-13T08:41:24.8332281Z [command]/usr/bin/git config --local --name-only --get-regexp http\.https\:\/\/github\.com\/\.extraheader
E2E core flows (chromium)	UNKNOWN STEP	2026-09-13T08:41:24.8365610Z http.https://github.com/.extraheader
E2E core flows (chromium)	UNKNOWN STEP	2026-09-13T08:41:24.8383580Z [command]/usr/bin/git config --local --unset-all http.https://github.com/.extraheader
E2E core flows (chromium)	UNKNOWN STEP	2026-09-13T08:41:24.8421836Z [command]/usr/bin/git submodule foreach --recursive sh -c "git config --local --name-only --get-regexp 'http\.https\:\/\/github\.com\/\.extraheader' && git config --local --unset-all 'http.https://github.com/.extraheader' || :"
E2E core flows (chromium)	UNKNOWN STEP	2026-09-13T08:41:24.8704784Z [command]/usr/bin/git config --local --name-only --get-regexp ^includeIf\.gitdir:
E2E core flows (chromium)	UNKNOWN STEP	2026-09-13T08:41:24.8757559Z [command]/usr/bin/git submodule foreach --recursive git config --local --show-origin --name-only --get-regexp remote.origin.url
E2E core flows (chromium)	UNKNOWN STEP	2026-09-13T08:41:24.9150809Z Cleaning up orphan processes
E2E core flows (chromium)	UNKNOWN STEP	2026-09-13T08:41:24.9491541Z ##[warning]Node.js 20 is deprecated. The following actions target Node.js 20 but are being forced to run on Node.js 24: actions/checkout@v4, actions/setup-node@v4. For more information see: https://github.blog/changelog/2025-09-19-deprecation-of-node-20-on-github-actions-runners/
Visual regression	UNKNOWN STEP	﻿2026-09-13T08:33:40.7736703Z Current runner version: '2.337.0'
Visual regression	UNKNOWN STEP	2026-09-13T08:33:40.7773336Z ##[group]Runner Image Provisioner
Visual regression	UNKNOWN STEP	2026-09-13T08:33:40.7774732Z Hosted Compute Agent
Visual regression	UNKNOWN STEP	2026-09-13T08:33:40.7775865Z Version: 20260828.587
Visual regression	UNKNOWN STEP	2026-09-13T08:33:40.7776895Z Commit: abac92662cab4cc7352de4f9f9d2e2419aad9c29
Visual regression	UNKNOWN STEP	2026-09-13T08:33:40.7778207Z Build Date: 2026-08-28T16:44:25Z
Visual regression	UNKNOWN STEP	2026-09-13T08:33:40.7779341Z Worker ID: {c0099d9d-9ef0-4c14-81cc-8625bbc1798f}
Visual regression	UNKNOWN STEP	2026-09-13T08:33:40.7780552Z Azure Region: eastus
Visual regression	UNKNOWN STEP	2026-09-13T08:33:40.7781730Z ##[endgroup]
Visual regression	UNKNOWN STEP	2026-09-13T08:33:40.7784609Z ##[group]Operating System
Visual regression	UNKNOWN STEP	2026-09-13T08:33:40.7785693Z Ubuntu
Visual regression	UNKNOWN STEP	2026-09-13T08:33:40.7786567Z 24.04.5
Visual regression	UNKNOWN STEP	2026-09-13T08:33:40.7787583Z LTS
Visual regression	UNKNOWN STEP	2026-09-13T08:33:40.7788599Z ##[endgroup]
Visual regression	UNKNOWN STEP	2026-09-13T08:33:40.7789466Z ##[group]Runner Image
Visual regression	UNKNOWN STEP	2026-09-13T08:33:40.7790535Z Image: ubuntu-24.04
Visual regression	UNKNOWN STEP	2026-09-13T08:33:40.7791514Z Version: 20260907.300.1
Visual regression	UNKNOWN STEP	2026-09-13T08:33:40.7794091Z Included Software: https://github.com/actions/runner-images/blob/ubuntu24/20260907.300/images/ubuntu/Ubuntu2404-Readme.md
Visual regression	UNKNOWN STEP	2026-09-13T08:33:40.7796812Z Image Release: https://github.com/actions/runner-images/releases/tag/ubuntu24%2F20260907.300
Visual regression	UNKNOWN STEP	2026-09-13T08:33:40.7799070Z ##[endgroup]
Visual regression	UNKNOWN STEP	2026-09-13T08:33:40.7801006Z ##[group]GITHUB_TOKEN Permissions
Visual regression	UNKNOWN STEP	2026-09-13T08:33:40.7804444Z Contents: read
Visual regression	UNKNOWN STEP	2026-09-13T08:33:40.7805422Z Metadata: read
Visual regression	UNKNOWN STEP	2026-09-13T08:33:40.7806469Z Packages: read
Visual regression	UNKNOWN STEP	2026-09-13T08:33:40.7807360Z ##[endgroup]
Visual regression	UNKNOWN STEP	2026-09-13T08:33:40.7811251Z Secret source: Actions
Visual regression	UNKNOWN STEP	2026-09-13T08:33:40.7813286Z Cache mode: write
Visual regression	UNKNOWN STEP	2026-09-13T08:33:40.7814718Z Prepare workflow directory
Visual regression	UNKNOWN STEP	2026-09-13T08:33:40.8415128Z Prepare all required actions
Visual regression	UNKNOWN STEP	2026-09-13T08:33:40.8490765Z Getting action download info
Visual regression	UNKNOWN STEP	2026-09-13T08:33:41.0589885Z Download action repository 'actions/checkout@v4' (SHA:11d5960a326750d5838078e36cf38b85af677262)
Visual regression	UNKNOWN STEP	2026-09-13T08:33:41.1989711Z Download action repository 'actions/setup-node@v4' (SHA:49933ea5288caeca8642d1e84afbd3f7d6820020)
Visual regression	UNKNOWN STEP	2026-09-13T08:33:41.4363390Z Complete job name: Visual regression
Visual regression	UNKNOWN STEP	2026-09-13T08:33:41.5183927Z Node 20 is being deprecated. This workflow is running with Node 24 by default. If you need to temporarily use Node 20, you can set the ACTIONS_ALLOW_USE_UNSECURE_NODE_VERSION=true environment variable. For more information see: https://github.blog/changelog/2025-09-19-deprecation-of-node-20-on-github-actions-runners/
Visual regression	UNKNOWN STEP	2026-09-13T08:33:41.5192902Z ##[group]Run actions/checkout@v4
Visual regression	UNKNOWN STEP	2026-09-13T08:33:41.5193664Z with:
Visual regression	UNKNOWN STEP	2026-09-13T08:33:41.5194103Z   repository: gbordes77/manatuner
Visual regression	UNKNOWN STEP	2026-09-13T08:33:41.5198210Z   token: ***
Visual regression	UNKNOWN STEP	2026-09-13T08:33:41.5198640Z   ssh-strict: true
Visual regression	UNKNOWN STEP	2026-09-13T08:33:41.5199116Z   ssh-user: git
Visual regression	UNKNOWN STEP	2026-09-13T08:33:41.5199554Z   persist-credentials: true
Visual regression	UNKNOWN STEP	2026-09-13T08:33:41.5200035Z   clean: true
Visual regression	UNKNOWN STEP	2026-09-13T08:33:41.5200473Z   sparse-checkout-cone-mode: true
Visual regression	UNKNOWN STEP	2026-09-13T08:33:41.5200991Z   fetch-depth: 1
Visual regression	UNKNOWN STEP	2026-09-13T08:33:41.5201418Z   fetch-tags: false
Visual regression	UNKNOWN STEP	2026-09-13T08:33:41.5202227Z   show-progress: true
Visual regression	UNKNOWN STEP	2026-09-13T08:33:41.5202705Z   lfs: false
Visual regression	UNKNOWN STEP	2026-09-13T08:33:41.5203159Z   submodules: false
Visual regression	UNKNOWN STEP	2026-09-13T08:33:41.5203608Z   set-safe-directory: true
Visual regression	UNKNOWN STEP	2026-09-13T08:33:41.5204105Z   allow-unsafe-pr-checkout: false
Visual regression	UNKNOWN STEP	2026-09-13T08:33:41.5204919Z env:
Visual regression	UNKNOWN STEP	2026-09-13T08:33:41.5205326Z   NODE_VERSION: 22
Visual regression	UNKNOWN STEP	2026-09-13T08:33:41.5205766Z ##[endgroup]
Visual regression	UNKNOWN STEP	2026-09-13T08:33:41.6252035Z Syncing repository: gbordes77/manatuner
Visual regression	UNKNOWN STEP	2026-09-13T08:33:41.6254676Z ##[group]Getting Git version info
Visual regression	UNKNOWN STEP	2026-09-13T08:33:41.6255542Z Working directory is '/home/runner/work/manatuner/manatuner'
Visual regression	UNKNOWN STEP	2026-09-13T08:33:41.6256614Z [command]/usr/bin/git version
Visual regression	UNKNOWN STEP	2026-09-13T08:33:41.6384696Z git version 2.55.0
Visual regression	UNKNOWN STEP	2026-09-13T08:33:41.6407637Z ##[endgroup]
Visual regression	UNKNOWN STEP	2026-09-13T08:33:41.6422936Z Temporarily overriding HOME='/home/runner/work/_temp/4c57de05-9299-4beb-9f54-4e4697606858' before making global git config changes
Visual regression	UNKNOWN STEP	2026-09-13T08:33:41.6425206Z Adding repository directory to the temporary git global config as a safe directory
Visual regression	UNKNOWN STEP	2026-09-13T08:33:41.6429881Z [command]/usr/bin/git config --global --add safe.directory /home/runner/work/manatuner/manatuner
Visual regression	UNKNOWN STEP	2026-09-13T08:33:41.6508971Z Deleting the contents of '/home/runner/work/manatuner/manatuner'
Visual regression	UNKNOWN STEP	2026-09-13T08:33:41.6515887Z ##[group]Initializing the repository
Visual regression	UNKNOWN STEP	2026-09-13T08:33:41.6522010Z [command]/usr/bin/git init /home/runner/work/manatuner/manatuner
Visual regression	UNKNOWN STEP	2026-09-13T08:33:41.6688782Z hint: Using 'master' as the name for the initial branch. This default branch name
Visual regression	UNKNOWN STEP	2026-09-13T08:33:41.6692187Z hint: will change to "main" in Git 3.0. To configure the initial branch name
Visual regression	UNKNOWN STEP	2026-09-13T08:33:41.6694311Z hint: to use in all of your new repositories, which will suppress this warning,
Visual regression	UNKNOWN STEP	2026-09-13T08:33:41.6695841Z hint: call:
Visual regression	UNKNOWN STEP	2026-09-13T08:33:41.6696765Z hint:
Visual regression	UNKNOWN STEP	2026-09-13T08:33:41.6697787Z hint: 	git config --global init.defaultBranch <name>
Visual regression	UNKNOWN STEP	2026-09-13T08:33:41.6699038Z hint:
Visual regression	UNKNOWN STEP	2026-09-13T08:33:41.6700197Z hint: Names commonly chosen instead of 'master' are 'main', 'trunk' and
Visual regression	UNKNOWN STEP	2026-09-13T08:33:41.6702335Z hint: 'development'. The just-created branch can be renamed via this command:
Visual regression	UNKNOWN STEP	2026-09-13T08:33:41.6703952Z hint:
Visual regression	UNKNOWN STEP	2026-09-13T08:33:41.6704883Z hint: 	git branch -m <name>
Visual regression	UNKNOWN STEP	2026-09-13T08:33:41.6706028Z hint:
Visual regression	UNKNOWN STEP	2026-09-13T08:33:41.6706941Z hint: Disable this message with "git config set advice.defaultBranchName false"
Visual regression	UNKNOWN STEP	2026-09-13T08:33:41.6708440Z Initialized empty Git repository in /home/runner/work/manatuner/manatuner/.git/
Visual regression	UNKNOWN STEP	2026-09-13T08:33:41.6712490Z [command]/usr/bin/git remote add origin https://github.com/gbordes77/manatuner
Visual regression	UNKNOWN STEP	2026-09-13T08:33:41.6771075Z ##[endgroup]
Visual regression	UNKNOWN STEP	2026-09-13T08:33:41.6772746Z ##[group]Disabling automatic garbage collection
Visual regression	UNKNOWN STEP	2026-09-13T08:33:41.6776733Z [command]/usr/bin/git config --local gc.auto 0
Visual regression	UNKNOWN STEP	2026-09-13T08:33:41.6818747Z ##[endgroup]
Visual regression	UNKNOWN STEP	2026-09-13T08:33:41.6819624Z ##[group]Setting up auth
Visual regression	UNKNOWN STEP	2026-09-13T08:33:41.6831585Z [command]/usr/bin/git config --local --name-only --get-regexp core\.sshCommand
Visual regression	UNKNOWN STEP	2026-09-13T08:33:41.6888831Z [command]/usr/bin/git submodule foreach --recursive sh -c "git config --local --name-only --get-regexp 'core\.sshCommand' && git config --local --unset-all 'core.sshCommand' || :"
Visual regression	UNKNOWN STEP	2026-09-13T08:33:41.7348552Z [command]/usr/bin/git config --local --name-only --get-regexp http\.https\:\/\/github\.com\/\.extraheader
Visual regression	UNKNOWN STEP	2026-09-13T08:33:41.7398600Z [command]/usr/bin/git submodule foreach --recursive sh -c "git config --local --name-only --get-regexp 'http\.https\:\/\/github\.com\/\.extraheader' && git config --local --unset-all 'http.https://github.com/.extraheader' || :"
Visual regression	UNKNOWN STEP	2026-09-13T08:33:41.7666992Z [command]/usr/bin/git config --local --name-only --get-regexp ^includeIf\.gitdir:
Visual regression	UNKNOWN STEP	2026-09-13T08:33:41.7721503Z [command]/usr/bin/git submodule foreach --recursive git config --local --show-origin --name-only --get-regexp remote.origin.url
Visual regression	UNKNOWN STEP	2026-09-13T08:33:41.8017909Z [command]/usr/bin/git config --local http.https://github.com/.extraheader AUTHORIZATION: basic ***
Visual regression	UNKNOWN STEP	2026-09-13T08:33:41.8073552Z ##[endgroup]
Visual regression	UNKNOWN STEP	2026-09-13T08:33:41.8075226Z ##[group]Fetching the repository
Visual regression	UNKNOWN STEP	2026-09-13T08:33:41.8086594Z [command]/usr/bin/git -c protocol.version=2 fetch --no-tags --prune --no-recurse-submodules --depth=1 origin +a0a23519253751b9c98d6b93f73822f21e8191c0:refs/remotes/origin/main
Visual regression	UNKNOWN STEP	2026-09-13T08:33:43.9929473Z From https://github.com/gbordes77/manatuner
Visual regression	UNKNOWN STEP	2026-09-13T08:33:43.9932018Z  * [new ref]         a0a23519253751b9c98d6b93f73822f21e8191c0 -> origin/main
Visual regression	UNKNOWN STEP	2026-09-13T08:33:43.9936293Z ##[endgroup]
Visual regression	UNKNOWN STEP	2026-09-13T08:33:43.9937886Z ##[group]Determining the checkout info
Visual regression	UNKNOWN STEP	2026-09-13T08:33:43.9940360Z ##[endgroup]
Visual regression	UNKNOWN STEP	2026-09-13T08:33:43.9947628Z [command]/usr/bin/git sparse-checkout disable
Visual regression	UNKNOWN STEP	2026-09-13T08:33:44.0011554Z [command]/usr/bin/git config --local --unset-all extensions.worktreeConfig
Visual regression	UNKNOWN STEP	2026-09-13T08:33:44.0055964Z ##[group]Checking out the ref
Visual regression	UNKNOWN STEP	2026-09-13T08:33:44.0057723Z [command]/usr/bin/git checkout --progress --force -B main refs/remotes/origin/main
Visual regression	UNKNOWN STEP	2026-09-13T08:33:44.2951592Z Switched to a new branch 'main'
Visual regression	UNKNOWN STEP	2026-09-13T08:33:44.2959548Z branch 'main' set up to track 'origin/main'.
Visual regression	UNKNOWN STEP	2026-09-13T08:33:44.2979965Z ##[endgroup]
Visual regression	UNKNOWN STEP	2026-09-13T08:33:44.3034772Z [command]/usr/bin/git log -1 --format=%H
Visual regression	UNKNOWN STEP	2026-09-13T08:33:44.3068270Z a0a23519253751b9c98d6b93f73822f21e8191c0
Visual regression	UNKNOWN STEP	2026-09-13T08:33:44.3665261Z Node 20 is being deprecated. This workflow is running with Node 24 by default. If you need to temporarily use Node 20, you can set the ACTIONS_ALLOW_USE_UNSECURE_NODE_VERSION=true environment variable. For more information see: https://github.blog/changelog/2025-09-19-deprecation-of-node-20-on-github-actions-runners/
Visual regression	UNKNOWN STEP	2026-09-13T08:33:44.3673903Z ##[group]Run actions/setup-node@v4
Visual regression	UNKNOWN STEP	2026-09-13T08:33:44.3675672Z with:
Visual regression	UNKNOWN STEP	2026-09-13T08:33:44.3677060Z   node-version: 22
Visual regression	UNKNOWN STEP	2026-09-13T08:33:44.3678652Z   cache: npm
Visual regression	UNKNOWN STEP	2026-09-13T08:33:44.3680192Z   always-auth: false
Visual regression	UNKNOWN STEP	2026-09-13T08:33:44.3681406Z   check-latest: false
Visual regression	UNKNOWN STEP	2026-09-13T08:33:44.3696431Z   token: ***
Visual regression	UNKNOWN STEP	2026-09-13T08:33:44.3697484Z env:
Visual regression	UNKNOWN STEP	2026-09-13T08:33:44.3698417Z   NODE_VERSION: 22
Visual regression	UNKNOWN STEP	2026-09-13T08:33:44.3699404Z ##[endgroup]
Visual regression	UNKNOWN STEP	2026-09-13T08:33:44.5292650Z Found in cache @ /opt/hostedtoolcache/node/22.23.2/x64
Visual regression	UNKNOWN STEP	2026-09-13T08:33:44.5297058Z (node:2234) [DEP0040] DeprecationWarning: The `punycode` module is deprecated. Please use a userland alternative instead.
Visual regression	UNKNOWN STEP	2026-09-13T08:33:44.5301453Z (Use `node --trace-deprecation ...` to show where the warning was created)
Visual regression	UNKNOWN STEP	2026-09-13T08:33:44.5305753Z ##[group]Environment details
Visual regression	UNKNOWN STEP	2026-09-13T08:33:47.1468694Z node: v22.23.2
Visual regression	UNKNOWN STEP	2026-09-13T08:33:47.1469242Z npm: 10.9.8
Visual regression	UNKNOWN STEP	2026-09-13T08:33:47.1469540Z yarn: 1.22.22
Visual regression	UNKNOWN STEP	2026-09-13T08:33:47.1470674Z ##[endgroup]
Visual regression	UNKNOWN STEP	2026-09-13T08:33:47.1529237Z [command]/opt/hostedtoolcache/node/22.23.2/x64/bin/npm config get cache
Visual regression	UNKNOWN STEP	2026-09-13T08:33:47.4144655Z /home/runner/.npm
Visual regression	UNKNOWN STEP	2026-09-13T08:33:47.4927264Z Cache hit for: node-cache-Linux-x64-npm-c5ce46f83a64df37ac9239688e04260de0409beadf674c4140eb72832256b373
Visual regression	UNKNOWN STEP	2026-09-13T08:33:47.5039071Z (node:2234) [DEP0169] DeprecationWarning: `url.parse()` behavior is not standardized and prone to errors that have security implications. Use the WHATWG URL API instead. CVEs are not issued for `url.parse()` vulnerabilities.
Visual regression	UNKNOWN STEP	2026-09-13T08:33:48.0605316Z Received 73219644 of 73219644 (100.0%), 135.3 MBs/sec
Visual regression	UNKNOWN STEP	2026-09-13T08:33:48.0606262Z Cache Size: ~70 MB (73219644 B)
Visual regression	UNKNOWN STEP	2026-09-13T08:33:48.0705810Z [command]/usr/bin/tar -xf /home/runner/work/_temp/c1c7b37c-b1fa-493c-a3dd-7460fd587454/cache.tzst -P -C /home/runner/work/manatuner/manatuner --use-compress-program unzstd
Visual regression	UNKNOWN STEP	2026-09-13T08:33:48.2790617Z Cache restored successfully
Visual regression	UNKNOWN STEP	2026-09-13T08:33:48.2845324Z Cache restored from key: node-cache-Linux-x64-npm-c5ce46f83a64df37ac9239688e04260de0409beadf674c4140eb72832256b373
Visual regression	UNKNOWN STEP	2026-09-13T08:33:48.3132483Z ##[group]Run npm ci
Visual regression	UNKNOWN STEP	2026-09-13T08:33:48.3132836Z ^[[36;1mnpm ci^[[0m
Visual regression	UNKNOWN STEP	2026-09-13T08:33:48.3183323Z shell: /usr/bin/bash -e {0}
Visual regression	UNKNOWN STEP	2026-09-13T08:33:48.3183622Z env:
Visual regression	UNKNOWN STEP	2026-09-13T08:33:48.3183855Z   NODE_VERSION: 22
Visual regression	UNKNOWN STEP	2026-09-13T08:33:48.3184083Z ##[endgroup]
Visual regression	UNKNOWN STEP	2026-09-13T08:33:52.3784139Z npm warn deprecated inflight@1.0.6: This module is not supported, and leaks memory. Do not use it. Check out lru-cache if you want a good and tested way to coalesce async requests by a key value, which is much more comprehensive and powerful.
Visual regression	UNKNOWN STEP	2026-09-13T08:33:52.4708647Z npm warn deprecated @humanwhocodes/config-array@0.13.0: Use @eslint/config-array instead
Visual regression	UNKNOWN STEP	2026-09-13T08:33:52.4789295Z npm warn deprecated rimraf@3.0.2: Rimraf versions prior to v4 are no longer supported
Visual regression	UNKNOWN STEP	2026-09-13T08:33:52.5593324Z npm warn deprecated glob@7.2.3: Glob versions prior to v9 are no longer supported
Visual regression	UNKNOWN STEP	2026-09-13T08:33:52.6683262Z npm warn deprecated @humanwhocodes/object-schema@2.0.3: Use @eslint/object-schema instead
Visual regression	UNKNOWN STEP	2026-09-13T08:33:54.3235772Z npm warn deprecated glob@10.5.0: Old versions of glob are not supported, and contain widely publicized security vulnerabilities, which have been fixed in the current version. Please update. Support for old versions may be purchased (at exorbitant rates) by contacting i@izs.me
Visual regression	UNKNOWN STEP	2026-09-13T08:33:54.6862252Z npm warn deprecated popper.js@1.16.1: You can find the new Popper v2 at @popperjs/core, this package is dedicated to the legacy v1
Visual regression	UNKNOWN STEP	2026-09-13T08:33:56.3735448Z npm warn deprecated eslint@8.57.1: This version is no longer supported. Please see https://eslint.org/version-support for other options.
Visual regression	UNKNOWN STEP	2026-09-13T08:34:03.2534962Z 
Visual regression	UNKNOWN STEP	2026-09-13T08:34:03.2535658Z > manatuner@2.7.9 prepare
Visual regression	UNKNOWN STEP	2026-09-13T08:34:03.2536522Z > husky
Visual regression	UNKNOWN STEP	2026-09-13T08:34:03.2536800Z 
Visual regression	UNKNOWN STEP	2026-09-13T08:34:03.3162269Z 
Visual regression	UNKNOWN STEP	2026-09-13T08:34:03.3163614Z added 548 packages, and audited 549 packages in 15s
Visual regression	UNKNOWN STEP	2026-09-13T08:34:03.3164190Z 
Visual regression	UNKNOWN STEP	2026-09-13T08:34:03.3164579Z 123 packages are looking for funding
Visual regression	UNKNOWN STEP	2026-09-13T08:34:03.3165202Z   run `npm fund` for details
Visual regression	UNKNOWN STEP	2026-09-13T08:34:03.3309858Z 
Visual regression	UNKNOWN STEP	2026-09-13T08:34:03.3310546Z 4 moderate severity vulnerabilities
Visual regression	UNKNOWN STEP	2026-09-13T08:34:03.3311018Z 
Visual regression	UNKNOWN STEP	2026-09-13T08:34:03.3311313Z To address all issues, run:
Visual regression	UNKNOWN STEP	2026-09-13T08:34:03.3312117Z   npm audit fix
Visual regression	UNKNOWN STEP	2026-09-13T08:34:03.3312392Z 
Visual regression	UNKNOWN STEP	2026-09-13T08:34:03.3312635Z Run `npm audit` for details.
Visual regression	UNKNOWN STEP	2026-09-13T08:34:03.4243573Z ##[group]Run npx playwright install --with-deps chromium
Visual regression	UNKNOWN STEP	2026-09-13T08:34:03.4244054Z ^[[36;1mnpx playwright install --with-deps chromium^[[0m
Visual regression	UNKNOWN STEP	2026-09-13T08:34:03.4282713Z shell: /usr/bin/bash -e {0}
Visual regression	UNKNOWN STEP	2026-09-13T08:34:03.4282973Z env:
Visual regression	UNKNOWN STEP	2026-09-13T08:34:03.4283188Z   NODE_VERSION: 22
Visual regression	UNKNOWN STEP	2026-09-13T08:34:03.4283401Z ##[endgroup]
Visual regression	UNKNOWN STEP	2026-09-13T08:34:04.2716569Z Installing dependencies...
Visual regression	UNKNOWN STEP	2026-09-13T08:34:04.2788429Z Switching to root user to install dependencies...
Visual regression	UNKNOWN STEP	2026-09-13T08:34:04.4226056Z Get:1 file:/etc/apt/apt-mirrors.txt Mirrorlist [144 B]
Visual regression	UNKNOWN STEP	2026-09-13T08:34:04.4521357Z Get:3 https://packages.microsoft.com/ubuntu/24.04/prod noble InRelease [3600 B]
Visual regression	UNKNOWN STEP	2026-09-13T08:34:04.4730745Z Get:7 https://dl.google.com/linux/chrome-stable/deb stable InRelease [2548 B]
Visual regression	UNKNOWN STEP	2026-09-13T08:34:04.4803320Z Hit:2 http://azure.archive.ubuntu.com/ubuntu noble InRelease
Visual regression	UNKNOWN STEP	2026-09-13T08:34:04.4824949Z Get:4 http://azure.archive.ubuntu.com/ubuntu noble-updates InRelease [126 kB]
Visual regression	UNKNOWN STEP	2026-09-13T08:34:04.4841250Z Get:5 http://azure.archive.ubuntu.com/ubuntu noble-backports InRelease [126 kB]
Visual regression	UNKNOWN STEP	2026-09-13T08:34:04.4858635Z Get:6 http://azure.archive.ubuntu.com/ubuntu noble-security InRelease [126 kB]
Visual regression	UNKNOWN STEP	2026-09-13T08:34:04.5950429Z Get:8 https://packages.microsoft.com/ubuntu/24.04/prod noble/main amd64 Packages [463 kB]
Visual regression	UNKNOWN STEP	2026-09-13T08:34:04.6091673Z Get:9 https://packages.microsoft.com/ubuntu/24.04/prod noble/main arm64 Packages [414 kB]
Visual regression	UNKNOWN STEP	2026-09-13T08:34:04.6672924Z Get:10 https://dl.google.com/linux/chrome-stable/deb stable/main amd64 Packages [1409 B]
Visual regression	UNKNOWN STEP	2026-09-13T08:34:04.7750212Z Get:11 http://azure.archive.ubuntu.com/ubuntu noble-updates/main amd64 Packages [1263 kB]
Visual regression	UNKNOWN STEP	2026-09-13T08:34:04.7829584Z Get:12 http://azure.archive.ubuntu.com/ubuntu noble-updates/main Translation-en [292 kB]
Visual regression	UNKNOWN STEP	2026-09-13T08:34:04.7844643Z Get:13 http://azure.archive.ubuntu.com/ubuntu noble-updates/main amd64 Components [180 kB]
Visual regression	UNKNOWN STEP	2026-09-13T08:34:04.7867953Z Get:14 http://azure.archive.ubuntu.com/ubuntu noble-updates/universe amd64 Packages [1690 kB]
Visual regression	UNKNOWN STEP	2026-09-13T08:34:04.7935342Z Get:15 http://azure.archive.ubuntu.com/ubuntu noble-updates/universe amd64 Components [388 kB]
Visual regression	UNKNOWN STEP	2026-09-13T08:34:04.7960891Z Get:16 http://azure.archive.ubuntu.com/ubuntu noble-updates/restricted amd64 Packages [1544 kB]
Visual regression	UNKNOWN STEP	2026-09-13T08:34:04.8031375Z Get:17 http://azure.archive.ubuntu.com/ubuntu noble-updates/restricted Translation-en [354 kB]
Visual regression	UNKNOWN STEP	2026-09-13T08:34:04.8055350Z Get:18 http://azure.archive.ubuntu.com/ubuntu noble-updates/multiverse amd64 Components [940 B]
Visual regression	UNKNOWN STEP	2026-09-13T08:34:04.8444550Z Get:19 http://azure.archive.ubuntu.com/ubuntu noble-backports/main amd64 Components [5748 B]
Visual regression	UNKNOWN STEP	2026-09-13T08:34:04.8446448Z Get:20 http://azure.archive.ubuntu.com/ubuntu noble-backports/universe amd64 Components [12.6 kB]
Visual regression	UNKNOWN STEP	2026-09-13T08:34:04.9453963Z Get:21 http://azure.archive.ubuntu.com/ubuntu noble-security/main amd64 Packages [1006 kB]
Visual regression	UNKNOWN STEP	2026-09-13T08:34:04.9510812Z Get:22 http://azure.archive.ubuntu.com/ubuntu noble-security/main Translation-en [213 kB]
Visual regression	UNKNOWN STEP	2026-09-13T08:34:04.9528414Z Get:23 http://azure.archive.ubuntu.com/ubuntu noble-security/main amd64 Components [46.4 kB]
Visual regression	UNKNOWN STEP	2026-09-13T08:34:04.9539083Z Get:24 http://azure.archive.ubuntu.com/ubuntu noble-security/universe amd64 Packages [1206 kB]
Visual regression	UNKNOWN STEP	2026-09-13T08:34:04.9603128Z Get:25 http://azure.archive.ubuntu.com/ubuntu noble-security/universe amd64 Components [76.3 kB]
Visual regression	UNKNOWN STEP	2026-09-13T08:34:04.9615378Z Get:26 http://azure.archive.ubuntu.com/ubuntu noble-security/restricted amd64 Packages [1445 kB]
Visual regression	UNKNOWN STEP	2026-09-13T08:34:04.9685667Z Get:27 http://azure.archive.ubuntu.com/ubuntu noble-security/restricted Translation-en [336 kB]
Visual regression	UNKNOWN STEP	2026-09-13T08:34:09.8265005Z Fetched 11.3 MB in 1s (7964 kB/s)
Visual regression	UNKNOWN STEP	2026-09-13T08:34:10.7628033Z Reading package lists...
Visual regression	UNKNOWN STEP	2026-09-13T08:34:10.7876831Z Reading package lists...
Visual regression	UNKNOWN STEP	2026-09-13T08:34:11.0178611Z Building dependency tree...
Visual regression	UNKNOWN STEP	2026-09-13T08:34:11.0186024Z Reading state information...
Visual regression	UNKNOWN STEP	2026-09-13T08:34:11.1855486Z libasound2t64 is already the newest version (1.2.11-1ubuntu0.3).
Visual regression	UNKNOWN STEP	2026-09-13T08:34:11.1856510Z libasound2t64 set to manually installed.
Visual regression	UNKNOWN STEP	2026-09-13T08:34:11.1858175Z libatk-bridge2.0-0t64 is already the newest version (2.52.0-1build1).
Visual regression	UNKNOWN STEP	2026-09-13T08:34:11.1859399Z libatk-bridge2.0-0t64 set to manually installed.
Visual regression	UNKNOWN STEP	2026-09-13T08:34:11.1860345Z libatk1.0-0t64 is already the newest version (2.52.0-1build1).
Visual regression	UNKNOWN STEP	2026-09-13T08:34:11.1861370Z libatk1.0-0t64 set to manually installed.
Visual regression	UNKNOWN STEP	2026-09-13T08:34:11.1862704Z libatspi2.0-0t64 is already the newest version (2.52.0-1build1).
Visual regression	UNKNOWN STEP	2026-09-13T08:34:11.1863654Z libatspi2.0-0t64 set to manually installed.
Visual regression	UNKNOWN STEP	2026-09-13T08:34:11.1864781Z libcairo2 is already the newest version (1.18.0-3build1).
Visual regression	UNKNOWN STEP	2026-09-13T08:34:11.1865782Z libcairo2 set to manually installed.
Visual regression	UNKNOWN STEP	2026-09-13T08:34:11.1866660Z libcups2t64 is already the newest version (2.4.7-1.2ubuntu7.14).
Visual regression	UNKNOWN STEP	2026-09-13T08:34:11.1867588Z libcups2t64 set to manually installed.
Visual regression	UNKNOWN STEP	2026-09-13T08:34:11.1868473Z libdbus-1-3 is already the newest version (1.14.10-4ubuntu4.1).
Visual regression	UNKNOWN STEP	2026-09-13T08:34:11.1869413Z libdbus-1-3 set to manually installed.
Visual regression	UNKNOWN STEP	2026-09-13T08:34:11.1870442Z libdrm2 is already the newest version (2.4.125-1ubuntu0.1~24.04.2).
Visual regression	UNKNOWN STEP	2026-09-13T08:34:11.1871382Z libdrm2 set to manually installed.
Visual regression	UNKNOWN STEP	2026-09-13T08:34:11.1872648Z libgbm1 is already the newest version (25.2.8-0ubuntu0.24.04.2).
Visual regression	UNKNOWN STEP	2026-09-13T08:34:11.1873555Z libgbm1 set to manually installed.
Visual regression	UNKNOWN STEP	2026-09-13T08:34:11.1874563Z libglib2.0-0t64 is already the newest version (2.80.0-6ubuntu3.8).
Visual regression	UNKNOWN STEP	2026-09-13T08:34:11.1875560Z libglib2.0-0t64 set to manually installed.
Visual regression	UNKNOWN STEP	2026-09-13T08:34:11.1876450Z libnspr4 is already the newest version (2:4.35-1.1build1).
Visual regression	UNKNOWN STEP	2026-09-13T08:34:11.1877168Z libnspr4 set to manually installed.
Visual regression	UNKNOWN STEP	2026-09-13T08:34:11.1877921Z libnss3 is already the newest version (2:3.98-1ubuntu0.2).
Visual regression	UNKNOWN STEP	2026-09-13T08:34:11.1878639Z libnss3 set to manually installed.
Visual regression	UNKNOWN STEP	2026-09-13T08:34:11.1879414Z libpango-1.0-0 is already the newest version (1.52.1+ds-1build1).
Visual regression	UNKNOWN STEP	2026-09-13T08:34:11.1880225Z libpango-1.0-0 set to manually installed.
Visual regression	UNKNOWN STEP	2026-09-13T08:34:11.1880984Z libx11-6 is already the newest version (2:1.8.7-1build1).
Visual regression	UNKNOWN STEP	2026-09-13T08:34:11.1881721Z libx11-6 set to manually installed.
Visual regression	UNKNOWN STEP	2026-09-13T08:34:11.1882715Z libxcb1 is already the newest version (1.15-1ubuntu2).
Visual regression	UNKNOWN STEP	2026-09-13T08:34:11.1883400Z libxcb1 set to manually installed.
Visual regression	UNKNOWN STEP	2026-09-13T08:34:11.1884187Z libxcomposite1 is already the newest version (1:0.4.5-1build3).
Visual regression	UNKNOWN STEP	2026-09-13T08:34:11.1884999Z libxcomposite1 set to manually installed.
Visual regression	UNKNOWN STEP	2026-09-13T08:34:11.1885828Z libxdamage1 is already the newest version (1:1.1.6-1build1).
Visual regression	UNKNOWN STEP	2026-09-13T08:34:11.1886609Z libxdamage1 set to manually installed.
Visual regression	UNKNOWN STEP	2026-09-13T08:34:11.1887410Z libxext6 is already the newest version (2:1.3.4-1build2).
Visual regression	UNKNOWN STEP	2026-09-13T08:34:11.1888151Z libxext6 set to manually installed.
Visual regression	UNKNOWN STEP	2026-09-13T08:34:11.1888936Z libxfixes3 is already the newest version (1:6.0.0-2build1).
Visual regression	UNKNOWN STEP	2026-09-13T08:34:11.1889711Z libxfixes3 set to manually installed.
Visual regression	UNKNOWN STEP	2026-09-13T08:34:11.1890485Z libxkbcommon0 is already the newest version (1.6.0-1build1).
Visual regression	UNKNOWN STEP	2026-09-13T08:34:11.1891243Z libxkbcommon0 set to manually installed.
Visual regression	UNKNOWN STEP	2026-09-13T08:34:11.1892279Z libxrandr2 is already the newest version (2:1.5.2-2build1).
Visual regression	UNKNOWN STEP	2026-09-13T08:34:11.1893014Z libxrandr2 set to manually installed.
Visual regression	UNKNOWN STEP	2026-09-13T08:34:11.1893766Z xvfb is already the newest version (2:21.1.12-1ubuntu1.6).
Visual regression	UNKNOWN STEP	2026-09-13T08:34:11.1894788Z fonts-noto-color-emoji is already the newest version (2.047-0ubuntu0.24.04.1).
Visual regression	UNKNOWN STEP	2026-09-13T08:34:11.1896174Z libfontconfig1 is already the newest version (2.15.0-1.1ubuntu2).
Visual regression	UNKNOWN STEP	2026-09-13T08:34:11.1896970Z libfontconfig1 set to manually installed.
Visual regression	UNKNOWN STEP	2026-09-13T08:34:11.1897817Z libfreetype6 is already the newest version (2.13.2+dfsg-1ubuntu0.1).
Visual regression	UNKNOWN STEP	2026-09-13T08:34:11.1898621Z libfreetype6 set to manually installed.
Visual regression	UNKNOWN STEP	2026-09-13T08:34:11.1899443Z fonts-liberation is already the newest version (1:2.1.5-3).
Visual regression	UNKNOWN STEP	2026-09-13T08:34:11.1900219Z fonts-liberation set to manually installed.
Visual regression	UNKNOWN STEP	2026-09-13T08:34:11.1900982Z The following additional packages will be installed:
Visual regression	UNKNOWN STEP	2026-09-13T08:34:11.1901697Z   xfonts-encodings xfonts-utils
Visual regression	UNKNOWN STEP	2026-09-13T08:34:11.1902563Z Recommended packages:
Visual regression	UNKNOWN STEP	2026-09-13T08:34:11.1903383Z   fonts-ipafont-mincho fonts-tlwg-loma
Visual regression	UNKNOWN STEP	2026-09-13T08:34:11.2306608Z The following NEW packages will be installed:
Visual regression	UNKNOWN STEP	2026-09-13T08:34:11.2307754Z   fonts-freefont-ttf fonts-ipafont-gothic fonts-tlwg-loma-otf fonts-unifont
Visual regression	UNKNOWN STEP	2026-09-13T08:34:11.2314484Z   fonts-wqy-zenhei xfonts-cyrillic xfonts-encodings xfonts-scalable
Visual regression	UNKNOWN STEP	2026-09-13T08:34:11.2315381Z   xfonts-utils
Visual regression	UNKNOWN STEP	2026-09-13T08:34:11.2495768Z 0 upgraded, 9 newly installed, 0 to remove and 50 not upgraded.
Visual regression	UNKNOWN STEP	2026-09-13T08:34:11.2496405Z Need to get 21.1 MB of archives.
Visual regression	UNKNOWN STEP	2026-09-13T08:34:11.2496856Z After this operation, 79.5 MB of additional disk space will be used.
Visual regression	UNKNOWN STEP	2026-09-13T08:34:11.2497369Z Get:1 file:/etc/apt/apt-mirrors.txt Mirrorlist [144 B]
Visual regression	UNKNOWN STEP	2026-09-13T08:34:11.2741301Z Get:2 http://azure.archive.ubuntu.com/ubuntu noble/universe amd64 fonts-ipafont-gothic all 00303-21ubuntu1 [3513 kB]
Visual regression	UNKNOWN STEP	2026-09-13T08:34:11.3301629Z Get:3 http://azure.archive.ubuntu.com/ubuntu noble/main amd64 fonts-freefont-ttf all 20211204+svn4273-2 [5641 kB]
Visual regression	UNKNOWN STEP	2026-09-13T08:34:11.4614125Z Get:4 http://azure.archive.ubuntu.com/ubuntu noble/universe amd64 fonts-tlwg-loma-otf all 1:0.7.3-1 [107 kB]
Visual regression	UNKNOWN STEP	2026-09-13T08:34:11.4703380Z Get:5 http://azure.archive.ubuntu.com/ubuntu noble/universe amd64 fonts-unifont all 1:15.1.01-1build1 [2993 kB]
Visual regression	UNKNOWN STEP	2026-09-13T08:34:11.5219478Z Get:6 http://azure.archive.ubuntu.com/ubuntu noble/universe amd64 fonts-wqy-zenhei all 0.9.45-8 [7472 kB]
Visual regression	UNKNOWN STEP	2026-09-13T08:34:11.6330909Z Get:7 http://azure.archive.ubuntu.com/ubuntu noble/main amd64 xfonts-encodings all 1:1.0.5-0ubuntu2 [578 kB]
Visual regression	UNKNOWN STEP	2026-09-13T08:34:11.6467309Z Get:8 http://azure.archive.ubuntu.com/ubuntu noble/main amd64 xfonts-utils amd64 1:7.7+6build3 [94.4 kB]
Visual regression	UNKNOWN STEP	2026-09-13T08:34:11.6542514Z Get:9 http://azure.archive.ubuntu.com/ubuntu noble/universe amd64 xfonts-cyrillic all 1:1.0.5+nmu1 [384 kB]
Visual regression	UNKNOWN STEP	2026-09-13T08:34:11.6659963Z Get:10 http://azure.archive.ubuntu.com/ubuntu noble/main amd64 xfonts-scalable all 1:1.0.3-1.3 [304 kB]
Visual regression	UNKNOWN STEP	2026-09-13T08:34:11.9644581Z Fetched 21.1 MB in 0s (49.0 MB/s)
Visual regression	UNKNOWN STEP	2026-09-13T08:34:12.0229960Z Selecting previously unselected package fonts-ipafont-gothic.
Visual regression	UNKNOWN STEP	2026-09-13T08:34:12.0790068Z (Reading database ... 
Visual regression	UNKNOWN STEP	2026-09-13T08:34:12.0790578Z (Reading database ... 5%
Visual regression	UNKNOWN STEP	2026-09-13T08:34:12.0790995Z (Reading database ... 10%
Visual regression	UNKNOWN STEP	2026-09-13T08:34:12.0791311Z (Reading database ... 15%
Visual regression	UNKNOWN STEP	2026-09-13T08:34:12.0791660Z (Reading database ... 20%
Visual regression	UNKNOWN STEP	2026-09-13T08:34:12.0792336Z (Reading database ... 25%
Visual regression	UNKNOWN STEP	2026-09-13T08:34:12.0792877Z (Reading database ... 30%
Visual regression	UNKNOWN STEP	2026-09-13T08:34:12.0793296Z (Reading database ... 35%
Visual regression	UNKNOWN STEP	2026-09-13T08:34:12.0793609Z (Reading database ... 40%
Visual regression	UNKNOWN STEP	2026-09-13T08:34:12.0793915Z (Reading database ... 45%
Visual regression	UNKNOWN STEP	2026-09-13T08:34:12.0794216Z (Reading database ... 50%
Visual regression	UNKNOWN STEP	2026-09-13T08:34:12.1282925Z (Reading database ... 55%
Visual regression	UNKNOWN STEP	2026-09-13T08:34:12.5358369Z (Reading database ... 60%
Visual regression	UNKNOWN STEP	2026-09-13T08:34:12.8091521Z (Reading database ... 65%
Visual regression	UNKNOWN STEP	2026-09-13T08:34:13.0585184Z (Reading database ... 70%
Visual regression	UNKNOWN STEP	2026-09-13T08:34:13.3602610Z (Reading database ... 75%
Visual regression	UNKNOWN STEP	2026-09-13T08:34:13.8736186Z (Reading database ... 80%
Visual regression	UNKNOWN STEP	2026-09-13T08:34:14.4245926Z (Reading database ... 85%
Visual regression	UNKNOWN STEP	2026-09-13T08:34:15.0772882Z (Reading database ... 90%
Visual regression	UNKNOWN STEP	2026-09-13T08:34:15.8800293Z (Reading database ... 95%
Visual regression	UNKNOWN STEP	2026-09-13T08:34:15.8800920Z (Reading database ... 100%
Visual regression	UNKNOWN STEP	2026-09-13T08:34:15.8801571Z (Reading database ... 201818 files and directories currently installed.)
Visual regression	UNKNOWN STEP	2026-09-13T08:34:15.8863012Z Preparing to unpack .../0-fonts-ipafont-gothic_00303-21ubuntu1_all.deb ...
Visual regression	UNKNOWN STEP	2026-09-13T08:34:15.8983178Z Unpacking fonts-ipafont-gothic (00303-21ubuntu1) ...
Visual regression	UNKNOWN STEP	2026-09-13T08:34:16.1498213Z Selecting previously unselected package fonts-freefont-ttf.
Visual regression	UNKNOWN STEP	2026-09-13T08:34:16.1647019Z Preparing to unpack .../1-fonts-freefont-ttf_20211204+svn4273-2_all.deb ...
Visual regression	UNKNOWN STEP	2026-09-13T08:34:16.1656827Z Unpacking fonts-freefont-ttf (20211204+svn4273-2) ...
Visual regression	UNKNOWN STEP	2026-09-13T08:34:16.2664604Z Selecting previously unselected package fonts-tlwg-loma-otf.
Visual regression	UNKNOWN STEP	2026-09-13T08:34:16.2801178Z Preparing to unpack .../2-fonts-tlwg-loma-otf_1%3a0.7.3-1_all.deb ...
Visual regression	UNKNOWN STEP	2026-09-13T08:34:16.2814938Z Unpacking fonts-tlwg-loma-otf (1:0.7.3-1) ...
Visual regression	UNKNOWN STEP	2026-09-13T08:34:16.3119256Z Selecting previously unselected package fonts-unifont.
Visual regression	UNKNOWN STEP	2026-09-13T08:34:16.3260032Z Preparing to unpack .../3-fonts-unifont_1%3a15.1.01-1build1_all.deb ...
Visual regression	UNKNOWN STEP	2026-09-13T08:34:16.3762316Z Unpacking fonts-unifont (1:15.1.01-1build1) ...
Visual regression	UNKNOWN STEP	2026-09-13T08:34:16.4912633Z Selecting previously unselected package fonts-wqy-zenhei.
Visual regression	UNKNOWN STEP	2026-09-13T08:34:16.5045294Z Preparing to unpack .../4-fonts-wqy-zenhei_0.9.45-8_all.deb ...
Visual regression	UNKNOWN STEP	2026-09-13T08:34:16.5153220Z Unpacking fonts-wqy-zenhei (0.9.45-8) ...
Visual regression	UNKNOWN STEP	2026-09-13T08:34:16.9978220Z Selecting previously unselected package xfonts-encodings.
Visual regression	UNKNOWN STEP	2026-09-13T08:34:17.0115745Z Preparing to unpack .../5-xfonts-encodings_1%3a1.0.5-0ubuntu2_all.deb ...
Visual regression	UNKNOWN STEP	2026-09-13T08:34:17.0125114Z Unpacking xfonts-encodings (1:1.0.5-0ubuntu2) ...
Visual regression	UNKNOWN STEP	2026-09-13T08:34:17.0447974Z Selecting previously unselected package xfonts-utils.
Visual regression	UNKNOWN STEP	2026-09-13T08:34:17.0581954Z Preparing to unpack .../6-xfonts-utils_1%3a7.7+6build3_amd64.deb ...
Visual regression	UNKNOWN STEP	2026-09-13T08:34:17.0589793Z Unpacking xfonts-utils (1:7.7+6build3) ...
Visual regression	UNKNOWN STEP	2026-09-13T08:34:17.1971700Z Selecting previously unselected package xfonts-cyrillic.
Visual regression	UNKNOWN STEP	2026-09-13T08:34:17.2104913Z Preparing to unpack .../7-xfonts-cyrillic_1%3a1.0.5+nmu1_all.deb ...
Visual regression	UNKNOWN STEP	2026-09-13T08:34:17.2115482Z Unpacking xfonts-cyrillic (1:1.0.5+nmu1) ...
Visual regression	UNKNOWN STEP	2026-09-13T08:34:17.2506362Z Selecting previously unselected package xfonts-scalable.
Visual regression	UNKNOWN STEP	2026-09-13T08:34:17.2642356Z Preparing to unpack .../8-xfonts-scalable_1%3a1.0.3-1.3_all.deb ...
Visual regression	UNKNOWN STEP	2026-09-13T08:34:17.2651647Z Unpacking xfonts-scalable (1:1.0.3-1.3) ...
Visual regression	UNKNOWN STEP	2026-09-13T08:34:17.3104939Z Setting up fonts-wqy-zenhei (0.9.45-8) ...
Visual regression	UNKNOWN STEP	2026-09-13T08:34:17.3232509Z Setting up fonts-freefont-ttf (20211204+svn4273-2) ...
Visual regression	UNKNOWN STEP	2026-09-13T08:34:17.3255337Z Setting up fonts-tlwg-loma-otf (1:0.7.3-1) ...
Visual regression	UNKNOWN STEP	2026-09-13T08:34:17.3278378Z Setting up xfonts-encodings (1:1.0.5-0ubuntu2) ...
Visual regression	UNKNOWN STEP	2026-09-13T08:34:17.3303004Z Setting up fonts-ipafont-gothic (00303-21ubuntu1) ...
Visual regression	UNKNOWN STEP	2026-09-13T08:34:17.3385769Z update-alternatives: using /usr/share/fonts/opentype/ipafont-gothic/ipag.ttf to provide /usr/share/fonts/truetype/fonts-japanese-gothic.ttf (fonts-japanese-gothic.ttf) in auto mode
Visual regression	UNKNOWN STEP	2026-09-13T08:34:17.3406369Z Setting up fonts-unifont (1:15.1.01-1build1) ...
Visual regression	UNKNOWN STEP	2026-09-13T08:34:17.3428623Z Setting up xfonts-utils (1:7.7+6build3) ...
Visual regression	UNKNOWN STEP	2026-09-13T08:34:17.3483454Z Setting up xfonts-cyrillic (1:1.0.5+nmu1) ...
Visual regression	UNKNOWN STEP	2026-09-13T08:34:17.3968290Z Setting up xfonts-scalable (1:1.0.3-1.3) ...
Visual regression	UNKNOWN STEP	2026-09-13T08:34:17.4269668Z Processing triggers for man-db (2.12.0-4build2) ...
Visual regression	UNKNOWN STEP	2026-09-13T08:34:17.4299405Z Not building database; man-db/auto-update is not 'true'.
Visual regression	UNKNOWN STEP	2026-09-13T08:34:17.4315566Z Processing triggers for fontconfig (2.15.0-1.1ubuntu2) ...
Visual regression	UNKNOWN STEP	2026-09-13T08:34:18.6985692Z 
Visual regression	UNKNOWN STEP	2026-09-13T08:34:18.6986432Z Running kernel seems to be up-to-date.
Visual regression	UNKNOWN STEP	2026-09-13T08:34:18.6986863Z 
Visual regression	UNKNOWN STEP	2026-09-13T08:34:18.6987142Z No services need to be restarted.
Visual regression	UNKNOWN STEP	2026-09-13T08:34:18.6987472Z 
Visual regression	UNKNOWN STEP	2026-09-13T08:34:18.6987764Z No containers need to be restarted.
Visual regression	UNKNOWN STEP	2026-09-13T08:34:18.6988090Z 
Visual regression	UNKNOWN STEP	2026-09-13T08:34:18.6988458Z No user sessions are running outdated binaries.
Visual regression	UNKNOWN STEP	2026-09-13T08:34:18.6988862Z 
Visual regression	UNKNOWN STEP	2026-09-13T08:34:18.6989363Z No VM guests are running outdated hypervisor (qemu) binaries on this host.
Visual regression	UNKNOWN STEP	2026-09-13T08:34:19.9363399Z Downloading Chrome for Testing 153.0.8010.12 (playwright chromium v1243) from https://cdn.playwright.dev/builds/cft/153.0.8010.12/linux64/chrome-linux64.zip
Visual regression	UNKNOWN STEP	2026-09-13T08:34:20.3566067Z |                                                                                |   0% of 186.8 MiB
Visual regression	UNKNOWN STEP	2026-09-13T08:34:20.5393327Z |■■■■■■■■                                                                        |  10% of 186.8 MiB
Visual regression	UNKNOWN STEP	2026-09-13T08:34:20.6366864Z |■■■■■■■■■■■■■■■■                                                                |  20% of 186.8 MiB
Visual regression	UNKNOWN STEP	2026-09-13T08:34:20.7162496Z |■■■■■■■■■■■■■■■■■■■■■■■■                                                        |  30% of 186.8 MiB
Visual regression	UNKNOWN STEP	2026-09-13T08:34:20.7905761Z |■■■■■■■■■■■■■■■■■■■■■■■■■■■■■■■■                                                |  40% of 186.8 MiB
Visual regression	UNKNOWN STEP	2026-09-13T08:34:20.8635791Z |■■■■■■■■■■■■■■■■■■■■■■■■■■■■■■■■■■■■■■■■                                        |  50% of 186.8 MiB
Visual regression	UNKNOWN STEP	2026-09-13T08:34:20.9374897Z |■■■■■■■■■■■■■■■■■■■■■■■■■■■■■■■■■■■■■■■■■■■■■■■■                                |  60% of 186.8 MiB
Visual regression	UNKNOWN STEP	2026-09-13T08:34:21.0036869Z |■■■■■■■■■■■■■■■■■■■■■■■■■■■■■■■■■■■■■■■■■■■■■■■■■■■■■■■■                        |  70% of 186.8 MiB
Visual regression	UNKNOWN STEP	2026-09-13T08:34:21.0686689Z |■■■■■■■■■■■■■■■■■■■■■■■■■■■■■■■■■■■■■■■■■■■■■■■■■■■■■■■■■■■■■■■■                |  80% of 186.8 MiB
Visual regression	UNKNOWN STEP	2026-09-13T08:34:21.1379890Z |■■■■■■■■■■■■■■■■■■■■■■■■■■■■■■■■■■■■■■■■■■■■■■■■■■■■■■■■■■■■■■■■■■■■■■■■        |  90% of 186.8 MiB
Visual regression	UNKNOWN STEP	2026-09-13T08:34:21.2058763Z |■■■■■■■■■■■■■■■■■■■■■■■■■■■■■■■■■■■■■■■■■■■■■■■■■■■■■■■■■■■■■■■■■■■■■■■■■■■■■■■■| 100% of 186.8 MiB
Visual regression	UNKNOWN STEP	2026-09-13T08:34:24.0109908Z Chrome for Testing 153.0.8010.12 (playwright chromium v1243) downloaded to /home/runner/.cache/ms-playwright/chromium-1243
Visual regression	UNKNOWN STEP	2026-09-13T08:34:24.0114446Z Downloading FFmpeg (playwright ffmpeg v1011) from https://cdn.playwright.dev/dbazure/download/playwright/builds/ffmpeg/1011/ffmpeg-linux.zip
Visual regression	UNKNOWN STEP	2026-09-13T08:34:24.4827431Z |                                                                                |   0% of 2.3 MiB
Visual regression	UNKNOWN STEP	2026-09-13T08:34:24.4873062Z |■■■■■■■■                                                                        |  10% of 2.3 MiB
Visual regression	UNKNOWN STEP	2026-09-13T08:34:24.4901034Z |■■■■■■■■■■■■■■■■                                                                |  20% of 2.3 MiB
Visual regression	UNKNOWN STEP	2026-09-13T08:34:24.4925520Z |■■■■■■■■■■■■■■■■■■■■■■■■                                                        |  30% of 2.3 MiB
Visual regression	UNKNOWN STEP	2026-09-13T08:34:24.4948175Z |■■■■■■■■■■■■■■■■■■■■■■■■■■■■■■■■                                                |  40% of 2.3 MiB
Visual regression	UNKNOWN STEP	2026-09-13T08:34:24.4967674Z |■■■■■■■■■■■■■■■■■■■■■■■■■■■■■■■■■■■■■■■■                                        |  50% of 2.3 MiB
Visual regression	UNKNOWN STEP	2026-09-13T08:34:24.4982618Z |■■■■■■■■■■■■■■■■■■■■■■■■■■■■■■■■■■■■■■■■■■■■■■■■                                |  60% of 2.3 MiB
Visual regression	UNKNOWN STEP	2026-09-13T08:34:24.4998304Z |■■■■■■■■■■■■■■■■■■■■■■■■■■■■■■■■■■■■■■■■■■■■■■■■■■■■■■■■                        |  70% of 2.3 MiB
Visual regression	UNKNOWN STEP	2026-09-13T08:34:24.5014797Z |■■■■■■■■■■■■■■■■■■■■■■■■■■■■■■■■■■■■■■■■■■■■■■■■■■■■■■■■■■■■■■■■                |  80% of 2.3 MiB
Visual regression	UNKNOWN STEP	2026-09-13T08:34:24.5030823Z |■■■■■■■■■■■■■■■■■■■■■■■■■■■■■■■■■■■■■■■■■■■■■■■■■■■■■■■■■■■■■■■■■■■■■■■■        |  90% of 2.3 MiB
Visual regression	UNKNOWN STEP	2026-09-13T08:34:24.5044043Z |■■■■■■■■■■■■■■■■■■■■■■■■■■■■■■■■■■■■■■■■■■■■■■■■■■■■■■■■■■■■■■■■■■■■■■■■■■■■■■■■| 100% of 2.3 MiB
Visual regression	UNKNOWN STEP	2026-09-13T08:34:24.5654163Z FFmpeg (playwright ffmpeg v1011) downloaded to /home/runner/.cache/ms-playwright/ffmpeg-1011
Visual regression	UNKNOWN STEP	2026-09-13T08:34:24.5658406Z Downloading Chrome Headless Shell 153.0.8010.12 (playwright chromium-headless-shell v1243) from https://cdn.playwright.dev/builds/cft/153.0.8010.12/linux64/chrome-headless-shell-linux64.zip
Visual regression	UNKNOWN STEP	2026-09-13T08:34:24.9724014Z |                                                                                |   0% of 114.3 MiB
Visual regression	UNKNOWN STEP	2026-09-13T08:34:25.1720603Z |■■■■■■■■                                                                        |  10% of 114.3 MiB
Visual regression	UNKNOWN STEP	2026-09-13T08:34:25.2829142Z |■■■■■■■■■■■■■■■■                                                                |  20% of 114.3 MiB
Visual regression	UNKNOWN STEP	2026-09-13T08:34:25.3395568Z |■■■■■■■■■■■■■■■■■■■■■■■■                                                        |  30% of 114.3 MiB
Visual regression	UNKNOWN STEP	2026-09-13T08:34:25.3974941Z |■■■■■■■■■■■■■■■■■■■■■■■■■■■■■■■■                                                |  40% of 114.3 MiB
Visual regression	UNKNOWN STEP	2026-09-13T08:34:25.4464802Z |■■■■■■■■■■■■■■■■■■■■■■■■■■■■■■■■■■■■■■■■                                        |  50% of 114.3 MiB
Visual regression	UNKNOWN STEP	2026-09-13T08:34:25.5040062Z |■■■■■■■■■■■■■■■■■■■■■■■■■■■■■■■■■■■■■■■■■■■■■■■■                                |  60% of 114.3 MiB
Visual regression	UNKNOWN STEP	2026-09-13T08:34:25.5697788Z |■■■■■■■■■■■■■■■■■■■■■■■■■■■■■■■■■■■■■■■■■■■■■■■■■■■■■■■■                        |  70% of 114.3 MiB
Visual regression	UNKNOWN STEP	2026-09-13T08:34:25.6179760Z |■■■■■■■■■■■■■■■■■■■■■■■■■■■■■■■■■■■■■■■■■■■■■■■■■■■■■■■■■■■■■■■■                |  80% of 114.3 MiB
Visual regression	UNKNOWN STEP	2026-09-13T08:34:25.6647898Z |■■■■■■■■■■■■■■■■■■■■■■■■■■■■■■■■■■■■■■■■■■■■■■■■■■■■■■■■■■■■■■■■■■■■■■■■        |  90% of 114.3 MiB
Visual regression	UNKNOWN STEP	2026-09-13T08:34:25.7267351Z |■■■■■■■■■■■■■■■■■■■■■■■■■■■■■■■■■■■■■■■■■■■■■■■■■■■■■■■■■■■■■■■■■■■■■■■■■■■■■■■■| 100% of 114.3 MiB
Visual regression	UNKNOWN STEP	2026-09-13T08:34:27.7534270Z Chrome Headless Shell 153.0.8010.12 (playwright chromium-headless-shell v1243) downloaded to /home/runner/.cache/ms-playwright/chromium_headless_shell-1243
Visual regression	UNKNOWN STEP	2026-09-13T08:34:27.7885321Z ##[group]Run npm run test:visual -- --project=chromium
Visual regression	UNKNOWN STEP	2026-09-13T08:34:27.7885822Z ^[[36;1mnpm run test:visual -- --project=chromium^[[0m
Visual regression	UNKNOWN STEP	2026-09-13T08:34:27.7923363Z shell: /usr/bin/bash -e {0}
Visual regression	UNKNOWN STEP	2026-09-13T08:34:27.7923627Z env:
Visual regression	UNKNOWN STEP	2026-09-13T08:34:27.7923830Z   NODE_VERSION: 22
Visual regression	UNKNOWN STEP	2026-09-13T08:34:27.7924052Z ##[endgroup]
Visual regression	UNKNOWN STEP	2026-09-13T08:34:27.8992459Z 
Visual regression	UNKNOWN STEP	2026-09-13T08:34:27.8993221Z > manatuner@2.7.9 test:visual
Visual regression	UNKNOWN STEP	2026-09-13T08:34:27.8994026Z > playwright test --grep '@visual' --project=chromium
Visual regression	UNKNOWN STEP	2026-09-13T08:34:27.8994419Z 
Visual regression	UNKNOWN STEP	2026-09-13T08:34:30.4108136Z 
Visual regression	UNKNOWN STEP	2026-09-13T08:34:30.4108840Z Error: No tests found
Visual regression	UNKNOWN STEP	2026-09-13T08:34:30.4203306Z ##[error]Error: No tests found
Visual regression	UNKNOWN STEP	2026-09-13T08:34:30.4314078Z 
Visual regression	UNKNOWN STEP	2026-09-13T08:34:30.4320065Z 
Visual regression	UNKNOWN STEP	2026-09-13T08:34:30.4709606Z ##[error]Process completed with exit code 1.
Visual regression	UNKNOWN STEP	2026-09-13T08:34:30.4878497Z Node 20 is being deprecated. This workflow is running with Node 24 by default. If you need to temporarily use Node 20, you can set the ACTIONS_ALLOW_USE_UNSECURE_NODE_VERSION=true environment variable. For more information see: https://github.blog/changelog/2025-09-19-deprecation-of-node-20-on-github-actions-runners/
Visual regression	UNKNOWN STEP	2026-09-13T08:34:30.4879969Z Post job cleanup.
Visual regression	UNKNOWN STEP	2026-09-13T08:34:30.5766419Z [command]/usr/bin/git version
Visual regression	UNKNOWN STEP	2026-09-13T08:34:30.5814244Z git version 2.55.0
Visual regression	UNKNOWN STEP	2026-09-13T08:34:30.5861069Z Temporarily overriding HOME='/home/runner/work/_temp/e5c8942f-682b-44d1-bfa8-834323c391e4' before making global git config changes
Visual regression	UNKNOWN STEP	2026-09-13T08:34:30.5863355Z Adding repository directory to the temporary git global config as a safe directory
Visual regression	UNKNOWN STEP	2026-09-13T08:34:30.5867684Z [command]/usr/bin/git config --global --add safe.directory /home/runner/work/manatuner/manatuner
Visual regression	UNKNOWN STEP	2026-09-13T08:34:30.5913030Z [command]/usr/bin/git config --local --name-only --get-regexp core\.sshCommand
Visual regression	UNKNOWN STEP	2026-09-13T08:34:30.5952329Z [command]/usr/bin/git submodule foreach --recursive sh -c "git config --local --name-only --get-regexp 'core\.sshCommand' && git config --local --unset-all 'core.sshCommand' || :"
Visual regression	UNKNOWN STEP	2026-09-13T08:34:30.6228903Z [command]/usr/bin/git config --local --name-only --get-regexp http\.https\:\/\/github\.com\/\.extraheader
Visual regression	UNKNOWN STEP	2026-09-13T08:34:30.6268099Z http.https://github.com/.extraheader
Visual regression	UNKNOWN STEP	2026-09-13T08:34:30.6280896Z [command]/usr/bin/git config --local --unset-all http.https://github.com/.extraheader
Visual regression	UNKNOWN STEP	2026-09-13T08:34:30.6331105Z [command]/usr/bin/git submodule foreach --recursive sh -c "git config --local --name-only --get-regexp 'http\.https\:\/\/github\.com\/\.extraheader' && git config --local --unset-all 'http.https://github.com/.extraheader' || :"
Visual regression	UNKNOWN STEP	2026-09-13T08:34:30.6689553Z [command]/usr/bin/git config --local --name-only --get-regexp ^includeIf\.gitdir:
Visual regression	UNKNOWN STEP	2026-09-13T08:34:30.6763055Z [command]/usr/bin/git submodule foreach --recursive git config --local --show-origin --name-only --get-regexp remote.origin.url
Visual regression	UNKNOWN STEP	2026-09-13T08:34:30.7308630Z Cleaning up orphan processes
Visual regression	UNKNOWN STEP	2026-09-13T08:34:30.7638679Z ##[warning]Node.js 20 is deprecated. The following actions target Node.js 20 but are being forced to run on Node.js 24: actions/checkout@v4, actions/setup-node@v4. For more information see: https://github.blog/changelog/2025-09-19-deprecation-of-node-20-on-github-actions-runners/
